[Connect DataFile][1.1]
Date:;19.02.2026
Time:;16:09:11,170
Unit:;C
Resolution:;0,0125
Values:;7
Time;Hot Spot;ROI;Thermal_Corona;Detector Area;2.0 mm;1.5 mm;1.0 mm;
00:00:00,000;56,1;56,1;35,9;66,4;66,4;59,6;52,2;
00:00:00,012;56,3;56,3;35,8;66,4;66,4;59,7;52,1;
00:00:00,025;56,0;56,0;35,8;66,4;66,4;60,0;52,3;
00:00:00,037;56,1;56,1;35,7;66,3;66,3;59,8;52,4;
00:00:00,050;56,0;56,0;36,0;66,2;66,2;60,1;52,0;
00:00:00,062;56,1;56,1;35,9;66,3;66,3;59,8;51,9;
00:00:00,075;56,0;56,0;35,7;66,7;66,7;60,1;52,4;
00:00:00,087;56,0;56,0;35,7;66,4;66,4;59,9;52,2;
00:00:00,100;56,3;56,3;35,7;66,5;66,5;60,0;52,4;
00:00:00,112;56,2;56,2;35,9;66,4;66,4;59,7;52,4;
00:00:00,125;56,4;56,4;35,7;66,3;66,3;60,0;52,4;
00:00:00,137;55,9;55,9;35,9;66,2;66,2;59,7;52,4;
00:00:00,150;56,0;56,0;35,9;66,4;66,4;59,9;52,3;
00:00:00,162;56,2;56,2;35,9;66,5;66,5;60,0;52,3;
00:00:00,175;56,0;56,0;35,7;66,5;66,5;59,7;52,3;
00:00:00,187;56,0;56,0;35,7;66,4;66,4;59,5;52,0;
00:00:00,200;56,0;56,0;35,7;66,0;66,0;59,7;51,9;
00:00:00,212;56,4;56,4;35,8;66,5;66,5;59,7;52,2;
00:00:00,225;55,9;55,9;35,8;66,6;66,6;59,6;52,2;
00:00:00,237;56,0;56,0;35,9;66,2;66,2;59,6;52,3;
00:00:00,250;56,4;56,4;35,9;66,5;66,5;59,6;52,7;
00:00:00,262;56,2;56,2;36,0;66,4;66,4;59,8;52,5;
00:00:00,275;56,2;56,2;36,0;66,5;66,5;59,8;52,2;
00:00:00,287;56,1;56,1;36,0;66,4;66,4;59,8;52,5;
00:00:00,300;56,4;56,4;35,9;66,7;66,7;60,2;51,9;
00:00:00,312;56,2;56,2;36,0;66,8;66,8;59,8;52,3;
00:00:00,325;56,3;56,3;35,8;66,4;66,4;60,1;52,6;
00:00:00,337;56,5;56,5;36,1;66,7;66,7;59,7;52,4;
00:00:00,350;56,4;56,4;36,0;66,7;66,7;59,6;52,4;
00:00:00,362;56,3;56,3;35,8;66,4;66,4;60,1;52,5;
00:00:00,375;56,4;56,4;36,1;66,6;66,6;59,7;52,3;
00:00:00,387;56,3;56,3;35,9;66,6;66,6;59,6;52,5;
00:00:00,400;56,3;56,3;35,8;66,4;66,4;59,5;52,2;
00:00:00,412;56,3;56,3;35,9;66,4;66,4;59,8;52,4;
00:00:00,425;56,1;56,1;35,8;66,4;66,4;59,7;52,5;
00:00:00,437;56,1;56,1;36,0;66,5;66,5;59,7;52,4;
00:00:00,450;56,0;56,0;35,9;66,5;66,5;59,7;52,4;
00:00:00,462;56,0;56,0;35,8;66,2;66,2;60,2;52,3;
00:00:00,475;56,3;56,3;35,7;65,9;65,9;59,6;52,3;
00:00:00,487;56,1;56,1;35,8;66,7;66,7;59,8;52,7;
00:00:00,500;56,2;56,2;35,9;66,5;66,5;60,1;52,3;
00:00:00,512;56,4;56,4;36,1;66,3;66,3;59,8;52,2;
00:00:00,525;56,4;56,4;35,9;66,6;66,6;59,8;52,3;
00:00:00,537;56,4;56,4;35,9;66,6;66,6;59,8;52,3;
00:00:00,550;56,0;56,0;36,0;66,2;66,2;59,6;52,2;
00:00:00,562;56,3;56,3;36,0;66,3;66,3;59,8;52,4;
00:00:00,575;56,3;56,3;35,9;66,7;66,7;59,9;52,1;
00:00:00,587;56,1;56,1;35,9;66,4;66,4;59,8;52,2;
00:00:00,600;56,4;56,4;35,8;66,4;66,4;59,5;52,2;
00:00:00,612;56,2;56,2;35,9;66,5;66,5;59,8;52,3;
00:00:00,625;56,1;56,1;35,9;66,6;66,6;59,6;51,9;
00:00:00,637;56,3;56,3;35,7;66,2;66,2;59,8;52,2;
00:00:00,650;56,3;56,3;36,0;66,5;66,5;60,1;52,0;
00:00:00,662;56,4;56,4;35,8;66,6;66,6;60,4;52,2;
00:00:00,675;56,3;56,3;35,9;66,3;66,3;60,0;52,0;
00:00:00,687;56,1;56,1;35,9;66,7;66,7;60,0;52,2;
00:00:00,700;56,3;56,3;35,8;66,4;66,4;60,0;52,3;
00:00:00,712;56,4;56,4;35,9;66,0;66,0;59,8;52,2;
00:00:00,725;56,2;56,2;36,0;67,0;67,0;59,7;52,3;
00:00:00,737;56,3;56,3;36,1;66,2;66,2;60,0;52,3;
00:00:00,750;56,0;56,0;35,9;66,7;66,7;59,7;52,2;
00:00:00,762;56,4;56,4;35,9;66,6;66,6;60,0;52,4;
00:00:00,775;56,2;56,2;36,0;66,7;66,7;60,0;52,4;
00:00:00,787;56,3;56,3;36,0;66,6;66,6;59,8;52,5;
00:00:00,800;56,2;56,2;36,1;66,5;66,5;59,9;52,3;
00:00:00,812;56,0;56,0;36,2;66,7;66,7;59,8;52,2;
00:00:00,825;56,3;56,3;36,0;66,2;66,2;60,0;52,2;
00:00:00,837;56,4;56,4;36,0;66,7;66,7;60,2;52,3;
00:00:00,850;56,4;56,4;36,2;66,4;66,4;60,0;52,3;
00:00:00,862;56,3;56,3;36,0;66,6;66,6;60,2;52,2;
00:00:00,875;56,2;56,2;35,9;66,4;66,4;60,0;52,3;
00:00:00,887;56,0;56,0;35,9;66,8;66,8;59,6;52,4;
00:00:00,900;56,2;56,2;36,0;66,4;66,4;59,7;52,3;
00:00:00,912;56,6;56,6;35,9;66,4;66,4;59,9;52,3;
00:00:00,925;56,4;56,4;35,9;66,4;66,4;60,0;52,4;
00:00:00,937;56,4;56,4;36,0;66,5;66,5;59,7;52,4;
00:00:00,950;56,2;56,2;36,3;66,2;66,2;59,8;52,4;
00:00:00,962;56,4;56,4;35,9;66,8;66,8;59,8;52,4;
00:00:00,975;56,3;56,3;36,1;66,4;66,4;59,5;52,1;
00:00:00,987;56,3;56,3;36,0;66,7;66,7;59,6;52,5;
00:00:01,000;56,4;56,4;35,9;66,4;66,4;60,1;52,4;
00:00:01,012;56,4;56,4;35,9;66,4;66,4;60,1;52,4;
00:00:01,025;56,2;56,2;35,8;66,2;66,2;59,7;52,4;
00:00:01,037;56,4;56,4;36,0;66,5;66,5;60,0;52,3;
00:00:01,050;56,4;56,4;35,8;66,6;66,6;59,5;52,4;
00:00:01,062;56,2;56,2;35,9;66,6;66,6;59,7;52,0;
00:00:01,075;56,2;56,2;35,9;66,6;66,6;59,7;52,0;
00:00:01,087;56,1;56,1;36,2;66,5;66,5;60,0;52,3;
00:00:01,100;56,4;56,4;35,9;66,4;66,4;59,6;52,2;
00:00:01,112;56,1;56,1;36,0;66,3;66,3;60,0;52,0;
00:00:01,125;56,1;56,1;35,7;66,2;66,2;60,2;52,1;
00:00:01,137;56,1;56,1;35,7;66,2;66,2;60,2;52,1;
00:00:01,150;56,2;56,2;35,9;66,4;66,4;60,1;52,4;
00:00:01,162;56,2;56,2;35,9;66,6;66,6;60,1;52,2;
00:00:01,175;56,3;56,3;35,9;66,0;66,0;59,7;52,2;
00:00:01,187;56,3;56,3;35,9;66,3;66,3;60,0;52,4;
00:00:01,200;56,2;56,2;36,0;66,5;66,5;60,0;52,1;
00:00:01,212;55,9;55,9;35,7;66,4;66,4;60,1;52,3;
00:00:01,225;56,1;56,1;35,9;66,5;66,5;59,7;52,5;
00:00:01,237;56,1;56,1;36,2;66,4;66,4;59,8;52,3;
00:00:01,250;56,0;56,0;35,7;66,4;66,4;59,8;52,3;
00:00:01,262;56,3;56,3;35,8;66,5;66,5;59,8;52,2;
00:00:01,275;56,0;56,0;36,0;66,3;66,3;60,1;52,4;
00:00:01,287;56,4;56,4;36,1;66,2;66,2;59,9;52,4;
00:00:01,300;56,3;56,3;35,9;66,4;66,4;59,7;52,4;
00:00:01,312;56,2;56,2;35,9;66,4;66,4;59,7;52,3;
00:00:01,325;55,9;55,9;35,7;66,4;66,4;59,8;52,2;
00:00:01,337;55,7;55,7;35,9;66,2;66,2;59,4;52,2;
00:00:01,350;55,9;55,9;35,9;66,2;66,2;59,2;52,4;
00:00:01,362;55,9;55,9;35,8;66,2;66,2;59,6;52,2;
00:00:01,375;56,0;56,0;35,6;66,4;66,4;59,6;51,6;
00:00:01,387;55,8;55,8;35,4;66,1;66,1;59,6;52,2;
00:00:01,400;55,7;55,7;35,9;66,3;66,3;59,7;52,1;
00:00:01,412;55,8;55,8;35,4;66,2;66,2;59,6;52,1;
00:00:01,425;55,6;55,6;35,5;66,0;66,0;59,4;52,0;
00:00:01,437;56,1;56,1;35,7;66,2;66,2;59,5;52,2;
00:00:01,450;56,1;56,1;35,2;66,2;66,2;59,2;52,3;
00:00:01,462;55,9;55,9;35,5;65,9;65,9;59,7;51,9;
00:00:01,475;55,9;55,9;35,6;66,2;66,2;59,7;51,9;
00:00:01,487;56,0;56,0;35,4;66,2;66,2;59,4;52,1;
00:00:01,500;55,8;55,8;35,5;66,1;66,1;59,5;52,0;
00:00:01,512;55,9;55,9;35,7;66,1;66,1;59,6;52,0;
00:00:01,525;55,8;55,8;35,7;66,7;66,7;59,8;52,3;
00:00:01,537;56,0;56,0;35,6;66,3;66,3;59,5;52,0;
00:00:01,550;55,8;55,8;35,4;66,2;66,2;59,2;52,0;
00:00:01,562;55,9;55,9;35,5;66,5;66,5;59,6;51,9;
00:00:01,575;56,3;56,3;35,4;66,0;66,0;59,5;52,0;
00:00:01,587;56,3;56,3;35,7;66,0;66,0;59,5;52,2;
00:00:01,600;56,3;56,3;35,3;66,2;66,2;59,4;52,1;
00:00:01,612;56,3;56,3;35,6;66,5;66,5;59,7;51,9;
00:00:01,625;56,0;56,0;35,5;66,3;66,3;59,9;52,2;
00:00:01,637;55,7;55,7;35,5;66,0;66,0;59,9;51,5;
00:00:01,650;55,7;55,7;35,5;66,0;66,0;59,9;51,5;
00:00:01,662;55,7;55,7;35,5;66,0;66,0;59,9;51,5;
00:00:01,675;55,7;55,7;35,5;66,0;66,0;59,9;51,5;
00:00:01,687;55,7;55,7;35,5;66,0;66,0;59,9;51,5;
00:00:01,700;55,7;55,7;35,5;66,0;66,0;59,9;51,5;
00:00:01,712;55,7;55,7;35,5;66,0;66,0;59,9;51,5;
00:00:01,725;55,7;55,7;35,5;66,0;66,0;59,9;51,5;
00:00:01,737;55,7;55,7;35,5;66,0;66,0;59,9;51,5;
00:00:01,750;55,7;55,7;35,5;66,0;66,0;59,9;51,5;
00:00:01,762;55,7;55,7;35,5;66,0;66,0;59,9;51,5;
00:00:01,775;55,7;55,7;35,5;66,0;66,0;59,9;51,5;
00:00:01,787;55,7;55,7;35,5;66,0;66,0;59,9;51,5;
00:00:01,800;55,7;55,7;35,5;66,0;66,0;59,9;51,5;
00:00:01,812;55,7;55,7;35,5;66,0;66,0;59,9;51,5;
00:00:01,825;55,7;55,7;35,5;66,0;66,0;59,9;51,5;
00:00:01,837;55,7;55,7;35,5;66,0;66,0;59,9;51,5;
00:00:01,850;55,7;55,7;35,5;66,0;66,0;59,9;51,5;
00:00:01,862;55,7;55,7;35,5;66,0;66,0;59,9;51,5;
00:00:01,875;55,7;55,7;35,5;66,0;66,0;59,9;51,5;
00:00:01,887;55,7;55,7;35,5;66,0;66,0;59,9;51,5;
00:00:01,900;55,7;55,7;35,5;66,0;66,0;59,9;51,5;
00:00:01,912;55,7;55,7;35,5;66,0;66,0;59,9;51,5;
00:00:01,925;55,7;55,7;35,5;66,0;66,0;59,9;51,5;
00:00:01,937;55,7;55,7;35,5;66,0;66,0;59,9;51,5;
00:00:01,950;55,7;55,7;35,5;66,0;66,0;59,9;51,5;
00:00:01,962;55,7;55,7;35,5;66,0;66,0;59,9;51,5;
00:00:01,975;55,7;55,7;35,5;66,0;66,0;59,9;51,5;
00:00:01,987;55,7;55,7;35,5;66,0;66,0;59,9;51,5;
00:00:02,000;55,7;55,7;35,5;66,0;66,0;59,9;51,5;
00:00:02,012;55,7;55,7;35,5;66,0;66,0;59,9;51,5;
00:00:02,025;55,7;55,7;35,5;66,0;66,0;59,9;51,5;
00:00:02,037;55,7;55,7;35,5;66,0;66,0;59,9;51,5;
00:00:02,050;56,0;56,0;35,7;66,6;66,6;59,8;52,0;
00:00:02,062;56,1;56,1;35,8;66,6;66,6;59,7;52,3;
00:00:02,075;56,0;56,0;35,7;66,5;66,5;59,8;52,2;
00:00:02,087;56,0;56,0;35,7;66,5;66,5;59,8;52,2;
00:00:02,100;56,3;56,3;35,7;66,5;66,5;59,4;52,4;
00:00:02,112;56,3;56,3;35,6;66,6;66,6;59,4;52,1;
00:00:02,125;56,3;56,3;35,4;66,5;66,5;60,1;51,9;
00:00:02,137;56,6;56,6;35,7;66,5;66,5;59,7;52,0;
00:00:02,150;56,6;56,6;35,7;66,5;66,5;59,7;52,0;
00:00:02,162;56,3;56,3;35,8;66,4;66,4;60,1;52,3;
00:00:02,175;55,8;55,8;35,7;66,6;66,6;59,7;52,3;
00:00:02,187;55,9;55,9;35,5;66,2;66,2;60,0;51,8;
00:00:02,200;56,1;56,1;35,5;66,5;66,5;60,2;52,4;
00:00:02,212;56,1;56,1;35,5;66,5;66,5;60,2;52,4;
00:00:02,225;56,0;56,0;35,3;66,4;66,4;59,6;52,2;
00:00:02,237;56,0;56,0;35,6;66,9;66,9;59,6;51,8;
00:00:02,250;56,0;56,0;35,9;66,5;66,5;59,6;52,3;
00:00:02,262;55,9;55,9;35,6;66,4;66,4;59,8;52,1;
00:00:02,275;55,9;55,9;35,6;66,4;66,4;59,8;52,1;
00:00:02,287;56,0;56,0;36,0;66,6;66,6;59,7;52,1;
00:00:02,300;55,9;55,9;35,7;66,7;66,7;59,7;52,2;
00:00:02,312;56,0;56,0;35,9;66,3;66,3;59,6;52,2;
00:00:02,325;55,9;55,9;35,7;66,1;66,1;59,9;52,0;
00:00:02,337;55,9;55,9;35,7;66,1;66,1;59,9;52,0;
00:00:02,350;56,2;56,2;35,6;66,2;66,2;59,8;52,1;
00:00:02,362;56,1;56,1;35,7;66,2;66,2;59,8;52,2;
00:00:02,375;56,0;56,0;35,9;66,8;66,8;60,0;52,0;
00:00:02,387;56,1;56,1;35,7;66,4;66,4;60,1;52,0;
00:00:02,400;56,3;56,3;35,7;66,5;66,5;60,0;52,3;
00:00:02,412;56,3;56,3;36,0;66,7;66,7;60,0;52,0;
00:00:02,425;55,9;55,9;35,7;66,4;66,4;60,1;52,3;
00:00:02,437;56,1;56,1;35,8;66,9;66,9;60,1;52,4;
00:00:02,450;56,3;56,3;35,9;66,5;66,5;59,8;52,3;
00:00:02,462;56,0;56,0;35,9;66,4;66,4;59,7;52,3;
00:00:02,475;56,4;56,4;36,1;66,7;66,7;60,0;52,3;
00:00:02,487;56,4;56,4;35,8;66,7;66,7;60,0;52,1;
00:00:02,500;56,2;56,2;35,9;66,5;66,5;60,2;51,8;
00:00:02,512;56,0;56,0;35,9;66,6;66,6;60,1;52,4;
00:00:02,525;56,7;56,7;35,9;66,5;66,5;59,9;52,3;
00:00:02,537;56,4;56,4;35,8;66,2;66,2;60,0;52,2;
00:00:02,550;56,4;56,4;35,5;66,7;66,7;59,6;52,2;
00:00:02,562;56,2;56,2;36,0;66,2;66,2;60,1;52,3;
00:00:02,575;56,4;56,4;35,8;66,7;66,7;60,2;52,3;
00:00:02,587;56,4;56,4;35,6;66,2;66,2;60,0;52,2;
00:00:02,600;56,0;56,0;35,6;66,5;66,5;59,7;52,3;
00:00:02,612;56,0;56,0;35,7;66,5;66,5;60,0;52,0;
00:00:02,625;56,0;56,0;35,8;66,2;66,2;60,0;52,3;
00:00:02,637;56,3;56,3;35,8;66,2;66,2;59,8;52,2;
00:00:02,650;56,5;56,5;35,7;66,7;66,7;60,1;52,1;
00:00:02,662;56,4;56,4;35,8;66,9;66,9;59,7;51,9;
00:00:02,675;55,9;55,9;36,1;66,6;66,6;60,0;52,2;
00:00:02,687;56,2;56,2;35,6;66,2;66,2;59,7;52,3;
00:00:02,700;56,4;56,4;35,9;66,5;66,5;59,8;52,2;
00:00:02,712;56,5;56,5;35,7;66,7;66,7;59,8;52,2;
00:00:02,725;56,7;56,7;36,2;66,7;66,7;60,0;52,2;
00:00:02,737;56,2;56,2;35,8;66,5;66,5;59,5;52,0;
00:00:02,750;56,1;56,1;35,7;66,5;66,5;59,8;52,2;
00:00:02,762;56,5;56,5;35,9;66,5;66,5;59,7;52,2;
00:00:02,775;56,1;56,1;35,9;66,7;66,7;59,7;52,0;
00:00:02,787;56,5;56,5;35,7;66,7;66,7;59,7;52,4;
00:00:02,800;56,4;56,4;35,7;66,6;66,6;59,9;52,3;
00:00:02,812;56,6;56,6;36,0;66,9;66,9;59,7;52,2;
00:00:02,825;56,1;56,1;36,0;66,4;66,4;60,0;52,5;
00:00:02,837;56,3;56,3;35,9;66,4;66,4;60,0;52,0;
00:00:02,850;56,5;56,5;36,0;66,7;66,7;60,0;52,2;
00:00:02,862;56,0;56,0;35,9;66,5;66,5;59,8;52,1;
00:00:02,875;56,0;56,0;35,7;66,6;66,6;59,8;52,4;
00:00:02,887;56,4;56,4;35,8;66,4;66,4;59,6;52,2;
00:00:02,900;56,0;56,0;35,8;66,1;66,1;59,6;52,3;
00:00:02,912;56,4;56,4;36,1;66,3;66,3;59,8;52,4;
00:00:02,925;56,5;56,5;36,0;66,5;66,5;60,5;52,2;
00:00:02,937;56,4;56,4;36,0;66,8;66,8;59,8;52,2;
00:00:02,950;56,2;56,2;35,9;66,5;66,5;60,0;52,0;
00:00:02,962;56,1;56,1;36,0;66,8;66,8;60,1;52,1;
00:00:02,975;56,4;56,4;35,8;66,5;66,5;60,0;52,2;
00:00:02,987;56,4;56,4;36,0;66,4;66,4;59,7;52,2;
00:00:03,000;56,4;56,4;35,7;66,5;66,5;59,9;52,2;
00:00:03,012;56,0;56,0;36,0;66,7;66,7;60,2;52,3;
00:00:03,025;56,4;56,4;35,7;66,5;66,5;60,1;52,2;
00:00:03,037;56,0;56,0;36,0;66,7;66,7;60,2;52,2;
00:00:03,050;56,6;56,6;35,7;66,2;66,2;59,6;51,9;
00:00:03,062;56,1;56,1;35,9;66,7;66,7;60,1;52,2;
00:00:03,075;56,3;56,3;35,9;66,8;66,8;60,2;52,3;
00:00:03,087;56,3;56,3;36,0;66,4;66,4;60,2;52,4;
00:00:03,100;56,4;56,4;35,9;66,7;66,7;60,0;52,2;
00:00:03,112;56,1;56,1;35,8;66,6;66,6;60,2;52,0;
00:00:03,125;56,2;56,2;36,0;66,6;66,6;60,0;52,3;
00:00:03,137;56,3;56,3;35,7;66,5;66,5;60,1;51,9;
00:00:03,150;56,0;56,0;35,9;66,4;66,4;60,1;52,3;
00:00:03,162;56,4;56,4;35,9;66,8;66,8;59,9;52,3;
00:00:03,175;56,6;56,6;35,8;66,2;66,2;59,7;52,2;
00:00:03,187;56,3;56,3;35,9;66,7;66,7;60,0;52,4;
00:00:03,200;56,3;56,3;35,7;67,0;67,0;60,2;52,2;
00:00:03,212;56,0;56,0;35,8;66,4;66,4;59,8;52,3;
00:00:03,225;56,1;56,1;35,8;66,5;66,5;60,3;52,3;
00:00:03,237;56,4;56,4;36,0;66,7;66,7;60,2;52,3;
00:00:03,250;56,4;56,4;35,9;66,8;66,8;60,4;52,2;
00:00:03,262;56,1;56,1;35,8;66,8;66,8;59,6;52,3;
00:00:03,275;56,0;56,0;35,8;66,9;66,9;60,4;52,4;
00:00:03,287;56,4;56,4;35,6;66,4;66,4;60,4;52,3;
00:00:03,300;56,2;56,2;35,9;66,6;66,6;60,0;52,4;
00:00:03,312;56,1;56,1;35,8;66,4;66,4;60,1;52,3;
00:00:03,325;56,0;56,0;35,9;67,0;67,0;60,2;52,2;
00:00:03,337;56,4;56,4;36,0;66,8;66,8;60,0;52,1;
00:00:03,350;56,0;56,0;36,1;66,7;66,7;60,1;52,0;
00:00:03,362;56,3;56,3;35,9;66,6;66,6;59,9;52,2;
00:00:03,375;56,4;56,4;35,9;66,6;66,6;59,9;52,0;
00:00:03,387;56,4;56,4;35,7;66,7;66,7;60,0;52,0;
00:00:03,400;56,6;56,6;35,8;66,5;66,5;60,0;51,8;
00:00:03,412;56,3;56,3;35,7;66,5;66,5;59,8;52,1;
00:00:03,425;56,3;56,3;35,8;66,2;66,2;60,0;52,4;
00:00:03,437;56,1;56,1;35,8;66,5;66,5;60,1;52,2;
00:00:03,450;56,1;56,1;35,8;66,3;66,3;59,8;52,2;
00:00:03,462;56,4;56,4;36,0;66,5;66,5;60,0;52,3;
00:00:03,475;56,3;56,3;36,2;66,5;66,5;59,8;52,3;
00:00:03,487;56,3;56,3;35,8;66,6;66,6;59,8;51,9;
00:00:03,500;56,5;56,5;35,9;66,8;66,8;60,1;52,2;
00:00:03,512;56,2;56,2;35,8;67,1;67,1;59,8;52,0;
00:00:03,525;56,4;56,4;35,7;66,4;66,4;60,0;52,1;
00:00:03,537;56,0;56,0;35,7;66,4;66,4;60,0;52,2;
00:00:03,550;56,5;56,5;35,7;67,0;67,0;59,8;51,9;
00:00:03,562;56,5;56,5;35,8;66,6;66,6;59,7;52,4;
00:00:03,575;56,4;56,4;35,7;66,2;66,2;59,7;52,4;
00:00:03,587;56,7;56,7;35,9;66,5;66,5;59,8;52,5;
00:00:03,600;56,6;56,6;35,9;66,6;66,6;59,8;52,3;
00:00:03,612;56,2;56,2;35,8;66,7;66,7;60,1;52,3;
00:00:03,625;56,2;56,2;35,7;67,0;67,0;60,5;52,3;
00:00:03,637;56,3;56,3;35,9;66,7;66,7;60,1;51,9;
00:00:03,650;56,4;56,4;36,0;66,3;66,3;60,0;52,0;
00:00:03,662;56,3;56,3;35,9;66,5;66,5;59,9;51,8;
00:00:03,675;56,4;56,4;35,8;66,7;66,7;60,0;52,2;
00:00:03,687;56,9;56,9;35,9;66,7;66,7;60,0;52,2;
00:00:03,700;56,3;56,3;36,0;66,8;66,8;59,8;52,0;
00:00:03,712;56,2;56,2;35,8;66,4;66,4;60,2;52,5;
00:00:03,725;56,3;56,3;35,8;66,5;66,5;60,0;52,1;
00:00:03,737;56,4;56,4;35,8;66,7;66,7;60,1;52,6;
00:00:03,750;56,6;56,6;35,9;66,7;66,7;59,8;52,3;
00:00:03,762;56,4;56,4;35,9;66,4;66,4;60,1;52,4;
00:00:03,775;56,3;56,3;35,9;66,7;66,7;59,8;52,3;
00:00:03,787;56,3;56,3;35,9;66,4;66,4;60,0;52,1;
00:00:03,800;56,1;56,1;35,9;66,4;66,4;59,9;52,5;
00:00:03,812;56,4;56,4;35,7;66,5;66,5;59,7;52,0;
00:00:03,825;56,4;56,4;35,6;66,2;66,2;59,9;52,3;
00:00:03,837;56,4;56,4;35,7;66,7;66,7;59,8;52,3;
00:00:03,850;56,4;56,4;35,7;66,4;66,4;59,7;52,2;
00:00:03,862;56,0;56,0;35,7;66,5;66,5;60,1;52,3;
00:00:03,875;56,4;56,4;35,9;67,0;67,0;60,2;52,2;
00:00:03,887;56,7;56,7;35,9;66,5;66,5;60,1;52,2;
00:00:03,900;56,6;56,6;35,9;66,7;66,7;60,0;52,2;
00:00:03,912;56,3;56,3;36,0;66,8;66,8;60,2;52,4;
00:00:03,925;56,7;56,7;36,0;66,8;66,8;60,2;52,3;
00:00:03,937;56,3;56,3;36,0;66,4;66,4;59,9;52,3;
00:00:03,950;56,4;56,4;36,0;66,5;66,5;60,2;52,4;
00:00:03,962;56,4;56,4;36,0;67,0;67,0;60,1;52,4;
00:00:03,975;56,6;56,6;36,2;66,5;66,5;60,2;52,4;
00:00:03,987;56,3;56,3;35,9;66,6;66,6;60,0;52,4;
00:00:04,000;56,4;56,4;36,0;66,9;66,9;60,1;52,5;
00:00:04,012;56,9;56,9;36,4;66,8;66,8;60,4;52,2;
00:00:04,025;56,8;56,8;36,2;66,8;66,8;60,5;52,2;
00:00:04,037;56,5;56,5;36,2;67,0;67,0;60,6;52,2;
00:00:04,050;56,5;56,5;36,2;67,0;67,0;60,6;52,2;
00:00:04,062;56,3;56,3;36,4;66,7;66,7;60,4;52,4;
00:00:04,075;56,8;56,8;36,3;67,1;67,1;60,0;52,6;
00:00:04,087;56,5;56,5;36,4;67,0;67,0;60,4;52,7;
00:00:04,100;56,4;56,4;36,0;66,7;66,7;60,2;52,8;
00:00:04,112;56,4;56,4;36,0;66,7;66,7;60,2;52,8;
00:00:04,125;56,6;56,6;36,1;66,8;66,8;60,2;52,8;
00:00:04,137;56,3;56,3;36,2;66,6;66,6;60,3;52,3;
00:00:04,150;56,8;56,8;36,4;67,0;67,0;60,3;52,3;
00:00:04,162;56,5;56,5;36,0;66,7;66,7;60,4;52,5;
00:00:04,175;56,5;56,5;36,0;66,7;66,7;60,4;52,5;
00:00:04,187;56,4;56,4;35,8;66,2;66,2;60,3;52,3;
00:00:04,200;56,5;56,5;35,9;66,4;66,4;60,2;52,8;
00:00:04,212;56,3;56,3;36,0;66,4;66,4;60,0;52,2;
00:00:04,225;56,5;56,5;36,0;66,8;66,8;60,0;52,7;
00:00:04,237;56,5;56,5;36,0;66,8;66,8;60,0;52,7;
00:00:04,250;56,4;56,4;35,7;66,6;66,6;60,0;52,2;
00:00:04,262;56,0;56,0;35,7;66,3;66,3;60,4;52,0;
00:00:04,275;56,4;56,4;36,0;66,5;66,5;60,5;52,2;
00:00:04,287;56,1;56,1;35,9;66,5;66,5;59,9;52,2;
00:00:04,300;56,1;56,1;35,9;66,5;66,5;59,9;52,2;
00:00:04,312;56,3;56,3;35,8;66,7;66,7;60,2;52,1;
00:00:04,325;56,3;56,3;36,0;66,7;66,7;60,0;52,2;
00:00:04,337;56,4;56,4;35,8;66,6;66,6;60,3;52,3;
00:00:04,350;56,4;56,4;35,8;66,8;66,8;60,1;52,0;
00:00:04,362;56,4;56,4;35,8;66,8;66,8;60,1;52,0;
00:00:04,375;56,0;56,0;35,9;66,4;66,4;60,2;52,1;
00:00:04,387;56,1;56,1;35,7;66,5;66,5;59,8;52,3;
00:00:04,400;56,1;56,1;35,9;66,9;66,9;60,2;52,2;
00:00:04,412;56,6;56,6;35,8;66,5;66,5;60,0;52,2;
00:00:04,425;56,6;56,6;35,8;66,5;66,5;60,0;52,2;
00:00:04,437;56,3;56,3;35,9;66,4;66,4;60,2;52,1;
00:00:04,450;56,3;56,3;35,8;67,0;67,0;60,4;52,2;
00:00:04,462;56,6;56,6;35,9;66,7;66,7;60,0;52,4;
00:00:04,475;56,2;56,2;35,9;66,8;66,8;59,7;52,3;
00:00:04,487;56,2;56,2;35,9;66,8;66,8;59,7;52,3;
00:00:04,500;56,0;56,0;35,9;66,7;66,7;59,8;52,2;
00:00:04,512;56,2;56,2;35,8;66,7;66,7;60,2;52,3;
00:00:04,525;56,3;56,3;35,8;66,7;66,7;60,2;52,4;
00:00:04,537;56,3;56,3;36,0;66,8;66,8;60,0;52,4;
00:00:04,550;56,3;56,3;36,0;66,8;66,8;60,0;52,4;
00:00:04,562;56,2;56,2;35,8;66,7;66,7;60,2;52,2;
00:00:04,575;55,9;55,9;35,7;66,4;66,4;60,4;52,3;
00:00:04,587;56,3;56,3;35,8;66,5;66,5;60,0;52,2;
00:00:04,600;56,1;56,1;36,0;66,7;66,7;60,2;52,4;
00:00:04,612;56,1;56,1;36,0;66,7;66,7;60,2;52,4;
00:00:04,625;56,4;56,4;36,0;66,4;66,4;59,7;52,0;
00:00:04,637;56,2;56,2;36,1;66,6;66,6;60,2;52,2;
00:00:04,650;56,4;56,4;35,9;66,6;66,6;59,7;52,7;
00:00:04,662;56,5;56,5;35,8;66,7;66,7;60,1;52,3;
00:00:04,675;56,5;56,5;35,8;66,7;66,7;60,1;52,3;
00:00:04,687;56,4;56,4;35,9;66,7;66,7;60,1;52,4;
00:00:04,700;56,4;56,4;36,0;66,4;66,4;60,1;52,5;
00:00:04,712;56,0;56,0;35,8;66,9;66,9;60,3;52,4;
00:00:04,725;56,3;56,3;35,7;66,7;66,7;60,0;52,2;
00:00:04,737;56,3;56,3;35,7;66,7;66,7;60,0;52,2;
00:00:04,750;56,6;56,6;35,9;66,7;66,7;60,0;52,4;
00:00:04,762;56,5;56,5;35,7;66,6;66,6;60,0;52,3;
00:00:04,775;56,1;56,1;35,9;66,5;66,5;59,8;52,3;
00:00:04,787;56,0;56,0;36,0;66,7;66,7;60,4;52,2;
00:00:04,800;56,4;56,4;35,9;66,4;66,4;60,2;52,2;
00:00:04,812;56,3;56,3;35,9;66,9;66,9;60,0;52,1;
00:00:04,825;56,3;56,3;35,8;66,7;66,7;59,9;52,3;
00:00:04,837;56,4;56,4;35,9;66,7;66,7;60,2;52,2;
00:00:04,850;56,3;56,3;35,9;66,8;66,8;59,8;52,1;
00:00:04,862;56,4;56,4;35,8;66,7;66,7;60,1;52,2;
00:00:04,875;55,9;55,9;35,7;66,4;66,4;60,1;52,1;
00:00:04,887;56,2;56,2;35,8;66,6;66,6;60,3;52,4;
00:00:04,900;56,0;56,0;35,9;66,7;66,7;60,1;52,5;
00:00:04,912;56,0;56,0;35,9;66,8;66,8;60,0;52,3;
00:00:04,925;56,2;56,2;35,7;66,2;66,2;60,2;52,1;
00:00:04,937;56,3;56,3;35,8;66,6;66,6;60,0;52,1;
00:00:04,950;56,0;56,0;35,7;66,5;66,5;60,0;52,3;
00:00:04,962;56,3;56,3;35,7;66,7;66,7;60,2;52,0;
00:00:04,975;56,0;56,0;36,0;66,7;66,7;60,3;52,2;
00:00:04,987;56,2;56,2;35,8;66,7;66,7;60,2;52,0;
00:00:05,000;56,3;56,3;35,9;66,5;66,5;59,3;52,3;
00:00:05,012;56,4;56,4;35,7;66,4;66,4;60,2;52,0;
00:00:05,025;55,9;55,9;35,7;66,8;66,8;59,8;52,2;
00:00:05,037;56,2;56,2;35,7;66,7;66,7;60,0;51,9;
00:00:05,050;56,4;56,4;35,7;66,7;66,7;60,2;52,1;
00:00:05,062;56,4;56,4;35,7;66,4;66,4;60,1;52,3;
00:00:05,075;56,5;56,5;35,7;66,5;66,5;59,7;52,0;
00:00:05,087;56,0;56,0;35,7;66,5;66,5;59,8;52,1;
00:00:05,100;56,5;56,5;35,7;66,5;66,5;60,1;52,2;
00:00:05,112;56,3;56,3;35,8;66,2;66,2;59,7;52,1;
00:00:05,125;56,1;56,1;35,7;66,5;66,5;59,9;52,3;
00:00:05,137;56,1;56,1;35,7;66,8;66,8;60,1;51,8;
00:00:05,150;56,3;56,3;35,7;66,7;66,7;59,9;52,4;
00:00:05,162;56,5;56,5;35,9;66,8;66,8;60,0;52,0;
00:00:05,175;56,3;56,3;35,7;66,3;66,3;60,0;52,4;
00:00:05,187;56,3;56,3;35,8;66,8;66,8;60,2;52,2;
00:00:05,200;56,2;56,2;35,6;66,7;66,7;60,1;52,3;
00:00:05,212;56,5;56,5;35,7;66,7;66,7;60,1;52,5;
00:00:05,225;56,2;56,2;35,7;66,7;66,7;59,6;52,3;
00:00:05,237;56,3;56,3;35,7;66,4;66,4;60,0;52,1;
00:00:05,250;56,2;56,2;35,7;66,6;66,6;60,4;52,2;
00:00:05,262;56,3;56,3;35,7;66,4;66,4;59,7;52,0;
00:00:05,275;56,3;56,3;35,7;66,2;66,2;59,8;51,9;
00:00:05,287;56,4;56,4;35,6;66,6;66,6;60,2;52,3;
00:00:05,300;56,1;56,1;36,0;66,4;66,4;59,9;52,5;
00:00:05,312;56,6;56,6;35,6;66,5;66,5;60,0;51,9;
00:00:05,325;56,4;56,4;35,8;66,7;66,7;59,8;52,0;
00:00:05,337;56,3;56,3;35,7;66,5;66,5;59,9;52,1;
00:00:05,350;56,3;56,3;35,8;66,6;66,6;60,1;52,3;
00:00:05,362;56,0;56,0;35,7;66,7;66,7;59,7;52,2;
00:00:05,375;56,5;56,5;35,7;66,4;66,4;59,8;52,4;
00:00:05,387;56,0;56,0;35,7;67,0;67,0;60,2;52,4;
00:00:05,400;56,3;56,3;35,7;66,5;66,5;60,3;52,1;
00:00:05,412;56,4;56,4;35,6;66,6;66,6;60,2;52,1;
00:00:05,425;56,3;56,3;35,9;66,8;66,8;59,8;52,2;
00:00:05,437;56,3;56,3;35,8;66,4;66,4;60,2;52,2;
00:00:05,450;56,4;56,4;35,8;66,5;66,5;60,1;52,4;
00:00:05,462;56,4;56,4;35,7;66,6;66,6;60,0;52,4;
00:00:05,475;56,5;56,5;35,7;66,4;66,4;60,4;52,2;
00:00:05,487;56,1;56,1;35,7;66,5;66,5;59,9;52,5;
00:00:05,500;56,2;56,2;35,8;66,2;66,2;60,0;52,2;
00:00:05,512;56,3;56,3;35,7;66,2;66,2;60,0;51,8;
00:00:05,525;56,2;56,2;35,7;66,4;66,4;59,9;52,3;
00:00:05,537;56,5;56,5;36,0;66,6;66,6;60,1;52,2;
00:00:05,550;56,5;56,5;35,8;66,5;66,5;60,0;52,1;
00:00:05,562;56,3;56,3;35,9;66,5;66,5;60,0;52,1;
00:00:05,575;56,4;56,4;35,7;66,7;66,7;60,1;52,4;
00:00:05,587;55,9;55,9;35,6;66,2;66,2;60,3;52,2;
00:00:05,600;56,1;56,1;35,9;66,7;66,7;60,0;52,2;
00:00:05,612;56,4;56,4;35,7;66,7;66,7;60,1;52,5;
00:00:05,625;55,9;55,9;35,9;66,8;66,8;60,0;52,5;
00:00:05,637;56,5;56,5;35,8;66,5;66,5;59,7;52,4;
00:00:05,650;56,4;56,4;35,9;66,5;66,5;60,1;52,2;
00:00:05,662;56,5;56,5;35,9;66,9;66,9;60,2;52,2;
00:00:05,675;56,4;56,4;35,9;66,7;66,7;60,1;52,1;
00:00:05,687;56,3;56,3;35,9;66,5;66,5;60,5;52,2;
00:00:05,700;56,3;56,3;35,7;66,2;66,2;60,0;52,0;
00:00:05,712;56,0;56,0;35,5;66,8;66,8;60,0;51,9;
00:00:05,725;56,3;56,3;35,7;66,6;66,6;60,0;52,3;
00:00:05,737;56,2;56,2;35,8;66,5;66,5;60,2;52,2;
00:00:05,750;56,4;56,4;35,8;66,5;66,5;59,9;51,9;
00:00:05,762;56,3;56,3;35,9;66,4;66,4;59,8;52,2;
00:00:05,775;56,1;56,1;35,7;66,5;66,5;59,7;52,4;
00:00:05,787;56,3;56,3;35,7;66,8;66,8;60,4;52,1;
00:00:05,800;56,3;56,3;35,8;66,6;66,6;60,0;52,1;
00:00:05,812;56,5;56,5;35,7;66,2;66,2;59,7;52,0;
00:00:05,825;56,0;56,0;35,7;66,3;66,3;60,2;52,2;
00:00:05,837;56,6;56,6;35,7;66,8;66,8;60,2;52,7;
00:00:05,850;55,8;55,8;35,6;66,7;66,7;60,1;52,3;
00:00:05,862;55,8;55,8;35,7;66,7;66,7;60,2;52,0;
00:00:05,875;56,2;56,2;35,7;66,7;66,7;60,0;52,2;
00:00:05,887;56,2;56,2;35,9;66,4;66,4;60,3;52,3;
00:00:05,900;56,4;56,4;35,8;66,5;66,5;60,0;52,2;
00:00:05,912;56,3;56,3;35,7;66,7;66,7;59,8;52,1;
00:00:05,925;56,1;56,1;35,8;66,5;66,5;59,9;52,2;
00:00:05,937;56,5;56,5;35,6;66,4;66,4;59,9;52,3;
00:00:05,950;56,0;56,0;35,8;66,8;66,8;60,0;51,9;
00:00:05,962;56,5;56,5;36,0;66,4;66,4;60,1;52,3;
00:00:05,975;56,3;56,3;35,6;66,5;66,5;60,1;52,4;
00:00:05,987;56,3;56,3;35,8;66,3;66,3;60,2;52,3;
00:00:06,000;56,6;56,6;35,9;66,4;66,4;59,9;52,2;
00:00:06,012;56,1;56,1;35,7;66,7;66,7;59,8;52,4;
00:00:06,025;56,3;56,3;35,7;66,5;66,5;59,8;52,0;
00:00:06,037;56,3;56,3;35,9;66,8;66,8;60,3;52,4;
00:00:06,050;56,3;56,3;35,8;66,8;66,8;59,9;52,4;
00:00:06,062;56,3;56,3;35,6;66,2;66,2;60,2;52,3;
00:00:06,075;56,4;56,4;35,8;66,8;66,8;60,1;52,4;
00:00:06,087;56,5;56,5;36,0;66,7;66,7;59,8;52,2;
00:00:06,100;56,5;56,5;35,9;66,7;66,7;60,0;52,0;
00:00:06,112;56,4;56,4;35,6;66,7;66,7;60,1;52,2;
00:00:06,125;56,2;56,2;35,7;66,7;66,7;60,1;52,0;
00:00:06,137;56,4;56,4;35,8;66,8;66,8;60,1;51,9;
00:00:06,150;56,3;56,3;36,0;66,8;66,8;59,8;52,4;
00:00:06,162;56,0;56,0;35,9;66,8;66,8;60,0;51,8;
00:00:06,175;56,7;56,7;35,7;66,4;66,4;60,2;52,4;
00:00:06,187;55,9;55,9;35,9;66,8;66,8;60,1;52,3;
00:00:06,200;56,1;56,1;35,7;66,5;66,5;59,6;52,1;
00:00:06,212;56,1;56,1;35,7;66,8;66,8;60,2;51,9;
00:00:06,225;56,4;56,4;35,8;66,8;66,8;59,8;52,0;
00:00:06,237;56,2;56,2;35,6;66,5;66,5;59,8;52,1;
00:00:06,250;56,5;56,5;35,9;66,5;66,5;60,2;52,2;
00:00:06,262;56,3;56,3;36,0;66,5;66,5;60,0;52,4;
00:00:06,275;56,1;56,1;35,9;66,2;66,2;60,1;52,4;
00:00:06,287;56,3;56,3;35,8;66,5;66,5;59,8;52,3;
00:00:06,300;56,0;56,0;35,9;66,4;66,4;60,2;52,4;
00:00:06,312;56,6;56,6;35,8;66,8;66,8;60,0;52,1;
00:00:06,325;56,1;56,1;35,9;66,5;66,5;59,8;52,0;
00:00:06,337;56,6;56,6;36,0;66,7;66,7;60,2;51,9;
00:00:06,350;55,6;55,6;36,0;66,5;66,5;59,8;52,2;
00:00:06,362;56,4;56,4;35,9;66,7;66,7;59,9;52,2;
00:00:06,375;56,3;56,3;35,6;66,8;66,8;59,8;52,3;
00:00:06,387;56,4;56,4;35,7;66,4;66,4;59,8;51,8;
00:00:06,400;56,3;56,3;35,7;66,7;66,7;59,8;52,0;
00:00:06,412;56,5;56,5;35,7;66,9;66,9;60,2;52,5;
00:00:06,425;56,3;56,3;35,8;66,5;66,5;59,7;52,2;
00:00:06,437;56,4;56,4;35,7;66,2;66,2;60,0;52,3;
00:00:06,450;56,3;56,3;35,9;66,7;66,7;59,7;52,2;
00:00:06,462;56,3;56,3;35,5;66,2;66,2;60,0;52,2;
00:00:06,475;55,8;55,8;35,7;66,3;66,3;59,7;51,9;
00:00:06,487;55,9;55,9;35,6;66,8;66,8;60,1;52,1;
00:00:06,500;56,4;56,4;35,7;66,2;66,2;60,1;52,2;
00:00:06,512;56,0;56,0;35,7;66,5;66,5;59,8;51,9;
00:00:06,525;56,2;56,2;35,7;66,2;66,2;60,1;52,3;
00:00:06,537;56,3;56,3;35,7;66,7;66,7;60,0;52,3;
00:00:06,550;56,2;56,2;35,7;66,5;66,5;60,0;52,0;
00:00:06,562;56,5;56,5;35,8;66,8;66,8;60,5;52,4;
00:00:06,575;56,4;56,4;35,8;66,7;66,7;60,1;52,2;
00:00:06,587;56,0;56,0;35,4;66,2;66,2;60,0;51,9;
00:00:06,600;56,2;56,2;35,7;66,7;66,7;59,4;51,9;
00:00:06,612;56,6;56,6;35,7;66,7;66,7;60,2;52,5;
00:00:06,625;56,2;56,2;35,6;66,5;66,5;60,0;51,9;
00:00:06,637;56,2;56,2;35,7;66,8;66,8;60,2;52,0;
00:00:06,650;56,5;56,5;35,7;66,5;66,5;59,7;52,2;
00:00:06,662;56,5;56,5;35,7;66,6;66,6;60,0;51,8;
00:00:06,675;56,4;56,4;35,9;66,8;66,8;60,2;52,0;
00:00:06,687;55,9;55,9;35,8;66,2;66,2;60,1;52,3;
00:00:06,700;56,3;56,3;35,7;66,5;66,5;60,0;51,9;
00:00:06,712;56,4;56,4;36,2;66,8;66,8;60,0;52,3;
00:00:06,725;56,2;56,2;35,5;66,5;66,5;59,6;51,9;
00:00:06,737;56,0;56,0;35,8;66,5;66,5;60,0;51,9;
00:00:06,750;56,3;56,3;35,7;66,4;66,4;60,0;52,1;
00:00:06,762;56,2;56,2;35,6;66,8;66,8;59,8;52,0;
00:00:06,775;56,0;56,0;35,5;66,5;66,5;59,8;51,6;
00:00:06,787;55,9;55,9;35,5;66,8;66,8;59,6;51,6;
00:00:06,800;56,1;56,1;35,7;66,6;66,6;60,0;52,3;
00:00:06,812;56,0;56,0;35,6;66,5;66,5;60,2;52,0;
00:00:06,825;56,0;56,0;35,9;66,6;66,6;60,1;52,0;
00:00:06,837;56,2;56,2;35,7;66,5;66,5;59,7;52,1;
00:00:06,850;56,4;56,4;35,6;66,8;66,8;59,6;52,2;
00:00:06,862;56,0;56,0;35,7;66,2;66,2;60,0;52,1;
00:00:06,875;56,0;56,0;35,8;66,6;66,6;59,7;52,2;
00:00:06,887;55,9;55,9;35,7;66,2;66,2;59,9;51,9;
00:00:06,900;56,3;56,3;35,7;66,5;66,5;60,4;52,1;
00:00:06,912;56,3;56,3;35,7;66,5;66,5;59,7;52,2;
00:00:06,925;56,3;56,3;35,8;66,5;66,5;59,8;51,8;
00:00:06,937;56,5;56,5;35,5;66,4;66,4;59,8;52,2;
00:00:06,950;56,0;56,0;35,6;66,4;66,4;59,8;51,9;
00:00:06,962;56,4;56,4;35,7;66,4;66,4;59,8;52,3;
00:00:06,975;56,2;56,2;35,6;66,4;66,4;60,0;52,1;
00:00:06,987;56,0;56,0;35,7;66,6;66,6;60,1;51,9;
00:00:07,000;56,0;56,0;35,7;66,5;66,5;59,9;52,2;
00:00:07,012;55,9;55,9;35,6;66,5;66,5;60,0;51,8;
00:00:07,025;56,2;56,2;36,0;66,7;66,7;59,7;51,9;
00:00:07,037;56,0;56,0;36,0;66,8;66,8;59,9;52,1;
00:00:07,050;56,5;56,5;35,9;66,3;66,3;59,9;52,2;
00:00:07,062;56,3;56,3;35,6;66,7;66,7;60,2;51,9;
00:00:07,075;56,1;56,1;35,7;66,0;66,0;60,1;52,3;
00:00:07,087;55,9;55,9;35,7;66,5;66,5;59,8;52,3;
00:00:07,100;56,3;56,3;35,7;66,9;66,9;59,9;52,0;
00:00:07,112;56,4;56,4;35,8;66,4;66,4;60,2;52,4;
00:00:07,125;56,5;56,5;35,7;66,5;66,5;60,1;52,7;
00:00:07,137;56,3;56,3;35,7;66,4;66,4;60,0;51,9;
00:00:07,150;56,3;56,3;35,7;65,9;65,9;60,2;52,4;
00:00:07,162;56,3;56,3;35,7;66,5;66,5;60,2;52,2;
00:00:07,175;56,5;56,5;35,7;66,8;66,8;59,7;52,3;
00:00:07,187;56,4;56,4;35,9;66,8;66,8;60,0;52,2;
00:00:07,200;56,3;56,3;36,0;66,7;66,7;59,7;52,2;
00:00:07,212;56,3;56,3;35,9;66,3;66,3;60,1;52,5;
00:00:07,225;56,2;56,2;35,8;66,5;66,5;60,0;52,0;
00:00:07,237;56,6;56,6;35,9;66,7;66,7;60,1;52,3;
00:00:07,250;56,5;56,5;35,8;66,8;66,8;60,1;52,3;
00:00:07,262;56,6;56,6;35,8;66,6;66,6;59,8;52,3;
00:00:07,275;56,5;56,5;35,7;66,7;66,7;59,9;52,3;
00:00:07,287;56,2;56,2;35,7;66,3;66,3;59,7;52,3;
00:00:07,300;56,1;56,1;35,7;66,8;66,8;60,0;52,2;
00:00:07,312;56,3;56,3;35,9;66,4;66,4;60,0;52,1;
00:00:07,325;56,3;56,3;36,0;66,5;66,5;60,2;52,1;
00:00:07,337;56,4;56,4;35,9;66,2;66,2;59,8;52,2;
00:00:07,350;56,3;56,3;35,6;66,5;66,5;60,1;52,3;
00:00:07,362;56,5;56,5;35,9;66,4;66,4;60,0;51,9;
00:00:07,375;56,1;56,1;35,9;66,2;66,2;60,0;52,0;
00:00:07,387;56,4;56,4;35,7;66,7;66,7;60,0;52,2;
00:00:07,400;56,4;56,4;35,7;66,8;66,8;59,8;52,0;
00:00:07,412;56,4;56,4;35,6;66,8;66,8;60,1;52,0;
00:00:07,425;56,1;56,1;35,7;66,4;66,4;59,9;52,2;
00:00:07,437;56,0;56,0;35,7;66,7;66,7;60,0;52,0;
00:00:07,450;56,4;56,4;35,5;66,3;66,3;60,0;52,5;
00:00:07,462;56,1;56,1;35,5;66,8;66,8;60,2;51,9;
00:00:07,475;56,1;56,1;35,7;66,4;66,4;60,2;52,4;
00:00:07,487;56,0;56,0;35,6;66,5;66,5;59,8;52,0;
00:00:07,500;56,1;56,1;35,7;66,8;66,8;60,1;52,4;
00:00:07,512;56,3;56,3;35,6;66,4;66,4;60,0;51,8;
00:00:07,525;56,4;56,4;35,7;66,8;66,8;59,6;52,0;
00:00:07,537;56,0;56,0;35,8;66,6;66,6;59,8;51,9;
00:00:07,550;56,3;56,3;35,7;66,0;66,0;60,2;52,3;
00:00:07,562;56,1;56,1;35,9;66,5;66,5;59,8;51,9;
00:00:07,575;56,0;56,0;35,9;66,2;66,2;60,2;52,0;
00:00:07,587;56,3;56,3;35,7;66,2;66,2;60,1;52,2;
00:00:07,600;56,2;56,2;35,7;66,7;66,7;59,8;52,0;
00:00:07,612;56,1;56,1;35,8;66,7;66,7;59,9;52,2;
00:00:07,625;55,9;55,9;35,7;66,4;66,4;60,1;52,0;
00:00:07,637;56,2;56,2;35,4;66,8;66,8;60,1;52,0;
00:00:07,650;56,5;56,5;35,9;66,8;66,8;59,7;52,0;
00:00:07,662;56,0;56,0;35,7;66,9;66,9;60,0;52,0;
00:00:07,675;56,2;56,2;35,7;66,5;66,5;60,0;52,2;
00:00:07,687;56,5;56,5;35,9;66,9;66,9;60,1;52,3;
00:00:07,700;56,4;56,4;36,0;66,8;66,8;60,0;52,1;
00:00:07,712;55,9;55,9;35,8;66,8;66,8;60,4;52,0;
00:00:07,725;56,5;56,5;35,9;66,8;66,8;59,8;52,2;
00:00:07,737;56,6;56,6;35,8;66,3;66,3;59,7;51,9;
00:00:07,750;56,2;56,2;35,8;66,7;66,7;60,1;52,3;
00:00:07,762;55,9;55,9;35,9;67,0;67,0;60,2;52,2;
00:00:07,775;56,3;56,3;35,9;66,7;66,7;60,3;52,2;
00:00:07,787;56,0;56,0;35,8;66,5;66,5;59,9;52,2;
00:00:07,800;56,3;56,3;35,9;66,7;66,7;60,1;52,3;
00:00:07,812;56,3;56,3;36,1;66,2;66,2;59,9;52,0;
00:00:07,825;56,5;56,5;35,7;66,7;66,7;59,9;52,3;
00:00:07,837;56,5;56,5;35,8;66,7;66,7;60,0;52,3;
00:00:07,850;56,7;56,7;35,8;66,3;66,3;60,0;51,9;
00:00:07,862;56,3;56,3;35,9;66,5;66,5;60,2;51,8;
00:00:07,875;56,0;56,0;35,8;66,6;66,6;60,3;52,2;
00:00:07,887;56,4;56,4;35,9;66,2;66,2;60,0;52,3;
00:00:07,900;55,9;55,9;35,8;66,6;66,6;60,0;52,1;
00:00:07,912;56,1;56,1;35,8;66,5;66,5;60,1;52,1;
00:00:07,925;56,0;56,0;35,7;66,4;66,4;60,1;52,2;
00:00:07,937;56,4;56,4;35,9;66,7;66,7;60,1;52,2;
00:00:07,950;56,4;56,4;36,1;66,5;66,5;60,0;51,9;
00:00:07,962;56,4;56,4;36,0;66,5;66,5;60,0;52,1;
00:00:07,975;56,2;56,2;35,8;66,7;66,7;60,1;52,2;
00:00:07,987;56,2;56,2;35,7;66,7;66,7;60,1;52,2;
00:00:08,000;56,5;56,5;35,9;66,7;66,7;60,2;52,0;
00:00:08,012;56,0;56,0;36,1;66,5;66,5;60,1;51,9;
00:00:08,025;56,1;56,1;35,7;66,5;66,5;60,0;52,3;
00:00:08,037;56,1;56,1;35,7;66,5;66,5;60,0;52,3;
00:00:08,050;56,3;56,3;36,0;66,7;66,7;60,0;52,3;
00:00:08,062;56,2;56,2;36,0;66,5;66,5;59,8;52,3;
00:00:08,075;56,2;56,2;35,8;66,5;66,5;60,2;52,0;
00:00:08,087;56,4;56,4;35,8;66,2;66,2;60,1;52,2;
00:00:08,100;56,4;56,4;35,8;66,2;66,2;60,1;52,2;
00:00:08,112;56,5;56,5;35,9;66,2;66,2;60,1;52,4;
00:00:08,125;56,4;56,4;35,9;67,0;67,0;60,2;52,3;
00:00:08,137;56,2;56,2;35,9;66,9;66,9;60,2;52,4;
00:00:08,150;56,3;56,3;35,9;66,5;66,5;60,2;52,2;
00:00:08,162;56,3;56,3;35,9;66,5;66,5;60,2;52,2;
00:00:08,175;56,4;56,4;35,9;66,8;66,8;60,0;52,4;
00:00:08,187;56,1;56,1;35,7;66,2;66,2;60,3;52,2;
00:00:08,200;55,9;55,9;35,7;66,6;66,6;60,4;52,0;
00:00:08,212;56,3;56,3;35,7;66,3;66,3;60,1;52,3;
00:00:08,225;56,3;56,3;35,7;66,3;66,3;60,1;52,3;
00:00:08,237;56,1;56,1;35,7;66,9;66,9;60,2;52,2;
00:00:08,250;56,3;56,3;35,8;66,2;66,2;60,0;52,4;
00:00:08,262;56,3;56,3;35,7;66,3;66,3;59,8;52,0;
00:00:08,275;55,9;55,9;35,8;66,7;66,7;60,4;52,2;
00:00:08,287;55,9;55,9;35,8;66,7;66,7;60,4;52,2;
00:00:08,300;56,7;56,7;35,8;66,7;66,7;60,2;52,0;
00:00:08,312;56,3;56,3;35,8;66,3;66,3;60,2;52,3;
00:00:08,325;56,4;56,4;35,9;66,8;66,8;60,0;52,1;
00:00:08,337;56,4;56,4;35,8;66,6;66,6;59,8;52,2;
00:00:08,350;56,4;56,4;35,8;66,6;66,6;59,8;52,2;
00:00:08,362;56,6;56,6;35,9;66,1;66,1;60,4;52,1;
00:00:08,375;56,3;56,3;35,9;66,9;66,9;60,3;52,2;
00:00:08,387;56,2;56,2;35,8;66,9;66,9;60,2;52,0;
00:00:08,400;56,4;56,4;36,0;66,2;66,2;60,0;52,3;
00:00:08,412;56,4;56,4;36,0;66,2;66,2;60,0;52,3;
00:00:08,425;56,3;56,3;35,8;66,5;66,5;60,1;52,2;
00:00:08,437;56,3;56,3;35,9;66,9;66,9;60,1;52,0;
00:00:08,450;56,4;56,4;35,8;66,4;66,4;60,2;52,0;
00:00:08,462;56,3;56,3;35,8;66,7;66,7;60,1;52,2;
00:00:08,475;56,3;56,3;35,8;66,7;66,7;60,1;52,2;
00:00:08,487;56,3;56,3;35,8;66,4;66,4;59,8;52,2;
00:00:08,500;56,2;56,2;35,8;66,6;66,6;60,0;52,2;
00:00:08,512;56,0;56,0;35,7;66,5;66,5;60,1;51,9;
00:00:08,525;56,4;56,4;35,8;66,8;66,8;60,2;52,0;
00:00:08,537;56,4;56,4;35,8;66,8;66,8;60,2;52,0;
00:00:08,550;56,4;56,4;35,9;66,2;66,2;60,2;52,3;
00:00:08,562;56,3;56,3;35,7;66,4;66,4;60,1;52,0;
00:00:08,575;56,1;56,1;35,8;66,4;66,4;60,1;52,0;
00:00:08,587;56,3;56,3;35,7;66,7;66,7;60,1;52,3;
00:00:08,600;56,3;56,3;35,7;66,7;66,7;60,1;52,3;
00:00:08,612;56,6;56,6;35,7;67,1;67,1;60,3;52,4;
00:00:08,625;56,3;56,3;35,7;66,4;66,4;60,0;52,4;
00:00:08,637;56,3;56,3;35,9;66,5;66,5;59,8;52,0;
00:00:08,650;56,4;56,4;35,9;66,7;66,7;60,0;52,5;
00:00:08,662;56,4;56,4;35,9;66,7;66,7;60,0;52,5;
00:00:08,675;56,5;56,5;35,6;66,2;66,2;59,8;52,2;
00:00:08,687;56,3;56,3;35,5;66,7;66,7;60,2;52,2;
00:00:08,700;56,1;56,1;35,7;66,8;66,8;60,1;52,3;
00:00:08,712;56,1;56,1;35,7;66,8;66,8;59,7;52,1;
00:00:08,725;56,1;56,1;35,7;66,8;66,8;59,7;52,1;
00:00:08,737;56,2;56,2;35,6;66,4;66,4;60,0;52,2;
00:00:08,750;56,2;56,2;35,7;66,7;66,7;60,0;52,2;
00:00:08,762;56,3;56,3;35,6;66,8;66,8;60,1;52,2;
00:00:08,775;56,3;56,3;35,6;66,5;66,5;59,9;52,3;
00:00:08,787;56,3;56,3;35,6;66,5;66,5;59,9;52,3;
00:00:08,800;56,5;56,5;35,9;66,8;66,8;59,9;52,2;
00:00:08,812;56,3;56,3;35,5;66,4;66,4;60,1;51,9;
00:00:08,825;56,2;56,2;35,7;66,4;66,4;59,9;52,2;
00:00:08,837;56,4;56,4;35,9;66,5;66,5;60,1;52,3;
00:00:08,850;56,4;56,4;35,9;66,5;66,5;60,1;52,3;
00:00:08,862;56,3;56,3;35,6;66,3;66,3;60,3;52,2;
00:00:08,875;56,1;56,1;35,7;66,7;66,7;59,7;52,0;
00:00:08,887;56,3;56,3;35,5;66,7;66,7;59,9;52,2;
00:00:08,900;56,2;56,2;35,7;66,6;66,6;60,0;52,3;
00:00:08,912;56,2;56,2;35,7;66,6;66,6;60,0;52,3;
00:00:08,925;56,2;56,2;35,7;66,0;66,0;60,1;51,9;
00:00:08,937;56,4;56,4;35,8;66,5;66,5;60,0;51,8;
00:00:08,950;56,4;56,4;35,8;67,0;67,0;60,1;52,0;
00:00:08,962;56,4;56,4;35,6;66,2;66,2;60,2;52,2;
00:00:08,975;56,4;56,4;35,6;66,2;66,2;60,2;52,2;
00:00:08,987;56,1;56,1;35,7;66,7;66,7;60,3;51,8;
00:00:09,000;56,1;56,1;35,7;66,5;66,5;60,4;52,4;
00:00:09,012;56,4;56,4;35,6;66,8;66,8;60,2;52,3;
00:00:09,025;56,3;56,3;35,5;66,5;66,5;59,7;52,5;
00:00:09,037;56,3;56,3;35,5;66,5;66,5;59,7;52,5;
00:00:09,050;56,5;56,5;35,7;66,6;66,6;60,2;52,1;
00:00:09,062;56,2;56,2;35,7;66,8;66,8;60,2;52,1;
00:00:09,075;56,3;56,3;35,9;66,6;66,6;60,2;52,2;
00:00:09,087;56,0;56,0;35,7;66,6;66,6;60,1;52,3;
00:00:09,100;56,0;56,0;35,7;66,6;66,6;60,1;52,3;
00:00:09,112;56,2;56,2;35,8;66,4;66,4;59,8;52,3;
00:00:09,125;56,3;56,3;35,7;66,7;66,7;60,3;52,3;
00:00:09,137;56,4;56,4;35,8;66,8;66,8;60,5;51,9;
00:00:09,150;56,5;56,5;35,9;66,2;66,2;60,4;52,1;
00:00:09,162;56,5;56,5;35,9;66,2;66,2;60,4;52,1;
00:00:09,175;56,3;56,3;36,0;66,4;66,4;60,3;52,2;
00:00:09,187;56,2;56,2;35,7;66,6;66,6;60,4;52,4;
00:00:09,200;56,2;56,2;35,9;66,7;66,7;60,2;52,5;
00:00:09,212;56,4;56,4;35,9;66,5;66,5;60,1;52,1;
00:00:09,225;56,4;56,4;35,9;66,5;66,5;60,1;52,1;
00:00:09,237;56,0;56,0;35,7;66,7;66,7;60,2;51,9;
00:00:09,250;56,6;56,6;36,0;66,9;66,9;60,1;52,5;
00:00:09,262;56,4;56,4;35,9;66,3;66,3;59,9;52,2;
00:00:09,275;56,3;56,3;35,8;66,7;66,7;60,1;52,5;
00:00:09,287;56,3;56,3;35,8;66,7;66,7;60,1;52,5;
00:00:09,300;56,0;56,0;35,9;67,0;67,0;60,2;51,9;
00:00:09,312;56,0;56,0;35,9;66,4;66,4;60,2;51,9;
00:00:09,325;56,2;56,2;35,9;66,5;66,5;60,1;52,2;
00:00:09,337;56,4;56,4;35,7;66,6;66,6;60,1;52,3;
00:00:09,350;56,4;56,4;35,7;66,6;66,6;60,1;52,3;
00:00:09,362;56,4;56,4;35,6;66,7;66,7;60,5;52,3;
00:00:09,375;56,2;56,2;35,7;66,7;66,7;59,8;52,4;
00:00:09,387;56,2;56,2;35,7;66,4;66,4;59,8;52,2;
00:00:09,400;56,2;56,2;35,7;67,0;67,0;60,1;52,4;
00:00:09,412;56,2;56,2;35,7;67,0;67,0;60,1;52,4;
00:00:09,425;56,4;56,4;35,7;66,6;66,6;59,8;52,1;
00:00:09,437;56,0;56,0;35,5;66,8;66,8;59,9;52,1;
00:00:09,450;56,1;56,1;35,7;66,8;66,8;60,0;51,9;
00:00:09,462;56,3;56,3;35,6;66,5;66,5;60,2;52,2;
00:00:09,475;56,3;56,3;35,6;66,5;66,5;60,2;52,2;
00:00:09,487;56,1;56,1;35,7;66,3;66,3;59,7;52,0;
00:00:09,500;55,9;55,9;35,5;66,7;66,7;59,8;52,1;
00:00:09,512;56,0;56,0;35,5;66,7;66,7;59,8;52,3;
00:00:09,525;56,4;56,4;35,7;66,5;66,5;60,1;52,2;
00:00:09,537;56,4;56,4;35,7;66,5;66,5;60,1;52,2;
00:00:09,550;56,4;56,4;35,7;66,4;66,4;60,1;52,3;
00:00:09,562;56,1;56,1;35,7;66,8;66,8;60,1;52,1;
00:00:09,575;56,4;56,4;35,9;66,5;66,5;60,2;52,1;
00:00:09,587;56,4;56,4;35,9;66,3;66,3;60,3;52,2;
00:00:09,600;56,2;56,2;35,5;66,5;66,5;60,1;52,0;
00:00:09,612;56,4;56,4;35,7;66,8;66,8;60,3;52,3;
00:00:09,625;56,2;56,2;35,6;66,5;66,5;60,0;52,2;
00:00:09,637;56,0;56,0;35,7;66,5;66,5;60,1;52,5;
00:00:09,650;55,9;55,9;35,5;66,2;66,2;60,0;52,2;
00:00:09,662;56,1;56,1;35,7;66,0;66,0;60,0;51,9;
00:00:09,675;56,3;56,3;35,7;66,4;66,4;60,0;52,2;
00:00:09,687;56,1;56,1;35,6;66,4;66,4;60,2;52,2;
00:00:09,700;56,1;56,1;35,7;66,5;66,5;59,9;52,1;
00:00:09,712;55,9;55,9;35,7;66,3;66,3;59,7;52,3;
00:00:09,725;56,0;56,0;35,6;66,6;66,6;59,9;52,0;
00:00:09,737;56,4;56,4;35,7;66,5;66,5;60,0;52,0;
00:00:09,750;56,0;56,0;35,8;66,4;66,4;60,3;52,4;
00:00:09,762;56,3;56,3;35,7;66,2;66,2;59,8;52,4;
00:00:09,775;56,3;56,3;35,7;66,7;66,7;60,1;52,2;
00:00:09,787;56,5;56,5;35,5;66,5;66,5;60,1;52,0;
00:00:09,800;56,4;56,4;35,8;66,5;66,5;60,3;52,3;
00:00:09,812;56,0;56,0;36,0;66,8;66,8;59,8;52,3;
00:00:09,825;56,0;56,0;35,7;66,5;66,5;60,2;52,4;
00:00:09,837;56,4;56,4;35,7;66,3;66,3;60,3;52,0;
00:00:09,850;56,4;56,4;35,7;66,2;66,2;60,2;52,3;
00:00:09,862;56,1;56,1;36,1;66,6;66,6;60,1;52,3;
00:00:09,875;56,3;56,3;35,7;66,6;66,6;60,6;51,9;
00:00:09,887;56,1;56,1;35,4;66,2;66,2;59,6;52,2;
00:00:09,900;56,2;56,2;35,5;66,5;66,5;60,1;52,6;
00:00:09,912;56,1;56,1;35,7;66,5;66,5;60,1;52,1;
00:00:09,925;56,4;56,4;35,8;66,6;66,6;60,2;51,9;
00:00:09,937;55,9;55,9;35,7;66,7;66,7;60,2;51,9;
00:00:09,950;56,0;56,0;35,9;66,3;66,3;59,8;52,3;
00:00:09,962;56,4;56,4;35,7;66,8;66,8;59,8;52,3;
00:00:09,975;56,5;56,5;35,7;66,2;66,2;60,1;52,2;
00:00:09,987;56,3;56,3;35,9;66,5;66,5;59,8;52,2;
00:00:10,000;56,0;56,0;35,7;66,6;66,6;59,9;52,4;
00:00:10,012;56,3;56,3;35,8;66,6;66,6;60,0;52,3;
00:00:10,025;56,4;56,4;35,7;66,5;66,5;60,0;52,3;
00:00:10,037;56,1;56,1;35,9;66,4;66,4;60,4;52,2;
00:00:10,050;56,0;56,0;35,7;66,5;66,5;59,8;52,2;
00:00:10,062;56,0;56,0;35,7;66,6;66,6;60,1;52,2;
00:00:10,075;56,4;56,4;35,7;66,7;66,7;60,3;52,2;
00:00:10,087;56,0;56,0;35,7;66,2;66,2;60,2;52,3;
00:00:10,100;55,9;55,9;35,7;67,0;67,0;59,8;52,5;
00:00:10,112;56,4;56,4;35,7;66,7;66,7;60,3;52,2;
00:00:10,125;56,4;56,4;35,8;66,3;66,3;60,0;52,2;
00:00:10,137;56,4;56,4;35,7;66,5;66,5;59,9;52,2;
00:00:10,150;56,5;56,5;35,7;66,8;66,8;60,1;52,4;
00:00:10,162;56,4;56,4;35,7;66,7;66,7;60,1;52,1;
00:00:10,175;56,3;56,3;35,7;66,5;66,5;60,2;52,4;
00:00:10,187;56,3;56,3;35,7;66,4;66,4;60,0;52,3;
00:00:10,200;56,4;56,4;35,8;66,9;66,9;60,3;52,3;
00:00:10,212;56,4;56,4;35,9;66,6;66,6;60,0;52,3;
00:00:10,225;56,5;56,5;35,7;66,8;66,8;60,1;52,4;
00:00:10,237;56,2;56,2;35,7;66,9;66,9;60,2;52,2;
00:00:10,250;56,0;56,0;35,9;67,0;67,0;60,1;52,4;
00:00:10,262;56,0;56,0;36,0;66,4;66,4;60,2;52,2;
00:00:10,275;56,1;56,1;35,7;66,7;66,7;60,1;52,2;
00:00:10,287;56,3;56,3;35,7;66,7;66,7;60,4;52,2;
00:00:10,300;56,3;56,3;35,9;66,7;66,7;60,0;52,1;
00:00:10,312;56,3;56,3;35,9;66,9;66,9;59,8;52,2;
00:00:10,325;56,4;56,4;35,6;66,5;66,5;60,2;52,2;
00:00:10,337;56,4;56,4;35,7;66,7;66,7;60,2;52,3;
00:00:10,350;56,4;56,4;35,8;66,8;66,8;60,1;52,3;
00:00:10,362;56,3;56,3;35,7;66,6;66,6;59,6;51,9;
00:00:10,375;56,3;56,3;35,7;66,6;66,6;60,0;52,1;
00:00:10,387;56,3;56,3;35,7;66,6;66,6;60,1;52,4;
00:00:10,400;56,3;56,3;35,9;66,7;66,7;60,2;52,2;
00:00:10,412;56,5;56,5;35,7;66,5;66,5;60,1;52,2;
00:00:10,425;56,2;56,2;35,8;66,5;66,5;60,1;52,5;
00:00:10,437;56,4;56,4;35,9;66,4;66,4;59,9;52,3;
00:00:10,450;56,2;56,2;35,9;66,8;66,8;60,1;52,2;
00:00:10,462;56,3;56,3;35,9;66,5;66,5;60,2;52,3;
00:00:10,475;56,5;56,5;35,7;66,5;66,5;60,2;52,2;
00:00:10,487;56,7;56,7;35,5;66,3;66,3;59,9;52,2;
00:00:10,500;56,2;56,2;36,0;66,7;66,7;60,2;52,3;
00:00:10,512;56,2;56,2;35,9;66,5;66,5;60,3;52,2;
00:00:10,525;56,1;56,1;35,8;66,3;66,3;60,1;52,5;
00:00:10,537;56,3;56,3;35,8;66,5;66,5;60,2;52,3;
00:00:10,550;56,2;56,2;35,8;66,5;66,5;60,6;52,5;
00:00:10,562;56,4;56,4;35,9;66,7;66,7;60,1;52,2;
00:00:10,575;56,4;56,4;36,0;66,4;66,4;60,2;52,5;
00:00:10,587;56,2;56,2;35,9;66,5;66,5;60,1;52,3;
00:00:10,600;56,4;56,4;35,9;66,4;66,4;60,2;52,3;
00:00:10,612;56,5;56,5;35,9;67,0;67,0;60,3;52,2;
00:00:10,625;56,3;56,3;35,9;66,7;66,7;60,4;52,4;
00:00:10,637;56,4;56,4;35,9;66,4;66,4;60,3;52,4;
00:00:10,650;56,4;56,4;35,8;66,8;66,8;60,5;52,4;
00:00:10,662;56,5;56,5;35,8;66,7;66,7;60,1;52,5;
00:00:10,675;56,6;56,6;35,8;66,5;66,5;60,0;52,0;
00:00:10,687;56,4;56,4;35,7;66,7;66,7;60,3;51,9;
00:00:10,700;56,4;56,4;35,8;66,8;66,8;60,2;52,5;
00:00:10,712;56,3;56,3;35,8;66,8;66,8;60,2;52,2;
00:00:10,725;56,2;56,2;35,9;66,4;66,4;59,8;52,3;
00:00:10,737;56,4;56,4;35,8;66,4;66,4;60,0;52,1;
00:00:10,750;56,1;56,1;35,7;66,4;66,4;60,0;52,1;
00:00:10,762;56,5;56,5;35,8;66,6;66,6;60,2;52,3;
00:00:10,775;56,1;56,1;35,7;66,7;66,7;60,1;52,3;
00:00:10,787;56,5;56,5;35,6;66,5;66,5;59,9;52,2;
00:00:10,800;56,3;56,3;35,8;66,5;66,5;59,9;52,3;
00:00:10,812;56,4;56,4;35,7;66,8;66,8;60,0;52,4;
00:00:10,825;56,3;56,3;35,7;66,4;66,4;60,1;52,2;
00:00:10,837;56,5;56,5;35,8;67,2;67,2;59,9;52,3;
00:00:10,850;56,6;56,6;35,8;66,4;66,4;60,4;52,4;
00:00:10,862;56,3;56,3;35,7;66,5;66,5;60,4;52,2;
00:00:10,875;56,3;56,3;35,6;66,4;66,4;60,4;52,3;
00:00:10,887;56,4;56,4;35,7;66,4;66,4;60,0;52,2;
00:00:10,900;56,8;56,8;35,7;66,7;66,7;60,2;52,2;
00:00:10,912;56,0;56,0;35,7;66,7;66,7;60,2;52,1;
00:00:10,925;56,3;56,3;35,8;66,7;66,7;60,4;52,5;
00:00:10,937;56,4;56,4;35,8;66,5;66,5;60,6;52,2;
00:00:10,950;56,5;56,5;35,7;66,2;66,2;60,1;52,5;
00:00:10,962;56,2;56,2;35,7;66,4;66,4;60,1;52,3;
00:00:10,975;56,5;56,5;35,7;66,2;66,2;60,5;52,4;
00:00:10,987;56,2;56,2;35,9;66,6;66,6;60,4;52,4;
00:00:11,000;56,5;56,5;35,9;66,6;66,6;60,4;52,3;
00:00:11,012;56,1;56,1;35,7;66,7;66,7;60,1;52,3;
00:00:11,025;56,3;56,3;35,7;66,8;66,8;60,4;52,3;
00:00:11,037;56,0;56,0;35,9;66,8;66,8;60,1;52,2;
00:00:11,050;56,4;56,4;35,9;66,8;66,8;60,0;52,1;
00:00:11,062;56,4;56,4;35,8;66,8;66,8;60,4;52,3;
00:00:11,075;56,5;56,5;35,7;66,4;66,4;60,1;52,3;
00:00:11,087;56,1;56,1;35,8;67,0;67,0;60,0;52,1;
00:00:11,100;56,2;56,2;35,7;66,4;66,4;60,2;52,5;
00:00:11,112;56,5;56,5;35,7;66,7;66,7;59,8;52,3;
00:00:11,125;56,5;56,5;35,9;66,4;66,4;59,9;52,4;
00:00:11,137;56,2;56,2;35,9;66,6;66,6;60,2;52,2;
00:00:11,150;55,9;55,9;35,6;66,7;66,7;60,1;52,0;
00:00:11,162;56,3;56,3;35,8;66,7;66,7;60,0;52,3;
00:00:11,175;56,3;56,3;35,6;66,7;66,7;60,3;52,3;
00:00:11,187;56,0;56,0;35,9;66,9;66,9;60,2;52,2;
00:00:11,200;56,1;56,1;35,8;66,5;66,5;60,2;52,2;
00:00:11,212;56,4;56,4;35,7;66,5;66,5;60,1;51,9;
00:00:11,225;56,4;56,4;35,6;66,6;66,6;59,9;52,2;
00:00:11,237;56,0;56,0;35,7;66,5;66,5;60,4;52,3;
00:00:11,250;56,4;56,4;35,7;66,7;66,7;60,0;52,3;
00:00:11,262;56,3;56,3;35,6;66,6;66,6;59,9;52,0;
00:00:11,275;56,5;56,5;35,8;66,7;66,7;60,4;52,4;
00:00:11,287;56,3;56,3;35,7;66,4;66,4;60,1;52,1;
00:00:11,300;56,6;56,6;35,6;66,2;66,2;60,1;52,2;
00:00:11,312;56,3;56,3;35,7;66,5;66,5;60,2;52,3;
00:00:11,325;56,2;56,2;35,6;66,4;66,4;60,2;52,3;
00:00:11,337;56,2;56,2;35,7;66,4;66,4;60,0;52,3;
00:00:11,350;56,4;56,4;35,7;66,7;66,7;59,7;52,0;
00:00:11,362;56,2;56,2;35,5;66,9;66,9;60,0;52,3;
00:00:11,375;55,9;55,9;35,9;66,2;66,2;60,1;52,2;
00:00:11,387;56,1;56,1;35,5;66,1;66,1;60,2;52,3;
00:00:11,400;56,2;56,2;35,7;66,7;66,7;60,1;52,3;
00:00:11,412;56,4;56,4;35,7;66,5;66,5;60,4;51,9;
00:00:11,425;56,4;56,4;35,5;66,8;66,8;59,9;52,2;
00:00:11,437;56,5;56,5;35,7;66,2;66,2;60,2;52,1;
00:00:11,450;56,2;56,2;35,7;66,4;66,4;60,2;52,2;
00:00:11,462;56,4;56,4;35,7;66,5;66,5;60,5;52,1;
00:00:11,475;56,4;56,4;35,9;66,5;66,5;60,0;52,3;
00:00:11,487;56,3;56,3;35,7;66,7;66,7;60,4;52,1;
00:00:11,500;56,4;56,4;35,7;66,7;66,7;60,3;51,9;
00:00:11,512;56,4;56,4;35,7;66,5;66,5;60,2;51,9;
00:00:11,525;56,4;56,4;35,6;66,7;66,7;60,2;52,0;
00:00:11,537;56,1;56,1;35,7;66,5;66,5;60,1;52,0;
00:00:11,550;56,3;56,3;35,7;66,8;66,8;60,0;52,2;
00:00:11,562;56,4;56,4;35,6;66,4;66,4;60,1;52,3;
00:00:11,575;56,3;56,3;35,6;66,1;66,1;60,0;52,2;
00:00:11,587;56,4;56,4;35,6;66,7;66,7;60,2;52,0;
00:00:11,600;56,2;56,2;35,9;66,5;66,5;60,0;52,3;
00:00:11,612;56,4;56,4;35,8;66,7;66,7;60,1;52,0;
00:00:11,625;56,4;56,4;35,6;66,7;66,7;60,2;52,1;
00:00:11,637;56,3;56,3;35,5;66,4;66,4;59,6;52,1;
00:00:11,650;56,4;56,4;35,7;66,2;66,2;60,2;52,3;
00:00:11,662;56,1;56,1;35,8;66,4;66,4;60,4;52,3;
00:00:11,675;56,5;56,5;35,6;67,0;67,0;60,2;52,2;
00:00:11,687;56,2;56,2;35,5;66,5;66,5;60,2;52,3;
00:00:11,700;56,4;56,4;35,5;66,7;66,7;60,0;52,3;
00:00:11,712;56,3;56,3;35,8;66,5;66,5;60,1;52,5;
00:00:11,725;56,3;56,3;35,7;66,4;66,4;60,1;52,2;
00:00:11,737;56,0;56,0;35,3;66,2;66,2;60,4;51,8;
00:00:11,750;56,2;56,2;35,7;66,3;66,3;60,4;52,4;
00:00:11,762;56,6;56,6;35,4;66,7;66,7;60,3;52,4;
00:00:11,775;56,4;56,4;35,5;66,6;66,6;60,3;52,2;
00:00:11,787;56,1;56,1;35,5;66,9;66,9;60,1;52,1;
00:00:11,800;56,2;56,2;35,7;66,7;66,7;60,2;52,2;
00:00:11,812;56,0;56,0;35,7;66,5;66,5;59,9;52,2;
00:00:11,825;56,5;56,5;35,5;66,5;66,5;60,3;52,4;
00:00:11,837;56,3;56,3;35,5;66,5;66,5;60,1;52,2;
00:00:11,850;56,4;56,4;35,3;66,6;66,6;60,0;52,5;
00:00:11,862;56,0;56,0;35,5;66,5;66,5;59,8;52,1;
00:00:11,875;56,3;56,3;35,6;66,5;66,5;60,0;52,3;
00:00:11,887;55,9;55,9;35,6;66,4;66,4;59,9;52,3;
00:00:11,900;55,9;55,9;35,6;66,2;66,2;60,2;52,2;
00:00:11,912;56,2;56,2;35,5;66,6;66,6;60,1;52,0;
00:00:11,925;56,0;56,0;35,5;66,7;66,7;60,2;52,1;
00:00:11,937;56,0;56,0;35,5;66,4;66,4;59,9;52,2;
00:00:11,950;56,3;56,3;35,7;66,4;66,4;60,5;52,2;
00:00:11,962;56,4;56,4;35,6;66,5;66,5;60,3;52,4;
00:00:11,975;56,2;56,2;35,5;66,8;66,8;59,9;52,5;
00:00:11,987;56,4;56,4;35,8;66,5;66,5;60,6;52,4;
00:00:12,000;56,5;56,5;35,6;66,8;66,8;60,0;52,3;
00:00:12,012;56,4;56,4;35,6;66,7;66,7;60,4;52,1;
00:00:12,025;56,6;56,6;35,7;66,5;66,5;60,3;52,4;
00:00:12,037;56,5;56,5;35,8;66,5;66,5;60,2;52,5;
00:00:12,050;56,3;56,3;35,5;66,2;66,2;59,8;52,5;
00:00:12,062;56,3;56,3;35,6;66,5;66,5;60,0;52,4;
00:00:12,075;56,0;56,0;35,5;66,4;66,4;60,0;52,3;
00:00:12,087;56,2;56,2;35,3;66,4;66,4;60,0;52,4;
00:00:12,100;56,2;56,2;35,6;66,6;66,6;60,1;52,2;
00:00:12,112;56,2;56,2;35,7;66,3;66,3;60,2;52,3;
00:00:12,125;56,1;56,1;35,5;66,8;66,8;60,0;52,2;
00:00:12,137;56,4;56,4;35,4;66,4;66,4;60,1;52,3;
00:00:12,150;56,3;56,3;35,4;66,8;66,8;60,1;52,3;
00:00:12,162;56,2;56,2;35,4;66,5;66,5;60,3;52,1;
00:00:12,175;56,4;56,4;35,7;66,8;66,8;60,4;52,2;
00:00:12,187;56,4;56,4;35,6;66,8;66,8;60,2;52,3;
00:00:12,200;56,1;56,1;35,5;66,3;66,3;60,2;52,2;
00:00:12,212;56,2;56,2;35,4;66,5;66,5;60,4;52,2;
00:00:12,225;56,0;56,0;35,5;66,2;66,2;60,1;51,9;
00:00:12,237;56,5;56,5;35,4;66,5;66,5;60,0;52,4;
00:00:12,250;56,1;56,1;35,6;66,7;66,7;60,1;51,9;
00:00:12,262;56,4;56,4;35,6;66,4;66,4;60,5;52,5;
00:00:12,275;56,3;56,3;35,7;66,5;66,5;60,0;52,2;
00:00:12,287;56,5;56,5;35,5;66,4;66,4;60,5;52,3;
00:00:12,300;56,6;56,6;35,7;66,7;66,7;59,9;52,4;
00:00:12,312;56,4;56,4;35,7;66,4;66,4;60,3;52,5;
00:00:12,325;56,5;56,5;35,7;66,7;66,7;60,1;52,0;
00:00:12,337;56,5;56,5;35,7;66,5;66,5;60,4;52,4;
00:00:12,350;56,5;56,5;35,6;66,7;66,7;60,2;52,0;
00:00:12,362;56,4;56,4;35,7;66,9;66,9;59,7;52,3;
00:00:12,375;56,3;56,3;35,5;66,6;66,6;60,2;51,9;
00:00:12,387;56,5;56,5;35,7;66,9;66,9;60,6;52,4;
00:00:12,400;56,4;56,4;35,9;66,7;66,7;60,6;52,3;
00:00:12,412;56,6;56,6;35,7;67,1;67,1;60,1;52,4;
00:00:12,425;56,8;56,8;35,8;66,4;66,4;60,4;52,4;
00:00:12,437;56,6;56,6;36,0;66,6;66,6;60,2;52,4;
00:00:12,450;56,6;56,6;35,8;66,7;66,7;60,5;52,3;
00:00:12,462;57,1;57,1;35,9;67,0;67,0;60,3;52,3;
00:00:12,475;56,3;56,3;36,2;66,8;66,8;60,4;52,4;
00:00:12,487;56,9;56,9;35,7;66,8;66,8;60,5;52,4;
00:00:12,500;56,6;56,6;35,7;66,6;66,6;60,5;52,2;
00:00:12,512;56,9;56,9;35,7;66,9;66,9;60,3;52,5;
00:00:12,525;56,8;56,8;35,7;66,5;66,5;60,7;52,5;
00:00:12,537;56,8;56,8;36,5;67,0;67,0;60,4;52,4;
00:00:12,550;56,7;56,7;35,9;66,8;66,8;60,2;52,5;
00:00:12,562;56,4;56,4;35,9;66,9;66,9;60,4;52,5;
00:00:12,575;56,5;56,5;35,7;66,8;66,8;60,4;52,7;
00:00:12,587;56,9;56,9;35,9;66,9;66,9;60,7;52,4;
00:00:12,600;56,2;56,2;36,0;67,0;67,0;60,6;52,8;
00:00:12,612;57,1;57,1;36,0;67,0;67,0;60,4;52,6;
00:00:12,625;56,5;56,5;35,9;66,9;66,9;60,7;52,5;
00:00:12,637;56,8;56,8;36,0;66,9;66,9;60,4;52,3;
00:00:12,650;56,0;56,0;35,9;66,6;66,6;60,3;52,6;
00:00:12,662;56,3;56,3;36,0;67,0;67,0;60,5;52,4;
00:00:12,675;56,6;56,6;35,9;67,0;67,0;60,2;52,4;
00:00:12,687;56,7;56,7;35,9;66,8;66,8;60,4;52,2;
00:00:12,700;56,8;56,8;36,1;66,8;66,8;60,8;52,8;
00:00:12,712;56,4;56,4;36,0;66,9;66,9;60,4;52,4;
00:00:12,725;56,7;56,7;35,7;66,9;66,9;60,6;52,5;
00:00:12,737;56,4;56,4;35,7;67,0;67,0;60,2;52,4;
00:00:12,750;56,6;56,6;35,9;66,4;66,4;60,1;52,5;
00:00:12,762;56,1;56,1;35,8;66,9;66,9;60,7;52,5;
00:00:12,775;56,8;56,8;36,0;66,7;66,7;60,8;52,4;
00:00:12,787;56,6;56,6;35,7;66,8;66,8;60,6;52,6;
00:00:12,800;56,6;56,6;35,9;67,1;67,1;60,2;52,4;
00:00:12,812;56,5;56,5;35,9;66,9;66,9;60,2;52,8;
00:00:12,825;56,7;56,7;35,9;67,0;67,0;60,5;52,5;
00:00:12,837;56,5;56,5;36,0;66,8;66,8;60,7;52,9;
00:00:12,850;56,6;56,6;35,9;66,7;66,7;60,4;52,5;
00:00:12,862;56,6;56,6;35,9;66,6;66,6;60,7;52,5;
00:00:12,875;56,5;56,5;35,9;66,7;66,7;60,1;52,4;
00:00:12,887;56,7;56,7;35,9;67,2;67,2;60,5;52,3;
00:00:12,900;56,7;56,7;36,1;66,8;66,8;60,6;52,5;
00:00:12,912;56,5;56,5;36,2;67,0;67,0;60,5;52,5;
00:00:12,925;56,5;56,5;35,9;66,8;66,8;60,7;52,5;
00:00:12,937;56,4;56,4;36,3;67,2;67,2;60,8;52,5;
00:00:12,950;56,8;56,8;35,9;67,1;67,1;60,6;52,5;
00:00:12,962;56,8;56,8;36,1;66,9;66,9;60,5;53,1;
00:00:12,975;56,4;56,4;36,0;67,0;67,0;60,7;52,6;
00:00:12,987;56,6;56,6;36,0;67,2;67,2;60,5;52,5;
00:00:13,000;56,7;56,7;36,0;67,0;67,0;60,8;52,5;
00:00:13,012;56,6;56,6;35,9;67,0;67,0;60,5;52,5;
00:00:13,025;56,6;56,6;35,9;66,9;66,9;60,4;52,6;
00:00:13,037;56,5;56,5;36,0;66,9;66,9;60,5;53,0;
00:00:13,050;56,8;56,8;36,2;67,2;67,2;60,4;52,5;
00:00:13,062;56,5;56,5;36,0;67,1;67,1;60,7;52,7;
00:00:13,075;56,6;56,6;35,9;66,7;66,7;60,4;52,5;
00:00:13,087;56,8;56,8;35,9;66,8;66,8;60,6;52,6;
00:00:13,100;56,6;56,6;36,0;67,1;67,1;60,6;52,8;
00:00:13,112;56,6;56,6;35,8;66,8;66,8;60,4;52,3;
00:00:13,125;56,8;56,8;35,9;67,2;67,2;60,6;52,3;
00:00:13,137;56,5;56,5;36,1;67,0;67,0;60,4;52,5;
00:00:13,150;56,8;56,8;35,9;67,0;67,0;60,3;52,4;
00:00:13,162;56,6;56,6;35,9;66,9;66,9;60,4;52,8;
00:00:13,175;56,6;56,6;36,0;66,8;66,8;60,3;52,7;
00:00:13,187;56,7;56,7;35,8;67,1;67,1;60,5;52,5;
00:00:13,200;56,5;56,5;35,8;67,0;67,0;60,4;52,7;
00:00:13,212;56,4;56,4;36,0;66,9;66,9;60,3;52,5;
00:00:13,225;56,3;56,3;35,9;66,7;66,7;60,5;52,5;
00:00:13,237;56,4;56,4;35,7;66,7;66,7;60,3;52,4;
00:00:13,250;56,5;56,5;35,7;67,1;67,1;60,5;52,4;
00:00:13,262;56,7;56,7;35,9;66,8;66,8;60,6;52,7;
00:00:13,275;56,7;56,7;35,9;66,5;66,5;60,4;52,5;
00:00:13,287;56,7;56,7;35,8;67,0;67,0;60,3;52,5;
00:00:13,300;56,8;56,8;36,0;67,0;67,0;60,5;52,5;
00:00:13,312;56,9;56,9;36,0;66,9;66,9;60,5;52,8;
00:00:13,325;56,4;56,4;35,9;66,9;66,9;60,4;52,5;
00:00:13,337;56,6;56,6;35,8;66,9;66,9;60,4;52,5;
00:00:13,350;56,3;56,3;35,9;66,7;66,7;60,5;52,4;
00:00:13,362;56,5;56,5;36,0;66,8;66,8;60,5;52,6;
00:00:13,375;56,5;56,5;35,7;67,0;67,0;60,7;52,3;
00:00:13,387;56,4;56,4;35,9;66,8;66,8;60,6;52,5;
00:00:13,400;56,8;56,8;35,9;66,8;66,8;60,6;52,8;
00:00:13,412;56,7;56,7;35,7;67,2;67,2;60,4;52,4;
00:00:13,425;56,7;56,7;35,7;66,8;66,8;60,2;52,3;
00:00:13,437;56,8;56,8;35,7;66,7;66,7;60,2;52,2;
00:00:13,450;56,6;56,6;35,9;67,1;67,1;60,6;52,4;
00:00:13,462;56,3;56,3;35,9;66,9;66,9;60,5;52,4;
00:00:13,475;56,8;56,8;35,7;66,9;66,9;60,4;52,3;
00:00:13,487;56,8;56,8;35,8;66,7;66,7;60,2;52,3;
00:00:13,500;56,7;56,7;36,0;66,9;66,9;60,5;52,4;
00:00:13,512;56,4;56,4;35,9;66,9;66,9;60,8;52,5;
00:00:13,525;56,5;56,5;35,8;66,9;66,9;60,5;52,4;
00:00:13,537;56,9;56,9;36,0;67,0;67,0;60,2;52,8;
00:00:13,550;56,8;56,8;35,8;67,0;67,0;60,2;52,2;
00:00:13,562;56,6;56,6;35,9;66,8;66,8;60,1;52,4;
00:00:13,575;56,5;56,5;35,9;66,9;66,9;60,2;52,4;
00:00:13,587;56,9;56,9;35,7;66,8;66,8;60,1;52,3;
00:00:13,600;56,4;56,4;35,7;67,0;67,0;60,3;52,4;
00:00:13,612;56,4;56,4;35,9;66,8;66,8;60,6;52,4;
00:00:13,625;56,6;56,6;35,7;66,8;66,8;60,6;52,4;
00:00:13,637;56,3;56,3;35,8;67,3;67,3;60,4;52,4;
00:00:13,650;56,7;56,7;35,8;67,0;67,0;60,4;52,3;
00:00:13,662;56,2;56,2;35,9;66,9;66,9;61,0;52,3;
00:00:13,675;56,6;56,6;35,7;66,8;66,8;60,6;52,5;
00:00:13,687;56,7;56,7;35,7;66,8;66,8;60,7;52,5;
00:00:13,700;56,5;56,5;35,8;67,1;67,1;60,7;52,4;
00:00:13,712;56,5;56,5;35,8;67,0;67,0;60,5;52,5;
00:00:13,725;56,8;56,8;36,0;67,1;67,1;60,3;52,5;
00:00:13,737;56,5;56,5;35,7;66,8;66,8;60,6;52,5;
00:00:13,750;56,9;56,9;35,8;66,8;66,8;60,5;52,5;
00:00:13,762;56,7;56,7;35,7;67,0;67,0;60,6;52,6;
00:00:13,775;56,7;56,7;35,8;67,0;67,0;60,5;52,5;
00:00:13,787;56,5;56,5;35,7;67,1;67,1;60,5;52,2;
00:00:13,800;56,6;56,6;36,1;67,0;67,0;60,5;52,5;
00:00:13,812;56,4;56,4;35,9;67,0;67,0;60,9;52,3;
00:00:13,825;56,9;56,9;35,8;67,0;67,0;60,4;52,3;
00:00:13,837;56,7;56,7;35,9;67,1;67,1;60,6;52,4;
00:00:13,850;56,7;56,7;35,9;66,8;66,8;60,7;52,4;
00:00:13,862;57,1;57,1;36,1;67,0;67,0;60,5;52,6;
00:00:13,875;56,9;56,9;35,9;67,0;67,0;60,5;52,3;
00:00:13,887;56,5;56,5;35,9;66,7;66,7;60,5;52,5;
00:00:13,900;56,3;56,3;35,7;67,0;67,0;60,9;52,6;
00:00:13,912;56,8;56,8;35,8;66,8;66,8;60,7;52,4;
00:00:13,925;56,8;56,8;35,7;66,9;66,9;60,5;52,6;
00:00:13,937;56,4;56,4;35,7;67,0;67,0;60,5;52,2;
00:00:13,950;56,9;56,9;35,8;66,9;66,9;60,4;52,6;
00:00:13,962;56,8;56,8;35,7;66,8;66,8;60,4;52,4;
00:00:13,975;56,6;56,6;35,9;66,5;66,5;60,7;52,8;
00:00:13,987;56,6;56,6;35,6;66,5;66,5;60,2;52,3;
00:00:14,000;56,6;56,6;35,7;66,8;66,8;60,1;52,5;
00:00:14,012;56,3;56,3;35,9;66,9;66,9;60,4;52,4;
00:00:14,025;56,7;56,7;35,7;67,1;67,1;60,2;52,5;
00:00:14,037;56,8;56,8;35,7;67,0;67,0;60,3;52,5;
00:00:14,050;56,4;56,4;35,7;67,0;67,0;60,1;52,5;
00:00:14,062;56,8;56,8;35,9;67,0;67,0;60,7;52,5;
00:00:14,075;56,5;56,5;35,7;67,1;67,1;60,7;52,8;
00:00:14,087;56,8;56,8;36,2;67,1;67,1;60,6;52,4;
00:00:14,100;56,6;56,6;35,8;67,1;67,1;60,7;52,5;
00:00:14,112;56,8;56,8;35,7;67,0;67,0;60,7;52,5;
00:00:14,125;56,9;56,9;35,8;66,9;66,9;60,4;52,5;
00:00:14,137;56,8;56,8;35,9;67,2;67,2;60,7;52,8;
00:00:14,150;56,4;56,4;35,9;66,9;66,9;60,5;52,3;
00:00:14,162;56,5;56,5;35,7;67,1;67,1;60,4;52,6;
00:00:14,175;57,1;57,1;35,7;66,7;66,7;60,4;52,9;
00:00:14,187;56,7;56,7;35,7;67,1;67,1;60,7;52,4;
00:00:14,200;56,4;56,4;36,0;66,9;66,9;60,7;53,0;
00:00:14,212;56,5;56,5;35,8;66,9;66,9;60,5;52,6;
00:00:14,225;56,5;56,5;35,8;66,8;66,8;60,3;52,3;
00:00:14,237;56,5;56,5;35,8;66,7;66,7;60,4;52,5;
00:00:14,250;56,5;56,5;35,8;66,9;66,9;60,2;52,3;
00:00:14,262;56,5;56,5;35,7;66,4;66,4;60,4;52,7;
00:00:14,275;56,7;56,7;35,8;66,8;66,8;60,6;52,7;
00:00:14,287;56,7;56,7;35,7;67,1;67,1;60,3;52,3;
00:00:14,300;56,7;56,7;35,7;67,1;67,1;60,1;52,5;
00:00:14,312;56,6;56,6;36,0;67,0;67,0;60,4;52,4;
00:00:14,325;56,5;56,5;35,9;66,7;66,7;60,5;52,5;
00:00:14,337;56,6;56,6;36,0;67,0;67,0;60,4;52,6;
00:00:14,350;56,6;56,6;35,8;66,8;66,8;60,6;52,2;
00:00:14,362;56,9;56,9;35,7;66,6;66,6;60,6;52,6;
00:00:14,375;56,8;56,8;35,9;66,9;66,9;60,3;52,3;
00:00:14,387;56,6;56,6;35,9;66,8;66,8;60,5;52,4;
00:00:14,400;56,6;56,6;36,2;67,1;67,1;60,4;52,7;
00:00:14,412;56,5;56,5;35,9;67,1;67,1;60,6;52,7;
00:00:14,425;57,1;57,1;36,0;67,0;67,0;61,0;52,4;
00:00:14,437;56,4;56,4;36,0;67,0;67,0;60,5;52,6;
00:00:14,450;57,0;57,0;35,9;66,9;66,9;60,5;52,3;
00:00:14,462;56,9;56,9;36,0;67,2;67,2;60,5;52,2;
00:00:14,475;57,0;57,0;35,9;66,7;66,7;60,5;52,7;
00:00:14,487;56,9;56,9;35,9;66,6;66,6;60,7;52,5;
00:00:14,500;56,5;56,5;35,8;66,4;66,4;60,4;52,7;
00:00:14,512;56,8;56,8;35,8;66,8;66,8;60,5;52,5;
00:00:14,525;56,5;56,5;35,7;66,9;66,9;60,6;52,5;
00:00:14,537;56,4;56,4;35,9;66,9;66,9;60,6;52,7;
00:00:14,550;56,9;56,9;35,7;66,6;66,6;60,5;52,8;
00:00:14,562;56,7;56,7;35,9;66,8;66,8;60,6;52,6;
00:00:14,575;56,7;56,7;35,7;66,9;66,9;60,8;52,4;
00:00:14,587;56,5;56,5;35,7;67,0;67,0;60,2;52,3;
00:00:14,600;56,4;56,4;35,9;66,8;66,8;60,7;52,5;
00:00:14,612;56,6;56,6;36,0;66,7;66,7;60,2;52,8;
00:00:14,625;56,9;56,9;36,0;67,3;67,3;60,2;52,6;
00:00:14,637;56,7;56,7;35,7;66,7;66,7;60,9;52,4;
00:00:14,650;56,8;56,8;35,7;66,8;66,8;60,1;52,4;
00:00:14,662;56,8;56,8;35,7;67,0;67,0;60,5;52,7;
00:00:14,675;56,6;56,6;35,8;66,8;66,8;60,5;52,6;
00:00:14,687;56,6;56,6;35,9;66,8;66,8;60,3;52,4;
00:00:14,700;57,1;57,1;35,9;67,0;67,0;60,5;52,6;
00:00:14,712;56,7;56,7;36,0;66,8;66,8;60,5;52,5;
00:00:14,725;56,7;56,7;35,9;66,9;66,9;60,7;52,4;
00:00:14,737;56,7;56,7;35,7;66,6;66,6;60,5;52,4;
00:00:14,750;56,9;56,9;35,7;67,2;67,2;60,6;52,4;
00:00:14,762;56,7;56,7;36,0;66,8;66,8;60,7;52,5;
00:00:14,775;56,7;56,7;35,9;66,9;66,9;60,5;52,6;
00:00:14,787;56,6;56,6;35,8;67,0;67,0;60,6;52,8;
00:00:14,800;56,8;56,8;36,0;66,7;66,7;60,7;52,7;
00:00:14,812;56,4;56,4;35,8;66,7;66,7;60,5;52,8;
00:00:14,825;56,6;56,6;35,9;67,0;67,0;60,4;52,5;
00:00:14,837;56,5;56,5;35,7;66,8;66,8;60,2;52,8;
00:00:14,850;56,8;56,8;35,8;67,0;67,0;60,6;52,5;
00:00:14,862;56,4;56,4;35,9;66,9;66,9;60,7;52,3;
00:00:14,875;56,4;56,4;36,0;66,9;66,9;60,6;52,3;
00:00:14,887;56,4;56,4;35,7;66,8;66,8;61,0;52,8;
00:00:14,900;56,6;56,6;35,7;66,9;66,9;60,5;52,4;
00:00:14,912;56,6;56,6;35,6;66,7;66,7;60,5;52,7;
00:00:14,925;56,7;56,7;35,7;67,0;67,0;60,4;52,5;
00:00:14,937;56,6;56,6;35,9;66,8;66,8;60,4;52,0;
00:00:14,950;56,7;56,7;35,8;66,6;66,6;60,5;52,4;
00:00:14,962;56,5;56,5;35,7;67,1;67,1;60,7;52,8;
00:00:14,975;56,6;56,6;35,9;67,1;67,1;60,5;52,4;
00:00:14,987;56,5;56,5;35,7;67,1;67,1;60,5;52,3;
00:00:15,000;56,8;56,8;35,6;66,8;66,8;60,6;52,2;
00:00:15,012;56,5;56,5;35,5;66,7;66,7;60,5;52,4;
00:00:15,025;56,6;56,6;35,9;66,9;66,9;60,5;52,4;
00:00:15,037;56,3;56,3;35,6;66,4;66,4;60,4;52,4;
00:00:15,050;56,5;56,5;35,7;66,8;66,8;60,5;52,5;
00:00:15,062;56,8;56,8;35,7;66,8;66,8;60,6;52,2;
00:00:15,075;56,7;56,7;35,7;66,8;66,8;60,4;52,4;
00:00:15,087;56,3;56,3;35,6;66,9;66,9;60,4;52,5;
00:00:15,100;56,6;56,6;35,8;66,7;66,7;60,7;52,7;
00:00:15,112;56,7;56,7;35,7;67,0;67,0;60,6;52,4;
00:00:15,125;56,7;56,7;35,7;66,8;66,8;60,6;52,4;
00:00:15,137;56,7;56,7;35,7;66,9;66,9;60,5;52,3;
00:00:15,150;56,7;56,7;35,6;66,9;66,9;60,4;52,4;
00:00:15,162;56,8;56,8;35,8;66,9;66,9;60,5;52,3;
00:00:15,175;56,5;56,5;35,8;66,8;66,8;60,4;52,4;
00:00:15,187;56,8;56,8;35,7;66,8;66,8;60,5;52,7;
00:00:15,200;56,6;56,6;35,9;67,0;67,0;60,2;52,1;
00:00:15,212;56,5;56,5;35,8;66,8;66,8;60,4;52,5;
00:00:15,225;56,4;56,4;35,9;67,0;67,0;60,6;52,9;
00:00:15,237;56,4;56,4;35,5;66,8;66,8;60,6;52,5;
00:00:15,250;56,8;56,8;35,9;66,4;66,4;60,4;52,5;
00:00:15,262;56,6;56,6;35,9;66,7;66,7;60,6;52,6;
00:00:15,275;56,5;56,5;35,6;66,9;66,9;60,5;52,7;
00:00:15,287;56,6;56,6;35,4;67,0;67,0;60,2;52,4;
00:00:15,300;56,6;56,6;35,5;67,0;67,0;60,4;52,8;
00:00:15,312;56,5;56,5;35,6;66,9;66,9;60,4;52,2;
00:00:15,325;56,6;56,6;35,7;67,1;67,1;60,4;52,2;
00:00:15,337;56,2;56,2;35,6;67,0;67,0;60,4;52,1;
00:00:15,350;56,8;56,8;35,5;66,7;66,7;60,4;52,4;
00:00:15,362;56,8;56,8;35,7;67,2;67,2;60,4;52,5;
00:00:15,375;56,4;56,4;35,7;66,8;66,8;60,4;52,4;
00:00:15,387;56,6;56,6;35,8;66,9;66,9;60,4;52,4;
00:00:15,400;56,8;56,8;35,7;66,9;66,9;60,3;52,5;
00:00:15,412;56,6;56,6;35,7;66,9;66,9;60,5;52,5;
00:00:15,425;56,4;56,4;35,7;66,7;66,7;60,5;52,4;
00:00:15,437;56,4;56,4;35,5;66,8;66,8;60,6;52,3;
00:00:15,450;56,7;56,7;35,7;66,8;66,8;60,4;52,4;
00:00:15,462;56,8;56,8;35,3;67,0;67,0;59,8;52,3;
00:00:15,475;56,8;56,8;35,7;66,9;66,9;60,5;52,5;
00:00:15,487;56,5;56,5;35,7;66,7;66,7;60,3;52,7;
00:00:15,500;56,2;56,2;35,3;67,2;67,2;60,5;52,5;
00:00:15,512;56,3;56,3;35,7;67,0;67,0;60,8;52,3;
00:00:15,525;56,5;56,5;35,6;66,8;66,8;60,4;52,3;
00:00:15,537;56,4;56,4;35,5;66,8;66,8;60,4;52,4;
00:00:15,550;56,3;56,3;35,8;66,8;66,8;60,7;52,2;
00:00:15,562;56,8;56,8;35,5;67,1;67,1;60,7;52,1;
00:00:15,575;57,0;57,0;35,4;66,9;66,9;60,4;52,2;
00:00:15,587;56,5;56,5;35,6;66,8;66,8;60,2;52,2;
00:00:15,600;56,9;56,9;35,6;67,1;67,1;60,4;52,6;
00:00:15,612;56,4;56,4;35,5;66,9;66,9;60,0;52,2;
00:00:15,625;56,7;56,7;35,7;66,7;66,7;60,4;52,2;
00:00:15,637;56,5;56,5;35,6;66,7;66,7;60,6;52,4;
00:00:15,650;56,5;56,5;35,6;66,6;66,6;60,2;52,1;
00:00:15,662;56,5;56,5;35,6;66,8;66,8;60,3;52,3;
00:00:15,675;56,3;56,3;35,7;66,6;66,6;60,4;52,3;
00:00:15,687;56,2;56,2;35,6;66,8;66,8;60,8;52,4;
00:00:15,700;56,4;56,4;35,7;66,9;66,9;60,3;52,3;
00:00:15,712;56,5;56,5;36,0;66,7;66,7;60,1;52,4;
00:00:15,725;56,9;56,9;35,6;66,9;66,9;60,1;52,5;
00:00:15,737;56,6;56,6;35,5;66,9;66,9;60,4;52,2;
00:00:15,750;56,6;56,6;35,6;66,8;66,8;60,2;52,4;
00:00:15,762;56,4;56,4;35,6;66,8;66,8;60,6;52,7;
00:00:15,775;56,6;56,6;35,5;66,8;66,8;60,7;52,4;
00:00:15,787;56,6;56,6;35,6;67,4;67,4;60,7;52,8;
00:00:15,800;56,7;56,7;35,7;66,7;66,7;60,5;52,6;
00:00:15,812;56,6;56,6;35,7;67,3;67,3;60,4;52,2;
00:00:15,825;56,6;56,6;35,7;66,8;66,8;60,5;52,4;
00:00:15,837;56,6;56,6;35,4;66,9;66,9;60,8;52,2;
00:00:15,850;56,5;56,5;35,6;67,0;67,0;60,5;52,3;
00:00:15,862;56,6;56,6;35,7;66,9;66,9;60,5;52,4;
00:00:15,875;56,6;56,6;35,5;66,9;66,9;60,1;52,2;
00:00:15,887;56,6;56,6;35,6;67,3;67,3;60,6;52,3;
00:00:15,900;56,4;56,4;35,7;66,7;66,7;60,3;52,5;
00:00:15,912;56,5;56,5;35,5;66,7;66,7;60,3;52,5;
00:00:15,925;56,4;56,4;35,7;66,9;66,9;60,4;52,5;
00:00:15,937;56,8;56,8;35,5;67,1;67,1;60,4;53,0;
00:00:15,950;56,6;56,6;35,7;66,7;66,7;60,4;52,2;
00:00:15,962;56,6;56,6;35,6;67,3;67,3;60,6;52,5;
00:00:15,975;56,6;56,6;35,6;66,9;66,9;60,1;52,4;
00:00:15,987;56,8;56,8;35,4;66,9;66,9;60,3;52,4;
00:00:16,000;56,5;56,5;35,8;66,9;66,9;60,4;52,5;
00:00:16,012;56,5;56,5;35,8;66,9;66,9;60,4;52,5;
00:00:16,025;56,5;56,5;35,4;66,5;66,5;60,4;52,2;
00:00:16,037;56,3;56,3;35,6;67,1;67,1;60,3;52,5;
00:00:16,050;56,4;56,4;35,7;66,8;66,8;60,6;52,4;
00:00:16,062;56,4;56,4;35,7;66,9;66,9;60,5;52,3;
00:00:16,075;56,4;56,4;35,7;66,9;66,9;60,5;52,3;
00:00:16,087;56,8;56,8;35,5;66,9;66,9;60,6;52,5;
00:00:16,100;56,5;56,5;35,7;66,8;66,8;60,4;52,4;
00:00:16,112;56,9;56,9;35,7;67,0;67,0;60,5;52,3;
00:00:16,125;56,9;56,9;35,6;66,9;66,9;60,7;52,3;
00:00:16,137;56,9;56,9;35,6;66,9;66,9;60,7;52,3;
00:00:16,150;56,7;56,7;35,6;66,7;66,7;60,5;52,6;
00:00:16,162;56,7;56,7;35,6;67,1;67,1;60,4;52,6;
00:00:16,175;56,8;56,8;36,0;67,1;67,1;60,5;52,5;
00:00:16,187;56,6;56,6;35,6;66,7;66,7;60,6;52,8;
00:00:16,200;56,6;56,6;35,6;66,7;66,7;60,6;52,8;
00:00:16,212;56,8;56,8;35,7;67,0;67,0;60,5;52,3;
00:00:16,225;56,5;56,5;35,7;66,9;66,9;60,3;52,2;
00:00:16,237;56,6;56,6;35,6;67,0;67,0;60,3;52,5;
00:00:16,250;56,7;56,7;35,5;67,0;67,0;60,6;52,2;
00:00:16,262;56,7;56,7;35,5;67,0;67,0;60,6;52,2;
00:00:16,275;56,4;56,4;35,6;67,0;67,0;60,6;52,4;
00:00:16,287;56,4;56,4;35,8;67,0;67,0;60,1;52,4;
00:00:16,300;56,6;56,6;35,5;66,7;66,7;60,4;52,4;
00:00:16,312;56,5;56,5;35,5;66,9;66,9;60,2;52,1;
00:00:16,325;56,5;56,5;35,5;66,9;66,9;60,2;52,1;
00:00:16,337;56,4;56,4;35,6;66,8;66,8;60,5;52,4;
00:00:16,350;56,5;56,5;35,6;66,9;66,9;60,4;52,5;
00:00:16,362;56,7;56,7;35,8;66,8;66,8;60,4;52,5;
00:00:16,375;56,5;56,5;35,7;67,0;67,0;60,1;52,3;
00:00:16,387;56,5;56,5;35,7;67,0;67,0;60,1;52,3;
00:00:16,400;56,8;56,8;35,7;67,0;67,0;60,4;52,7;
00:00:16,412;56,6;56,6;35,7;66,8;66,8;60,5;52,3;
00:00:16,425;56,9;56,9;35,6;67,0;67,0;60,3;52,8;
00:00:16,437;56,8;56,8;35,7;66,7;66,7;60,4;52,3;
00:00:16,450;56,8;56,8;35,7;66,7;66,7;60,4;52,3;
00:00:16,462;56,9;56,9;35,7;66,7;66,7;60,6;52,4;
00:00:16,475;56,5;56,5;35,8;67,1;67,1;60,2;52,2;
00:00:16,487;56,4;56,4;35,6;67,2;67,2;60,5;52,4;
00:00:16,500;56,3;56,3;35,7;66,7;66,7;60,2;52,5;
00:00:16,512;56,3;56,3;35,7;66,7;66,7;60,2;52,5;
00:00:16,525;56,5;56,5;35,5;66,8;66,8;60,4;52,6;
00:00:16,537;56,6;56,6;35,8;66,9;66,9;60,5;52,3;
00:00:16,550;56,6;56,6;35,8;66,9;66,9;60,4;52,5;
00:00:16,562;56,4;56,4;35,6;66,8;66,8;60,4;52,4;
00:00:16,575;56,4;56,4;35,6;66,8;66,8;60,4;52,4;
00:00:16,587;56,8;56,8;35,6;66,9;66,9;60,4;52,4;
00:00:16,600;56,3;56,3;35,6;67,0;67,0;60,2;52,6;
00:00:16,612;56,3;56,3;35,9;67,0;67,0;60,2;52,2;
00:00:16,625;56,5;56,5;35,9;67,2;67,2;60,3;52,8;
00:00:16,637;56,5;56,5;35,9;67,2;67,2;60,3;52,8;
00:00:16,650;56,4;56,4;35,7;66,8;66,8;60,4;52,2;
00:00:16,662;56,7;56,7;35,5;66,7;66,7;60,5;52,7;
00:00:16,675;56,5;56,5;35,9;66,9;66,9;60,7;52,5;
00:00:16,687;56,7;56,7;35,9;67,1;67,1;60,7;52,5;
00:00:16,700;56,7;56,7;35,9;67,1;67,1;60,7;52,5;
00:00:16,712;56,5;56,5;35,8;67,1;67,1;60,7;52,6;
00:00:16,725;56,9;56,9;35,7;67,2;67,2;60,7;52,6;
00:00:16,737;56,4;56,4;35,6;66,9;66,9;60,3;52,5;
00:00:16,750;56,7;56,7;35,7;66,5;66,5;60,5;52,4;
00:00:16,762;56,7;56,7;35,7;66,5;66,5;60,5;52,4;
00:00:16,775;56,6;56,6;35,5;67,0;67,0;60,5;52,1;
00:00:16,787;56,7;56,7;35,5;66,8;66,8;60,4;52,9;
00:00:16,800;56,3;56,3;35,6;66,7;66,7;60,3;52,3;
00:00:16,812;56,6;56,6;35,7;66,9;66,9;60,6;52,3;
00:00:16,825;56,6;56,6;35,7;66,9;66,9;60,6;52,3;
00:00:16,837;56,4;56,4;35,5;67,0;67,0;60,5;52,5;
00:00:16,850;56,5;56,5;35,3;66,7;66,7;60,4;52,5;
00:00:16,862;56,3;56,3;35,7;66,5;66,5;60,5;52,6;
00:00:16,875;56,8;56,8;35,8;67,1;67,1;60,5;52,3;
00:00:16,887;56,8;56,8;35,8;67,1;67,1;60,5;52,3;
00:00:16,900;56,6;56,6;35,7;66,8;66,8;60,3;52,4;
00:00:16,912;56,8;56,8;35,9;66,9;66,9;60,7;52,4;
00:00:16,925;56,8;56,8;35,9;67,0;67,0;60,7;52,3;
00:00:16,937;56,6;56,6;35,7;67,0;67,0;60,6;52,4;
00:00:16,950;56,6;56,6;35,7;67,0;67,0;60,6;52,4;
00:00:16,962;56,8;56,8;35,9;66,8;66,8;60,2;52,6;
00:00:16,975;57,0;57,0;35,7;67,1;67,1;60,6;52,4;
00:00:16,987;56,5;56,5;35,7;67,0;67,0;60,1;52,3;
00:00:17,000;56,8;56,8;35,7;66,8;66,8;60,6;52,5;
00:00:17,012;56,8;56,8;35,7;66,8;66,8;60,6;52,5;
00:00:17,025;56,8;56,8;35,9;66,9;66,9;60,6;52,8;
00:00:17,037;56,7;56,7;35,9;67,0;67,0;60,3;52,4;
00:00:17,050;56,8;56,8;35,7;66,9;66,9;60,4;52,5;
00:00:17,062;56,6;56,6;35,7;67,2;67,2;60,4;52,7;
00:00:17,075;56,6;56,6;35,7;67,2;67,2;60,4;52,7;
00:00:17,087;56,5;56,5;35,8;66,9;66,9;60,6;52,2;
00:00:17,100;56,6;56,6;35,7;66,7;66,7;60,2;52,4;
00:00:17,112;56,7;56,7;35,7;66,8;66,8;60,5;52,5;
00:00:17,125;56,6;56,6;35,5;66,7;66,7;60,5;52,6;
00:00:17,137;56,6;56,6;35,5;66,7;66,7;60,5;52,6;
00:00:17,150;56,5;56,5;35,7;67,0;67,0;60,6;52,2;
00:00:17,162;56,3;56,3;35,6;66,8;66,8;60,4;52,4;
00:00:17,175;56,6;56,6;35,7;66,6;66,6;60,4;52,5;
00:00:17,187;56,6;56,6;35,7;66,8;66,8;60,4;52,6;
00:00:17,200;56,6;56,6;35,7;66,8;66,8;60,4;52,6;
00:00:17,212;56,5;56,5;35,8;66,9;66,9;59,8;52,7;
00:00:17,225;56,5;56,5;35,7;67,0;67,0;60,5;52,4;
00:00:17,237;56,4;56,4;35,5;66,9;66,9;60,4;52,3;
00:00:17,250;56,6;56,6;35,7;66,9;66,9;60,3;52,4;
00:00:17,262;56,6;56,6;35,7;66,9;66,9;60,3;52,4;
00:00:17,275;56,5;56,5;35,5;66,8;66,8;60,4;52,4;
00:00:17,287;56,6;56,6;35,3;66,7;66,7;60,2;52,4;
00:00:17,300;56,4;56,4;35,7;67,1;67,1;60,2;52,3;
00:00:17,312;56,5;56,5;35,7;67,1;67,1;60,5;52,5;
00:00:17,325;56,5;56,5;35,7;67,1;67,1;60,5;52,5;
00:00:17,337;56,4;56,4;35,6;67,0;67,0;60,6;52,7;
00:00:17,350;56,5;56,5;35,6;66,9;66,9;60,5;52,7;
00:00:17,362;56,5;56,5;35,8;67,2;67,2;60,4;52,4;
00:00:17,375;56,7;56,7;35,8;67,1;67,1;60,4;52,3;
00:00:17,387;56,7;56,7;35,8;67,1;67,1;60,4;52,3;
00:00:17,400;56,7;56,7;35,7;67,0;67,0;60,4;52,3;
00:00:17,412;56,3;56,3;35,7;66,8;66,8;60,3;52,5;
00:00:17,425;56,5;56,5;35,5;67,0;67,0;60,4;52,3;
00:00:17,437;56,6;56,6;35,4;67,0;67,0;60,5;52,2;
00:00:17,450;56,6;56,6;35,4;67,0;67,0;60,5;52,2;
00:00:17,462;56,5;56,5;35,5;67,0;67,0;60,2;52,4;
00:00:17,475;56,7;56,7;35,6;66,7;66,7;60,2;52,4;
00:00:17,487;56,6;56,6;35,7;66,9;66,9;60,5;52,8;
00:00:17,500;56,6;56,6;35,7;67,0;67,0;60,1;52,5;
00:00:17,512;56,6;56,6;35,7;67,0;67,0;60,1;52,5;
00:00:17,525;56,3;56,3;35,6;67,1;67,1;60,4;52,3;
00:00:17,537;56,7;56,7;35,6;66,6;66,6;60,4;52,4;
00:00:17,550;56,9;56,9;35,7;66,9;66,9;60,6;52,6;
00:00:17,562;56,8;56,8;35,7;67,1;67,1;60,4;52,5;
00:00:17,575;56,8;56,8;35,7;67,1;67,1;60,4;52,5;
00:00:17,587;56,7;56,7;35,7;67,0;67,0;60,5;52,8;
00:00:17,600;56,7;56,7;35,6;66,8;66,8;60,4;52,4;
00:00:17,612;56,5;56,5;35,7;67,1;67,1;60,4;52,7;
00:00:17,625;57,1;57,1;35,5;66,7;66,7;60,3;52,2;
00:00:17,637;57,1;57,1;35,5;66,7;66,7;60,3;52,2;
00:00:17,650;56,4;56,4;35,7;67,0;67,0;60,4;52,7;
00:00:17,662;56,7;56,7;35,7;67,0;67,0;60,4;52,2;
00:00:17,675;56,6;56,6;35,7;67,2;67,2;60,5;52,4;
00:00:17,687;56,6;56,6;35,6;66,9;66,9;60,5;52,8;
00:00:17,700;56,6;56,6;35,6;66,9;66,9;60,5;52,8;
00:00:17,712;56,4;56,4;35,9;67,2;67,2;60,6;52,7;
00:00:17,725;56,4;56,4;35,6;66,9;66,9;60,5;52,7;
00:00:17,737;56,5;56,5;35,7;67,0;67,0;60,0;52,3;
00:00:17,750;57,1;57,1;35,7;66,8;66,8;60,4;52,5;
00:00:17,762;57,1;57,1;35,7;66,8;66,8;60,4;52,5;
00:00:17,775;56,5;56,5;35,6;66,8;66,8;60,7;52,8;
00:00:17,787;56,9;56,9;35,9;67,1;67,1;60,4;52,6;
00:00:17,800;56,7;56,7;35,7;66,9;66,9;60,8;52,5;
00:00:17,812;56,9;56,9;35,5;66,8;66,8;60,3;52,4;
00:00:17,825;56,9;56,9;35,5;66,8;66,8;60,3;52,4;
00:00:17,837;56,3;56,3;35,7;67,3;67,3;60,6;52,4;
00:00:17,850;56,6;56,6;35,5;66,9;66,9;60,2;52,4;
00:00:17,862;56,6;56,6;35,8;66,9;66,9;60,7;52,5;
00:00:17,875;56,7;56,7;35,7;67,0;67,0;60,3;52,4;
00:00:17,887;56,7;56,7;35,7;67,0;67,0;60,3;52,4;
00:00:17,900;56,5;56,5;35,6;66,9;66,9;60,6;52,3;
00:00:17,912;56,8;56,8;36,0;66,9;66,9;60,5;52,4;
00:00:17,925;56,7;56,7;35,8;67,1;67,1;60,5;52,5;
00:00:17,937;56,5;56,5;35,9;67,0;67,0;60,5;52,5;
00:00:17,950;56,5;56,5;35,9;67,0;67,0;60,5;52,5;
00:00:17,962;57,0;57,0;35,6;66,9;66,9;60,6;52,5;
00:00:17,975;56,9;56,9;35,4;66,8;66,8;60,4;52,5;
00:00:17,987;57,1;57,1;35,9;67,1;67,1;60,5;52,3;
00:00:18,000;56,7;56,7;35,5;66,7;66,7;60,4;52,3;
00:00:18,012;56,7;56,7;35,5;66,7;66,7;60,4;52,3;
00:00:18,025;56,4;56,4;35,6;67,0;67,0;60,5;52,5;
00:00:18,037;56,7;56,7;35,8;66,9;66,9;60,1;52,6;
00:00:18,050;56,5;56,5;35,7;67,1;67,1;60,2;52,7;
00:00:18,062;56,5;56,5;35,4;66,9;66,9;60,0;52,3;
00:00:18,075;56,5;56,5;35,4;66,9;66,9;60,0;52,3;
00:00:18,087;56,5;56,5;35,9;67,0;67,0;60,0;52,7;
00:00:18,100;56,6;56,6;35,3;66,9;66,9;60,5;52,3;
00:00:18,112;56,8;56,8;35,6;66,9;66,9;60,3;52,4;
00:00:18,125;56,4;56,4;35,6;67,0;67,0;60,4;52,5;
00:00:18,137;56,4;56,4;35,6;67,0;67,0;60,4;52,5;
00:00:18,150;56,8;56,8;35,3;67,1;67,1;60,6;52,4;
00:00:18,162;56,5;56,5;35,7;67,0;67,0;60,7;52,5;
00:00:18,175;56,6;56,6;35,9;67,1;67,1;60,5;52,6;
00:00:18,187;56,5;56,5;35,6;67,1;67,1;60,3;52,5;
00:00:18,200;56,5;56,5;35,6;67,1;67,1;60,3;52,5;
00:00:18,212;56,9;56,9;35,7;66,5;66,5;60,5;52,7;
00:00:18,225;56,7;56,7;35,7;66,8;66,8;60,7;52,5;
00:00:18,237;56,6;56,6;35,5;66,9;66,9;60,2;52,5;
00:00:18,250;56,7;56,7;35,6;67,1;67,1;60,2;52,5;
00:00:18,262;56,7;56,7;35,6;67,1;67,1;60,2;52,5;
00:00:18,275;56,5;56,5;35,6;66,7;66,7;60,3;52,4;
00:00:18,287;56,7;56,7;35,6;66,8;66,8;60,6;52,6;
00:00:18,300;56,6;56,6;35,4;67,0;67,0;60,8;52,8;
00:00:18,312;56,8;56,8;35,6;67,3;67,3;60,4;52,5;
00:00:18,325;56,8;56,8;35,6;67,3;67,3;60,4;52,5;
00:00:18,337;56,7;56,7;35,6;67,0;67,0;60,2;52,2;
00:00:18,350;56,5;56,5;35,7;66,8;66,8;60,5;52,5;
00:00:18,362;56,8;56,8;35,4;66,9;66,9;60,4;52,5;
00:00:18,375;56,4;56,4;35,8;67,1;67,1;60,5;52,7;
00:00:18,387;56,4;56,4;35,8;67,1;67,1;60,5;52,7;
00:00:18,400;56,3;56,3;35,3;67,0;67,0;60,2;52,8;
00:00:18,412;56,3;56,3;35,4;66,8;66,8;60,2;52,2;
00:00:18,425;56,8;56,8;35,7;66,6;66,6;60,7;52,3;
00:00:18,437;56,6;56,6;35,6;66,9;66,9;60,6;52,6;
00:00:18,450;56,6;56,6;35,6;66,9;66,9;60,6;52,6;
00:00:18,462;56,5;56,5;35,4;66,7;66,7;60,5;52,7;
00:00:18,475;56,4;56,4;35,3;67,0;67,0;60,6;52,4;
00:00:18,487;56,6;56,6;35,6;66,8;66,8;60,5;52,4;
00:00:18,500;56,4;56,4;35,5;66,9;66,9;60,4;52,3;
00:00:18,512;56,4;56,4;35,5;66,9;66,9;60,4;52,3;
00:00:18,525;56,4;56,4;35,3;66,8;66,8;60,4;52,4;
00:00:18,537;56,6;56,6;35,3;66,8;66,8;60,1;52,4;
00:00:18,550;56,7;56,7;35,5;66,8;66,8;60,5;52,3;
00:00:18,562;56,6;56,6;35,6;66,9;66,9;60,5;52,3;
00:00:18,575;56,6;56,6;35,6;66,9;66,9;60,5;52,3;
00:00:18,587;56,4;56,4;35,8;67,0;67,0;60,6;52,4;
00:00:18,600;56,9;56,9;35,5;66,9;66,9;60,5;52,2;
00:00:18,612;56,6;56,6;35,7;67,0;67,0;60,2;52,5;
00:00:18,625;56,4;56,4;35,6;66,7;66,7;60,5;52,4;
00:00:18,637;56,4;56,4;35,6;66,7;66,7;60,5;52,4;
00:00:18,650;56,4;56,4;35,5;66,9;66,9;60,6;52,3;
00:00:18,662;56,8;56,8;35,5;66,8;66,8;60,4;52,1;
00:00:18,675;56,5;56,5;35,9;66,9;66,9;60,4;52,6;
00:00:18,687;57,1;57,1;35,5;66,6;66,6;60,4;52,8;
00:00:18,700;57,1;57,1;35,5;66,6;66,6;60,4;52,8;
00:00:18,712;56,8;56,8;35,7;66,8;66,8;60,5;52,6;
00:00:18,725;56,5;56,5;35,4;66,6;66,6;60,6;52,6;
00:00:18,737;56,8;56,8;35,7;66,9;66,9;60,6;52,5;
00:00:18,750;56,6;56,6;35,8;67,1;67,1;60,8;52,7;
00:00:18,762;56,6;56,6;35,8;67,1;67,1;60,8;52,7;
00:00:18,775;56,7;56,7;35,7;67,2;67,2;60,4;52,3;
00:00:18,787;56,6;56,6;35,5;66,9;66,9;60,1;52,6;
00:00:18,800;56,6;56,6;35,5;66,7;66,7;60,6;52,6;
00:00:18,812;56,8;56,8;35,6;67,0;67,0;60,3;52,4;
00:00:18,825;56,8;56,8;35,6;67,0;67,0;60,3;52,4;
00:00:18,837;56,7;56,7;35,5;66,8;66,8;60,6;52,2;
00:00:18,850;56,7;56,7;35,7;66,9;66,9;60,5;52,4;
00:00:18,862;56,4;56,4;35,6;67,3;67,3;60,6;52,2;
00:00:18,875;56,5;56,5;35,5;66,8;66,8;60,5;52,4;
00:00:18,887;56,5;56,5;35,5;66,8;66,8;60,5;52,4;
00:00:18,900;56,6;56,6;35,5;66,7;66,7;60,4;52,3;
00:00:18,912;56,2;56,2;35,7;66,8;66,8;60,4;52,9;
00:00:18,925;56,3;56,3;35,6;66,9;66,9;60,2;52,3;
00:00:18,937;57,1;57,1;35,7;67,0;67,0;60,6;52,5;
00:00:18,950;57,1;57,1;35,7;67,0;67,0;60,6;52,5;
00:00:18,962;56,8;56,8;35,4;66,9;66,9;60,1;52,5;
00:00:18,975;56,5;56,5;35,7;67,0;67,0;60,3;52,4;
00:00:18,987;56,6;56,6;35,5;67,1;67,1;60,6;52,5;
00:00:19,000;56,5;56,5;35,5;66,7;66,7;60,6;52,6;
00:00:19,012;56,5;56,5;35,5;66,7;66,7;60,6;52,6;
00:00:19,025;56,5;56,5;35,6;66,9;66,9;60,2;52,8;
00:00:19,037;56,7;56,7;35,6;66,9;66,9;60,3;52,5;
00:00:19,050;56,9;56,9;35,7;67,1;67,1;60,3;52,7;
00:00:19,062;56,4;56,4;35,7;66,9;66,9;60,4;52,6;
00:00:19,075;56,4;56,4;35,7;66,9;66,9;60,4;52,6;
00:00:19,087;56,8;56,8;35,7;67,3;67,3;60,5;52,7;
00:00:19,100;56,6;56,6;35,7;67,0;67,0;60,6;52,4;
00:00:19,112;56,9;56,9;35,6;66,9;66,9;60,6;52,5;
00:00:19,125;56,8;56,8;35,7;66,8;66,8;60,6;52,4;
00:00:19,137;56,8;56,8;35,7;66,8;66,8;60,6;52,4;
00:00:19,150;56,8;56,8;35,6;66,7;66,7;60,4;52,3;
00:00:19,162;56,6;56,6;35,6;66,8;66,8;60,2;52,5;
00:00:19,175;56,6;56,6;35,7;67,0;67,0;60,4;52,5;
00:00:19,187;56,5;56,5;35,6;66,9;66,9;60,6;52,4;
00:00:19,200;56,7;56,7;35,7;67,3;67,3;60,4;52,5;
00:00:19,212;56,7;56,7;35,7;67,0;67,0;60,4;52,5;
00:00:19,225;56,6;56,6;35,5;67,0;67,0;60,5;52,7;
00:00:19,237;56,8;56,8;35,5;66,9;66,9;60,6;52,4;
00:00:19,250;56,5;56,5;35,5;66,9;66,9;60,7;52,4;
00:00:19,262;56,6;56,6;35,5;67,0;67,0;60,7;52,4;
00:00:19,275;56,6;56,6;35,6;67,2;67,2;60,5;52,7;
00:00:19,287;56,4;56,4;35,5;66,9;66,9;60,6;52,4;
00:00:19,300;56,5;56,5;35,7;66,9;66,9;60,6;52,5;
00:00:19,312;57,1;57,1;35,5;66,5;66,5;60,8;52,8;
00:00:19,325;56,7;56,7;35,7;67,1;67,1;60,8;52,8;
00:00:19,337;56,6;56,6;35,9;67,3;67,3;60,4;52,4;
00:00:19,350;56,5;56,5;35,8;67,1;67,1;60,7;52,6;
00:00:19,362;56,6;56,6;35,7;66,7;66,7;60,7;52,7;
00:00:19,375;56,8;56,8;35,9;66,9;66,9;60,8;52,7;
00:00:19,387;56,9;56,9;35,7;66,9;66,9;60,9;52,3;
00:00:19,400;56,6;56,6;35,9;67,1;67,1;60,6;52,6;
00:00:19,412;56,8;56,8;35,8;66,8;66,8;60,5;52,4;
00:00:19,425;56,8;56,8;35,5;66,8;66,8;60,5;52,6;
00:00:19,437;56,7;56,7;35,5;66,9;66,9;60,7;52,5;
00:00:19,450;56,6;56,6;35,7;67,1;67,1;60,4;52,3;
00:00:19,462;56,8;56,8;35,5;66,9;66,9;60,6;52,4;
00:00:19,475;56,6;56,6;35,5;67,0;67,0;60,5;52,4;
00:00:19,487;56,6;56,6;35,7;67,0;67,0;60,2;52,5;
00:00:19,500;56,5;56,5;35,7;67,1;67,1;60,8;52,7;
00:00:19,512;56,6;56,6;35,7;66,8;66,8;60,5;52,4;
00:00:19,525;56,8;56,8;35,7;66,8;66,8;60,9;52,3;
00:00:19,537;56,5;56,5;35,8;66,9;66,9;60,3;52,5;
00:00:19,550;56,4;56,4;35,5;67,0;67,0;60,4;52,5;
00:00:19,562;56,3;56,3;35,4;66,8;66,8;60,5;52,5;
00:00:19,575;56,5;56,5;35,7;67,1;67,1;60,6;52,5;
00:00:19,587;56,5;56,5;35,7;66,7;66,7;60,5;52,5;
00:00:19,600;56,6;56,6;35,5;66,7;66,7;60,5;52,5;
00:00:19,612;56,1;56,1;35,2;67,1;67,1;60,6;52,4;
00:00:19,625;56,5;56,5;35,7;66,6;66,6;60,6;52,7;
00:00:19,637;56,5;56,5;35,6;66,8;66,8;60,4;52,4;
00:00:19,650;56,6;56,6;35,3;67,1;67,1;60,3;52,4;
00:00:19,662;56,8;56,8;35,3;66,6;66,6;60,6;52,5;
00:00:19,675;56,8;56,8;35,3;66,9;66,9;60,5;52,3;
00:00:19,687;56,6;56,6;35,5;66,8;66,8;60,6;52,4;
00:00:19,700;56,4;56,4;35,3;66,8;66,8;60,5;52,2;
00:00:19,712;56,3;56,3;35,6;66,5;66,5;60,3;52,0;
00:00:19,725;56,4;56,4;35,4;67,0;67,0;60,5;52,3;
00:00:19,737;56,8;56,8;35,6;67,1;67,1;60,4;52,7;
00:00:19,750;56,5;56,5;35,6;66,9;66,9;60,5;52,4;
00:00:19,762;56,4;56,4;35,7;67,0;67,0;60,4;52,6;
00:00:19,775;56,8;56,8;35,7;66,8;66,8;60,5;52,4;
00:00:19,787;56,6;56,6;35,5;66,7;66,7;60,4;52,6;
00:00:19,800;56,7;56,7;35,7;66,9;66,9;60,3;52,3;
00:00:19,812;56,7;56,7;35,7;67,1;67,1;60,5;52,7;
00:00:19,825;56,8;56,8;35,8;67,2;67,2;60,4;52,6;
00:00:19,837;56,3;56,3;35,5;67,2;67,2;60,6;52,4;
00:00:19,850;56,8;56,8;35,5;67,1;67,1;60,6;52,5;
00:00:19,862;56,7;56,7;35,5;67,2;67,2;60,3;52,3;
00:00:19,875;56,9;56,9;36,0;66,9;66,9;60,5;52,7;
00:00:19,887;56,4;56,4;35,7;67,3;67,3;60,2;52,6;
00:00:19,900;56,5;56,5;35,8;66,9;66,9;60,8;52,9;
00:00:19,912;56,8;56,8;35,5;66,8;66,8;60,5;52,4;
00:00:19,925;56,4;56,4;35,7;67,2;67,2;60,5;52,7;
00:00:19,937;57,1;57,1;35,9;66,8;66,8;60,3;53,1;
00:00:19,950;56,6;56,6;35,7;66,9;66,9;60,7;52,4;
00:00:19,962;56,9;56,9;35,6;67,1;67,1;60,5;52,5;
00:00:19,975;56,7;56,7;35,7;66,8;66,8;60,7;52,7;
00:00:19,987;56,6;56,6;35,7;67,1;67,1;60,6;52,4;
00:00:20,000;56,8;56,8;35,7;67,1;67,1;60,4;52,7;
00:00:20,012;56,5;56,5;35,5;66,9;66,9;60,7;52,7;
00:00:20,025;56,5;56,5;35,7;67,1;67,1;60,4;52,5;
00:00:20,037;56,6;56,6;35,5;67,1;67,1;60,5;52,7;
00:00:20,050;56,5;56,5;35,6;67,3;67,3;60,5;52,7;
00:00:20,062;56,6;56,6;35,7;67,1;67,1;60,5;52,3;
00:00:20,075;56,4;56,4;35,3;66,7;66,7;60,4;52,5;
00:00:20,087;56,5;56,5;35,5;67,1;67,1;60,4;52,5;
00:00:20,100;56,5;56,5;35,6;67,3;67,3;60,4;52,3;
00:00:20,112;57,0;57,0;35,6;66,8;66,8;60,4;52,4;
00:00:20,125;56,7;56,7;35,7;66,8;66,8;60,5;52,7;
00:00:20,137;56,5;56,5;35,5;67,2;67,2;60,5;52,4;
00:00:20,150;56,6;56,6;35,6;67,0;67,0;60,6;52,4;
00:00:20,162;56,6;56,6;35,3;67,1;67,1;60,7;52,5;
00:00:20,175;56,6;56,6;35,4;67,1;67,1;60,6;52,3;
00:00:20,187;56,8;56,8;35,5;66,8;66,8;60,4;52,3;
00:00:20,200;56,8;56,8;35,7;67,1;67,1;60,5;52,5;
00:00:20,212;56,3;56,3;35,7;67,6;67,6;60,4;52,3;
00:00:20,225;56,5;56,5;35,6;67,1;67,1;60,6;52,5;
00:00:20,237;56,8;56,8;35,3;66,9;66,9;60,7;52,6;
00:00:20,250;56,8;56,8;35,7;67,0;67,0;60,2;52,6;
00:00:20,262;56,6;56,6;35,8;67,0;67,0;61,1;52,7;
00:00:20,275;56,5;56,5;35,6;67,2;67,2;60,7;52,3;
00:00:20,287;56,5;56,5;35,6;66,7;66,7;60,4;52,8;
00:00:20,300;56,5;56,5;35,6;67,0;67,0;60,4;52,4;
00:00:20,312;56,6;56,6;35,5;67,1;67,1;60,5;51,9;
00:00:20,325;56,3;56,3;35,7;66,8;66,8;60,4;52,6;
00:00:20,337;57,1;57,1;35,5;67,4;67,4;60,7;52,6;
00:00:20,350;56,6;56,6;35,7;66,9;66,9;60,2;52,4;
00:00:20,362;56,5;56,5;35,6;67,1;67,1;60,4;52,4;
00:00:20,375;56,6;56,6;35,6;67,2;67,2;60,2;52,4;
00:00:20,387;56,5;56,5;35,5;66,9;66,9;61,0;52,4;
00:00:20,400;56,7;56,7;35,5;67,1;67,1;60,6;52,4;
00:00:20,412;56,8;56,8;35,4;66,7;66,7;60,4;52,5;
00:00:20,425;56,6;56,6;35,6;66,8;66,8;60,5;52,3;
00:00:20,437;56,6;56,6;35,6;67,2;67,2;60,6;52,5;
00:00:20,450;56,2;56,2;35,7;66,7;66,7;60,5;52,8;
00:00:20,462;56,8;56,8;35,4;66,9;66,9;60,5;52,6;
00:00:20,475;56,5;56,5;35,5;66,8;66,8;60,2;52,5;
00:00:20,487;56,3;56,3;35,5;66,9;66,9;60,4;52,4;
00:00:20,500;56,7;56,7;35,8;66,8;66,8;60,6;52,7;
00:00:20,512;56,4;56,4;35,7;67,1;67,1;60,6;52,4;
00:00:20,525;56,5;56,5;35,4;66,7;66,7;60,1;52,4;
00:00:20,537;56,4;56,4;35,4;66,9;66,9;60,2;52,0;
00:00:20,550;56,7;56,7;35,3;66,5;66,5;60,7;52,5;
00:00:20,562;56,9;56,9;35,6;66,8;66,8;60,7;52,5;
00:00:20,575;56,6;56,6;35,3;66,8;66,8;60,6;52,3;
00:00:20,587;56,6;56,6;35,4;66,9;66,9;60,5;52,7;
00:00:20,600;56,7;56,7;35,4;67,0;67,0;60,5;52,3;
00:00:20,612;56,5;56,5;35,6;67,1;67,1;60,2;52,2;
00:00:20,625;56,6;56,6;35,3;67,1;67,1;60,6;52,3;
00:00:20,637;56,6;56,6;35,5;66,7;66,7;60,6;52,5;
00:00:20,650;56,5;56,5;35,5;67,0;67,0;60,4;52,7;
00:00:20,662;56,9;56,9;35,4;66,9;66,9;60,4;52,6;
00:00:20,675;56,5;56,5;35,4;66,9;66,9;61,0;52,3;
00:00:20,687;56,9;56,9;35,4;66,9;66,9;60,4;52,7;
00:00:20,700;56,5;56,5;35,7;66,9;66,9;60,2;52,6;
00:00:20,712;56,5;56,5;35,3;67,1;67,1;60,7;52,3;
00:00:20,725;56,6;56,6;35,7;66,9;66,9;60,5;52,4;
00:00:20,737;56,4;56,4;35,5;66,9;66,9;60,5;52,3;
00:00:20,750;56,6;56,6;35,5;67,0;67,0;60,8;52,1;
00:00:20,762;56,7;56,7;35,5;66,8;66,8;60,2;52,5;
00:00:20,775;56,6;56,6;35,7;66,8;66,8;60,6;52,4;
00:00:20,787;56,7;56,7;35,2;66,8;66,8;60,6;52,3;
00:00:20,800;56,7;56,7;35,5;66,9;66,9;60,7;52,5;
00:00:20,812;56,7;56,7;35,6;66,8;66,8;60,6;52,6;
00:00:20,825;56,5;56,5;35,6;67,2;67,2;60,2;52,4;
00:00:20,837;56,7;56,7;35,5;66,9;66,9;60,4;52,4;
00:00:20,850;56,7;56,7;35,3;67,0;67,0;60,6;52,5;
00:00:20,862;56,3;56,3;35,7;67,3;67,3;60,4;52,7;
00:00:20,875;56,6;56,6;35,7;67,2;67,2;60,7;52,6;
00:00:20,887;56,7;56,7;35,8;67,0;67,0;60,5;52,2;
00:00:20,900;56,4;56,4;35,5;66,9;66,9;60,3;52,3;
00:00:20,912;56,5;56,5;35,7;67,0;67,0;60,5;52,3;
00:00:20,925;56,7;56,7;35,5;66,9;66,9;60,7;52,8;
00:00:20,937;56,5;56,5;35,5;66,9;66,9;60,3;52,5;
00:00:20,950;56,7;56,7;35,6;67,1;67,1;60,7;52,9;
00:00:20,962;56,4;56,4;35,7;67,0;67,0;60,7;53,1;
00:00:20,975;56,6;56,6;35,5;67,2;67,2;60,7;52,6;
00:00:20,987;56,6;56,6;35,6;66,8;66,8;60,4;52,4;
00:00:21,000;56,8;56,8;35,3;67,0;67,0;60,5;52,5;
00:00:21,012;56,5;56,5;35,3;67,0;67,0;60,3;52,4;
00:00:21,025;56,6;56,6;35,4;66,8;66,8;60,4;52,8;
00:00:21,037;56,8;56,8;35,5;67,2;67,2;60,6;52,5;
00:00:21,050;56,8;56,8;35,5;67,0;67,0;60,5;52,5;
00:00:21,062;56,6;56,6;35,7;66,6;66,6;60,5;53,0;
00:00:21,075;56,8;56,8;35,5;67,0;67,0;60,8;52,5;
00:00:21,087;56,5;56,5;35,7;67,0;67,0;60,5;52,5;
00:00:21,100;56,5;56,5;35,4;66,8;66,8;60,5;52,5;
00:00:21,112;56,3;56,3;35,5;67,0;67,0;60,4;52,4;
00:00:21,125;56,8;56,8;35,3;66,9;66,9;60,7;52,6;
00:00:21,137;56,5;56,5;35,9;66,9;66,9;60,6;52,5;
00:00:21,150;56,4;56,4;35,3;66,7;66,7;61,0;52,5;
00:00:21,162;56,8;56,8;35,4;67,2;67,2;60,3;52,5;
00:00:21,175;56,9;56,9;35,3;66,7;66,7;60,7;52,8;
00:00:21,187;56,4;56,4;35,4;66,7;66,7;60,5;52,5;
00:00:21,200;56,7;56,7;35,9;67,2;67,2;60,6;52,8;
00:00:21,212;56,8;56,8;35,6;66,8;66,8;60,7;52,7;
00:00:21,225;56,6;56,6;35,6;66,9;66,9;60,6;52,7;
00:00:21,237;56,5;56,5;35,5;66,7;66,7;60,5;52,5;
00:00:21,250;56,7;56,7;35,3;67,0;67,0;60,4;52,7;
00:00:21,262;56,7;56,7;35,4;67,3;67,3;60,6;52,6;
00:00:21,275;56,2;56,2;35,6;67,0;67,0;60,4;52,4;
00:00:21,287;56,8;56,8;35,3;66,7;66,7;60,4;52,7;
00:00:21,300;56,7;56,7;35,3;66,9;66,9;60,2;52,3;
00:00:21,312;56,7;56,7;35,2;66,6;66,6;60,6;52,4;
00:00:21,325;56,6;56,6;35,5;66,7;66,7;60,2;52,6;
00:00:21,337;56,5;56,5;35,3;67,0;67,0;60,4;52,4;
00:00:21,350;56,8;56,8;35,5;66,8;66,8;60,6;52,5;
00:00:21,362;56,6;56,6;35,5;66,8;66,8;60,5;52,9;
00:00:21,375;56,9;56,9;35,3;66,5;66,5;60,5;52,5;
00:00:21,387;56,6;56,6;35,3;67,0;67,0;60,5;52,5;
00:00:21,400;56,3;56,3;35,3;66,7;66,7;60,5;52,4;
00:00:21,412;56,4;56,4;35,6;66,8;66,8;60,6;52,6;
00:00:21,425;56,6;56,6;35,7;66,8;66,8;60,5;52,5;
00:00:21,437;56,4;56,4;35,2;66,7;66,7;60,5;52,5;
00:00:21,450;56,5;56,5;35,3;66,6;66,6;60,7;52,4;
00:00:21,462;56,5;56,5;35,3;66,7;66,7;60,2;52,5;
00:00:21,475;56,6;56,6;35,3;66,7;66,7;60,6;52,4;
00:00:21,487;56,4;56,4;35,5;67,0;67,0;60,4;52,4;
00:00:21,500;56,6;56,6;35,3;67,0;67,0;60,3;52,8;
00:00:21,512;56,8;56,8;35,3;66,8;66,8;60,5;52,5;
00:00:21,525;56,3;56,3;35,4;66,8;66,8;60,4;52,4;
00:00:21,537;56,4;56,4;35,4;67,0;67,0;60,5;52,5;
00:00:21,550;56,4;56,4;35,5;67,1;67,1;60,7;52,8;
00:00:21,562;56,3;56,3;35,5;66,8;66,8;60,5;52,2;
00:00:21,575;56,7;56,7;35,6;66,7;66,7;60,6;52,3;
00:00:21,587;57,0;57,0;35,4;66,9;66,9;60,0;52,6;
00:00:21,600;56,8;56,8;35,3;66,8;66,8;60,3;52,4;
00:00:21,612;56,4;56,4;35,7;67,0;67,0;60,6;52,5;
00:00:21,625;56,6;56,6;35,3;66,9;66,9;60,7;52,6;
00:00:21,637;56,8;56,8;35,7;66,9;66,9;60,8;52,4;
00:00:21,650;56,8;56,8;35,4;67,0;67,0;60,5;52,4;
00:00:21,662;56,6;56,6;35,6;67,1;67,1;60,4;52,7;
00:00:21,675;56,4;56,4;35,6;67,0;67,0;60,2;52,4;
00:00:21,687;56,6;56,6;35,7;66,9;66,9;60,4;52,3;
00:00:21,700;56,7;56,7;35,4;67,0;67,0;60,7;52,4;
00:00:21,712;56,7;56,7;35,5;67,0;67,0;60,2;52,4;
00:00:21,725;56,3;56,3;35,4;66,8;66,8;60,4;52,3;
00:00:21,737;56,8;56,8;35,4;66,9;66,9;61,0;52,1;
00:00:21,750;56,5;56,5;35,5;66,8;66,8;60,0;52,5;
00:00:21,762;56,8;56,8;35,7;67,1;67,1;60,5;52,8;
00:00:21,775;56,5;56,5;35,4;66,8;66,8;60,6;52,0;
00:00:21,787;56,7;56,7;35,4;67,1;67,1;60,3;52,5;
00:00:21,800;56,4;56,4;35,4;66,9;66,9;60,6;52,6;
00:00:21,812;56,4;56,4;35,5;66,9;66,9;60,2;52,2;
00:00:21,825;56,9;56,9;35,5;66,9;66,9;60,1;52,5;
00:00:21,837;56,8;56,8;35,5;67,1;67,1;60,4;52,3;
00:00:21,850;56,6;56,6;35,8;67,0;67,0;60,6;52,9;
00:00:21,862;56,8;56,8;35,6;66,7;66,7;60,4;52,5;
00:00:21,875;56,6;56,6;35,7;67,0;67,0;60,5;52,5;
00:00:21,887;56,6;56,6;35,4;67,2;67,2;60,5;52,5;
00:00:21,900;56,4;56,4;35,6;67,1;67,1;60,2;52,3;
00:00:21,912;56,8;56,8;35,7;66,5;66,5;60,1;52,5;
00:00:21,925;56,9;56,9;35,7;66,9;66,9;61,0;52,5;
00:00:21,937;56,4;56,4;35,7;66,9;66,9;60,4;52,5;
00:00:21,950;56,3;56,3;35,6;67,3;67,3;60,2;52,4;
00:00:21,962;56,5;56,5;35,7;66,8;66,8;60,5;52,3;
00:00:21,975;56,4;56,4;35,5;66,5;66,5;60,2;52,4;
00:00:21,987;56,6;56,6;35,5;66,8;66,8;60,5;52,5;
00:00:22,000;56,9;56,9;35,8;67,0;67,0;60,5;52,6;
00:00:22,012;56,7;56,7;35,5;67,0;67,0;60,6;52,8;
00:00:22,025;56,5;56,5;35,5;67,1;67,1;60,4;52,6;
00:00:22,037;56,7;56,7;35,8;67,1;67,1;60,6;52,5;
00:00:22,050;56,4;56,4;35,4;67,3;67,3;60,7;52,4;
00:00:22,062;56,4;56,4;35,5;67,0;67,0;60,6;52,4;
00:00:22,075;56,6;56,6;35,8;66,8;66,8;60,7;52,2;
00:00:22,087;56,8;56,8;35,7;66,9;66,9;60,4;52,4;
00:00:22,100;56,7;56,7;35,8;66,6;66,6;60,8;52,5;
00:00:22,112;56,4;56,4;35,6;66,8;66,8;60,6;52,5;
00:00:22,125;56,6;56,6;35,4;66,7;66,7;60,6;52,3;
00:00:22,137;56,8;56,8;35,4;66,8;66,8;60,4;52,6;
00:00:22,150;56,6;56,6;35,3;66,9;66,9;60,3;52,4;
00:00:22,162;56,4;56,4;35,6;66,5;66,5;60,2;52,3;
00:00:22,175;56,5;56,5;35,4;66,5;66,5;60,5;52,5;
00:00:22,187;56,3;56,3;35,5;66,9;66,9;60,3;52,4;
00:00:22,200;56,6;56,6;35,3;66,7;66,7;60,5;52,5;
00:00:22,212;56,4;56,4;35,5;66,7;66,7;60,4;52,2;
00:00:22,225;56,4;56,4;35,6;66,8;66,8;60,1;52,7;
00:00:22,237;56,6;56,6;35,3;66,8;66,8;60,4;52,5;
00:00:22,250;56,9;56,9;35,7;66,9;66,9;60,7;52,5;
00:00:22,262;56,5;56,5;35,6;66,8;66,8;60,6;52,2;
00:00:22,275;56,5;56,5;35,6;66,8;66,8;60,5;52,3;
00:00:22,287;56,6;56,6;35,4;66,9;66,9;60,4;52,3;
00:00:22,300;56,5;56,5;35,3;66,9;66,9;60,4;52,3;
00:00:22,312;56,4;56,4;35,3;66,3;66,3;60,2;52,8;
00:00:22,325;56,5;56,5;35,7;67,0;67,0;60,1;52,3;
00:00:22,337;56,8;56,8;35,5;66,7;66,7;60,3;52,3;
00:00:22,350;56,6;56,6;35,6;66,8;66,8;60,5;52,3;
00:00:22,362;56,4;56,4;35,4;67,0;67,0;60,6;52,5;
00:00:22,375;56,6;56,6;35,7;66,7;66,7;59,8;52,4;
00:00:22,387;56,5;56,5;35,7;66,9;66,9;60,4;52,6;
00:00:22,400;56,3;56,3;35,6;66,8;66,8;60,7;52,3;
00:00:22,412;56,6;56,6;35,5;66,7;66,7;60,4;52,4;
00:00:22,425;56,7;56,7;35,5;67,0;67,0;60,4;52,4;
00:00:22,437;56,3;56,3;35,7;67,2;67,2;60,7;52,6;
00:00:22,450;56,8;56,8;35,5;66,8;66,8;60,5;52,4;
00:00:22,462;56,4;56,4;35,6;66,9;66,9;60,4;52,3;
00:00:22,475;56,4;56,4;35,7;67,0;67,0;60,1;52,7;
00:00:22,487;56,4;56,4;35,6;66,8;66,8;60,5;52,5;
00:00:22,500;56,9;56,9;35,6;67,1;67,1;60,4;52,5;
00:00:22,512;56,9;56,9;35,7;67,0;67,0;60,5;52,3;
00:00:22,525;56,3;56,3;35,6;67,1;67,1;60,5;52,8;
00:00:22,537;56,6;56,6;35,8;66,8;66,8;60,3;52,8;
00:00:22,550;56,4;56,4;35,6;66,9;66,9;60,8;52,5;
00:00:22,562;56,5;56,5;35,7;66,9;66,9;60,7;52,4;
00:00:22,575;56,6;56,6;35,7;67,1;67,1;60,5;52,3;
00:00:22,587;56,3;56,3;35,5;67,0;67,0;60,3;52,7;
00:00:22,600;56,4;56,4;35,6;66,5;66,5;60,3;52,4;
00:00:22,612;56,5;56,5;35,5;66,8;66,8;59,8;52,5;
00:00:22,625;56,5;56,5;35,4;67,0;67,0;60,5;52,5;
00:00:22,637;56,6;56,6;35,5;66,9;66,9;60,4;52,6;
00:00:22,650;56,3;56,3;35,6;66,8;66,8;59,9;52,4;
00:00:22,662;56,6;56,6;35,5;66,9;66,9;60,6;52,7;
00:00:22,675;56,3;56,3;35,4;66,7;66,7;60,5;52,5;
00:00:22,687;56,4;56,4;35,5;66,7;66,7;60,2;52,3;
00:00:22,700;56,6;56,6;35,3;66,8;66,8;60,1;52,2;
00:00:22,712;56,3;56,3;35,4;67,0;67,0;60,4;52,3;
00:00:22,725;56,6;56,6;35,5;66,8;66,8;60,3;52,3;
00:00:22,737;56,6;56,6;35,4;66,7;66,7;60,6;52,5;
00:00:22,750;56,5;56,5;35,3;66,9;66,9;60,6;52,7;
00:00:22,762;56,6;56,6;35,5;66,7;66,7;60,2;52,4;
00:00:22,775;56,8;56,8;35,4;66,8;66,8;60,3;52,3;
00:00:22,787;56,1;56,1;35,3;66,7;66,7;60,2;52,4;
00:00:22,800;56,3;56,3;35,7;66,7;66,7;60,5;52,4;
00:00:22,812;56,6;56,6;35,3;66,8;66,8;60,2;52,4;
00:00:22,825;56,7;56,7;35,5;66,8;66,8;60,1;52,4;
00:00:22,837;56,9;56,9;35,5;67,0;67,0;60,6;52,4;
00:00:22,850;56,3;56,3;35,3;66,8;66,8;60,2;52,4;
00:00:22,862;56,5;56,5;35,5;67,0;67,0;60,6;52,4;
00:00:22,875;56,6;56,6;35,5;66,9;66,9;60,1;52,2;
00:00:22,887;56,5;56,5;35,3;66,9;66,9;60,5;52,1;
00:00:22,900;56,4;56,4;35,5;67,0;67,0;60,6;52,4;
00:00:22,912;56,4;56,4;35,7;66,8;66,8;60,4;52,4;
00:00:22,925;56,8;56,8;35,4;67,0;67,0;60,3;52,7;
00:00:22,937;56,5;56,5;35,5;66,8;66,8;60,5;52,7;
00:00:22,950;56,3;56,3;35,8;66,7;66,7;60,5;52,4;
00:00:22,962;56,8;56,8;35,3;66,7;66,7;60,2;52,2;
00:00:22,975;56,3;56,3;35,5;66,7;66,7;60,4;52,5;
00:00:22,987;56,6;56,6;35,3;66,7;66,7;60,4;52,3;
00:00:23,000;56,6;56,6;35,3;66,8;66,8;60,5;52,1;
00:00:23,012;56,6;56,6;35,5;66,8;66,8;60,5;52,2;
00:00:23,025;56,7;56,7;35,3;67,0;67,0;60,4;52,4;
00:00:23,037;56,9;56,9;35,6;66,8;66,8;60,4;52,0;
00:00:23,050;56,5;56,5;35,7;66,8;66,8;60,4;52,4;
00:00:23,062;56,5;56,5;35,6;67,0;67,0;60,4;52,4;
00:00:23,075;56,5;56,5;35,5;67,0;67,0;60,8;52,4;
00:00:23,087;56,3;56,3;35,7;67,0;67,0;60,2;52,3;
00:00:23,100;56,6;56,6;35,5;67,0;67,0;60,4;52,4;
00:00:23,112;56,4;56,4;35,7;66,7;66,7;60,4;52,5;
00:00:23,125;56,7;56,7;35,4;67,0;67,0;61,0;52,5;
00:00:23,137;56,9;56,9;35,4;66,8;66,8;60,7;52,5;
00:00:23,150;56,4;56,4;35,3;67,0;67,0;60,2;52,3;
00:00:23,162;56,6;56,6;35,7;66,4;66,4;60,5;52,4;
00:00:23,175;56,7;56,7;35,5;66,7;66,7;60,4;52,3;
00:00:23,187;56,5;56,5;35,6;67,1;67,1;60,7;52,3;
00:00:23,200;56,8;56,8;35,5;66,5;66,5;60,7;52,6;
00:00:23,212;56,5;56,5;35,2;67,0;67,0;60,4;52,5;
00:00:23,225;56,5;56,5;35,4;66,8;66,8;60,5;52,3;
00:00:23,237;56,2;56,2;35,7;66,8;66,8;60,1;52,8;
00:00:23,250;56,8;56,8;35,3;66,9;66,9;60,8;52,5;
00:00:23,262;56,4;56,4;35,5;66,7;66,7;60,1;52,0;
00:00:23,275;56,8;56,8;35,6;66,8;66,8;60,2;52,5;
00:00:23,287;56,4;56,4;35,6;66,8;66,8;60,4;52,7;
00:00:23,300;56,5;56,5;35,9;66,7;66,7;60,7;52,5;
00:00:23,312;56,6;56,6;35,4;67,0;67,0;60,2;52,3;
00:00:23,325;56,9;56,9;35,4;67,3;67,3;60,6;52,3;
00:00:23,337;56,6;56,6;35,6;66,6;66,6;60,4;52,1;
00:00:23,350;56,5;56,5;35,3;66,7;66,7;60,3;52,4;
00:00:23,362;56,4;56,4;35,4;66,9;66,9;60,0;52,0;
00:00:23,375;56,8;56,8;35,2;66,8;66,8;60,5;52,4;
00:00:23,387;56,6;56,6;35,5;67,0;67,0;60,6;52,4;
00:00:23,400;56,6;56,6;35,4;66,7;66,7;60,7;52,5;
00:00:23,412;56,8;56,8;35,3;67,0;67,0;60,6;52,3;
00:00:23,425;56,5;56,5;35,5;67,1;67,1;60,5;52,3;
00:00:23,437;56,6;56,6;35,6;66,7;66,7;60,4;52,5;
00:00:23,450;56,4;56,4;35,7;66,9;66,9;60,4;52,4;
00:00:23,462;56,7;56,7;35,4;66,9;66,9;60,4;52,5;
00:00:23,475;56,5;56,5;35,3;67,0;67,0;60,3;52,4;
00:00:23,487;56,6;56,6;35,5;66,7;66,7;60,0;52,7;
00:00:23,500;56,4;56,4;35,4;66,8;66,8;60,6;52,7;
00:00:23,512;56,4;56,4;35,5;67,0;67,0;60,2;52,3;
00:00:23,525;56,6;56,6;35,4;66,9;66,9;60,2;52,3;
00:00:23,537;56,4;56,4;35,3;66,9;66,9;60,2;52,5;
00:00:23,550;56,6;56,6;35,3;66,9;66,9;60,7;52,2;
00:00:23,562;56,4;56,4;35,6;67,0;67,0;60,5;52,7;
00:00:23,575;56,9;56,9;35,8;67,0;67,0;60,1;52,2;
00:00:23,587;56,5;56,5;35,7;67,1;67,1;60,6;52,3;
00:00:23,600;56,6;56,6;35,7;67,0;67,0;60,5;52,6;
00:00:23,612;56,6;56,6;35,5;66,8;66,8;60,5;52,3;
00:00:23,625;56,4;56,4;35,5;66,8;66,8;60,5;52,6;
00:00:23,637;56,6;56,6;35,3;67,3;67,3;60,1;52,3;
00:00:23,650;57,0;57,0;35,4;66,7;66,7;60,6;52,3;
00:00:23,662;56,5;56,5;35,3;66,8;66,8;60,3;52,2;
00:00:23,675;56,2;56,2;35,6;67,0;67,0;60,5;52,4;
00:00:23,687;56,8;56,8;35,3;67,0;67,0;60,9;52,4;
00:00:23,700;56,7;56,7;35,7;66,9;66,9;60,5;52,3;
00:00:23,712;56,4;56,4;35,3;66,8;66,8;60,5;52,4;
00:00:23,725;56,6;56,6;35,3;66,9;66,9;60,1;52,5;
00:00:23,737;56,5;56,5;35,3;66,9;66,9;60,5;52,3;
00:00:23,750;56,9;56,9;35,3;67,0;67,0;60,0;52,6;
00:00:23,762;56,6;56,6;35,4;67,0;67,0;60,4;52,3;
00:00:23,775;56,6;56,6;35,6;67,1;67,1;60,5;52,3;
00:00:23,787;56,3;56,3;35,3;66,8;66,8;60,3;52,4;
00:00:23,800;56,6;56,6;35,5;67,0;67,0;60,4;52,7;
00:00:23,812;56,5;56,5;35,5;66,9;66,9;60,7;52,5;
00:00:23,825;56,5;56,5;35,3;66,9;66,9;60,5;52,4;
00:00:23,837;56,6;56,6;35,2;66,8;66,8;60,2;52,3;
00:00:23,850;56,5;56,5;35,1;67,0;67,0;60,2;52,3;
00:00:23,862;56,5;56,5;35,4;66,9;66,9;60,3;52,4;
00:00:23,875;56,6;56,6;35,3;66,6;66,6;60,4;52,3;
00:00:23,887;56,3;56,3;35,2;67,0;67,0;60,7;52,2;
00:00:23,900;56,3;56,3;35,2;67,0;67,0;60,4;52,3;
00:00:23,912;56,3;56,3;35,4;67,1;67,1;60,2;52,2;
00:00:23,925;56,4;56,4;35,1;66,6;66,6;60,1;52,3;
00:00:23,937;56,4;56,4;35,2;66,5;66,5;60,3;52,4;
00:00:23,950;56,4;56,4;35,1;66,7;66,7;60,7;52,3;
00:00:23,962;56,6;56,6;35,1;66,5;66,5;60,5;52,3;
00:00:23,975;56,2;56,2;35,3;66,9;66,9;60,5;52,2;
00:00:23,987;56,5;56,5;35,6;66,6;66,6;60,4;52,4;
00:00:24,000;56,4;56,4;35,2;67,0;67,0;60,5;52,6;
00:00:24,012;56,5;56,5;35,3;66,8;66,8;60,5;52,1;
00:00:24,025;56,3;56,3;35,4;66,9;66,9;60,5;52,2;
00:00:24,037;56,5;56,5;35,3;66,9;66,9;60,3;52,2;
00:00:24,050;56,5;56,5;35,3;66,9;66,9;60,5;52,0;
00:00:24,062;56,4;56,4;35,2;66,6;66,6;60,3;52,4;
00:00:24,075;56,4;56,4;35,2;66,9;66,9;60,5;52,4;
00:00:24,087;56,5;56,5;35,5;66,9;66,9;60,5;52,3;
00:00:24,100;56,9;56,9;35,6;66,9;66,9;60,6;52,3;
00:00:24,112;56,5;56,5;35,5;66,8;66,8;60,6;52,4;
00:00:24,125;56,9;56,9;35,5;66,6;66,6;60,2;52,7;
00:00:24,137;56,3;56,3;35,3;66,9;66,9;60,5;52,4;
00:00:24,150;56,1;56,1;35,2;67,0;67,0;60,5;52,5;
00:00:24,162;56,4;56,4;35,4;66,9;66,9;60,4;52,6;
00:00:24,175;56,5;56,5;35,2;66,8;66,8;60,2;52,2;
00:00:24,187;56,8;56,8;35,3;66,9;66,9;59,8;52,6;
00:00:24,200;56,6;56,6;35,5;67,1;67,1;60,5;52,4;
00:00:24,212;56,7;56,7;35,3;66,8;66,8;60,4;52,4;
00:00:24,225;56,5;56,5;35,4;67,0;67,0;60,2;52,5;
00:00:24,237;56,7;56,7;35,5;67,0;67,0;60,7;52,5;
00:00:24,250;56,4;56,4;35,5;67,2;67,2;60,5;52,7;
00:00:24,262;56,6;56,6;35,7;67,1;67,1;60,3;52,5;
00:00:24,275;56,9;56,9;35,4;66,9;66,9;60,5;52,7;
00:00:24,287;57,0;57,0;35,4;66,7;66,7;60,7;52,4;
00:00:24,300;56,8;56,8;35,7;66,7;66,7;60,8;52,6;
00:00:24,312;56,9;56,9;35,4;66,8;66,8;60,2;52,6;
00:00:24,325;56,8;56,8;35,4;66,9;66,9;60,6;52,5;
00:00:24,337;56,6;56,6;35,2;66,8;66,8;60,4;52,4;
00:00:24,350;56,6;56,6;35,6;66,7;66,7;60,4;52,5;
00:00:24,362;56,6;56,6;35,3;67,0;67,0;60,6;52,4;
00:00:24,375;57,0;57,0;35,3;66,6;66,6;60,3;52,5;
00:00:24,387;56,4;56,4;35,5;66,7;66,7;60,8;52,3;
00:00:24,400;56,4;56,4;35,3;66,7;66,7;60,2;52,3;
00:00:24,412;56,4;56,4;35,1;66,5;66,5;60,2;52,1;
00:00:24,425;56,5;56,5;35,6;66,8;66,8;60,3;52,7;
00:00:24,437;56,9;56,9;35,4;66,7;66,7;60,7;52,6;
00:00:24,450;56,4;56,4;35,3;66,7;66,7;61,0;52,2;
00:00:24,462;57,0;57,0;35,5;66,8;66,8;60,5;52,4;
00:00:24,475;57,1;57,1;35,5;67,0;67,0;60,5;52,3;
00:00:24,487;56,4;56,4;35,7;67,0;67,0;60,6;52,3;
00:00:24,500;56,8;56,8;35,5;66,8;66,8;60,7;52,5;
00:00:24,512;56,8;56,8;35,5;67,0;67,0;60,3;52,7;
00:00:24,525;56,7;56,7;35,3;66,8;66,8;60,5;52,5;
00:00:24,537;56,8;56,8;35,3;66,9;66,9;60,4;52,3;
00:00:24,550;56,7;56,7;35,4;67,1;67,1;60,7;52,5;
00:00:24,562;56,7;56,7;35,3;67,3;67,3;60,8;52,9;
00:00:24,575;56,6;56,6;35,3;66,4;66,4;60,7;52,3;
00:00:24,587;56,8;56,8;35,5;66,9;66,9;60,5;52,4;
00:00:24,600;56,7;56,7;35,2;66,9;66,9;60,5;52,5;
00:00:24,612;56,8;56,8;35,3;66,9;66,9;60,3;52,5;
00:00:24,625;56,6;56,6;35,6;66,8;66,8;60,5;52,5;
00:00:24,637;56,2;56,2;35,1;66,8;66,8;60,2;52,5;
00:00:24,650;56,8;56,8;35,5;67,1;67,1;60,5;52,5;
00:00:24,662;56,6;56,6;35,5;66,8;66,8;60,1;52,3;
00:00:24,675;56,6;56,6;35,3;66,7;66,7;60,7;52,5;
00:00:24,687;56,8;56,8;35,5;67,1;67,1;60,3;52,3;
00:00:24,700;56,7;56,7;35,3;66,9;66,9;60,4;52,5;
00:00:24,712;56,5;56,5;35,3;67,1;67,1;60,5;52,9;
00:00:24,725;56,8;56,8;35,4;66,9;66,9;60,4;52,2;
00:00:24,737;56,6;56,6;35,1;66,8;66,8;60,6;52,3;
00:00:24,750;56,4;56,4;35,6;66,4;66,4;60,3;52,4;
00:00:24,762;56,6;56,6;35,5;66,8;66,8;60,7;52,3;
00:00:24,775;56,9;56,9;35,2;67,0;67,0;60,4;52,3;
00:00:24,787;56,8;56,8;35,3;66,8;66,8;60,4;52,4;
00:00:24,800;56,5;56,5;35,4;66,7;66,7;60,4;52,1;
00:00:24,812;56,6;56,6;35,3;66,8;66,8;60,6;52,4;
00:00:24,825;56,4;56,4;35,4;66,9;66,9;60,3;52,4;
00:00:24,837;56,6;56,6;35,4;66,7;66,7;60,2;52,6;
00:00:24,850;56,6;56,6;35,3;67,1;67,1;60,5;52,2;
00:00:24,862;56,7;56,7;35,3;67,1;67,1;60,9;52,5;
00:00:24,875;56,6;56,6;35,6;67,0;67,0;60,9;52,3;
00:00:24,887;56,7;56,7;35,3;67,1;67,1;60,5;52,4;
00:00:24,900;56,7;56,7;35,6;66,9;66,9;60,6;52,3;
00:00:24,912;56,9;56,9;35,5;67,0;67,0;60,5;52,5;
00:00:24,925;56,8;56,8;35,3;66,9;66,9;60,2;52,3;
00:00:24,937;56,9;56,9;35,7;67,1;67,1;60,3;52,3;
00:00:24,950;56,9;56,9;35,4;67,0;67,0;60,2;52,6;
00:00:24,962;56,4;56,4;35,4;66,6;66,6;60,6;52,5;
00:00:24,975;56,4;56,4;35,6;66,8;66,8;60,8;52,5;
00:00:24,987;56,4;56,4;35,3;66,9;66,9;60,5;52,5;
00:00:25,000;56,6;56,6;35,6;66,8;66,8;60,6;52,3;
00:00:25,012;56,7;56,7;35,3;67,1;67,1;60,7;52,5;
00:00:25,025;56,8;56,8;35,5;66,8;66,8;60,7;52,2;
00:00:25,037;56,5;56,5;35,3;67,0;67,0;60,7;52,2;
00:00:25,050;56,4;56,4;35,3;67,1;67,1;60,7;52,5;
00:00:25,062;56,7;56,7;35,5;66,9;66,9;60,6;52,5;
00:00:25,075;56,7;56,7;35,3;67,2;67,2;60,7;52,3;
00:00:25,087;56,4;56,4;35,3;66,8;66,8;60,6;52,4;
00:00:25,100;56,8;56,8;35,3;67,0;67,0;60,7;52,3;
00:00:25,112;56,9;56,9;35,3;66,9;66,9;60,6;52,3;
00:00:25,125;56,7;56,7;35,4;67,1;67,1;60,8;52,4;
00:00:25,137;56,5;56,5;35,3;67,0;67,0;60,9;52,3;
00:00:25,150;56,7;56,7;35,3;66,7;66,7;60,5;52,4;
00:00:25,162;56,8;56,8;35,5;66,6;66,6;60,5;52,3;
00:00:25,175;56,6;56,6;35,6;67,2;67,2;60,7;52,3;
00:00:25,187;56,6;56,6;35,2;67,0;67,0;60,6;52,4;
00:00:25,200;56,8;56,8;35,5;67,0;67,0;61,0;52,4;
00:00:25,212;57,2;57,2;35,2;67,0;67,0;60,5;52,4;
00:00:25,225;56,5;56,5;35,4;67,3;67,3;60,5;52,6;
00:00:25,237;56,6;56,6;35,3;67,1;67,1;60,7;52,4;
00:00:25,250;56,7;56,7;35,5;66,9;66,9;60,6;52,7;
00:00:25,262;56,5;56,5;35,2;67,0;67,0;60,1;52,8;
00:00:25,275;56,9;56,9;35,4;66,9;66,9;60,2;52,6;
00:00:25,287;56,7;56,7;35,7;66,7;66,7;60,6;52,4;
00:00:25,300;56,9;56,9;35,7;67,1;67,1;60,3;52,5;
00:00:25,312;56,8;56,8;35,2;66,8;66,8;60,5;52,5;
00:00:25,325;56,6;56,6;35,4;66,9;66,9;60,3;52,4;
00:00:25,337;56,5;56,5;35,3;67,0;67,0;60,7;52,8;
00:00:25,350;57,1;57,1;35,4;66,9;66,9;60,5;52,2;
00:00:25,362;56,7;56,7;35,7;67,1;67,1;61,0;52,3;
00:00:25,375;57,0;57,0;35,3;67,1;67,1;60,6;52,5;
00:00:25,387;56,5;56,5;35,5;67,0;67,0;60,7;52,4;
00:00:25,400;56,9;56,9;35,7;66,8;66,8;60,5;52,1;
00:00:25,412;56,6;56,6;35,5;66,9;66,9;60,4;52,4;
00:00:25,425;56,7;56,7;35,8;66,8;66,8;60,4;52,3;
00:00:25,437;56,8;56,8;35,3;66,7;66,7;60,5;52,5;
00:00:25,450;56,6;56,6;35,3;66,5;66,5;60,6;52,4;
00:00:25,462;56,4;56,4;35,5;66,8;66,8;60,6;52,4;
00:00:25,475;56,6;56,6;35,4;66,9;66,9;60,8;52,6;
00:00:25,487;56,7;56,7;35,5;67,1;67,1;61,2;52,7;
00:00:25,500;56,8;56,8;35,6;67,3;67,3;60,6;52,4;
00:00:25,512;56,9;56,9;35,4;67,1;67,1;60,9;52,3;
00:00:25,525;56,7;56,7;35,5;66,8;66,8;60,7;52,4;
00:00:25,537;56,9;56,9;35,7;66,8;66,8;60,5;52,4;
00:00:25,550;56,7;56,7;35,6;66,9;66,9;60,7;52,3;
00:00:25,562;56,7;56,7;35,5;67,2;67,2;60,8;52,5;
00:00:25,575;56,6;56,6;35,7;66,7;66,7;60,9;52,4;
00:00:25,587;56,8;56,8;35,5;67,1;67,1;60,5;52,4;
00:00:25,600;56,5;56,5;35,5;67,0;67,0;60,7;52,8;
00:00:25,612;56,6;56,6;35,4;66,6;66,6;60,7;52,5;
00:00:25,625;56,8;56,8;35,2;67,1;67,1;60,6;52,7;
00:00:25,637;57,0;57,0;35,5;67,0;67,0;60,8;52,4;
00:00:25,650;56,5;56,5;35,3;66,9;66,9;60,5;52,4;
00:00:25,662;56,8;56,8;35,3;66,9;66,9;60,8;52,5;
00:00:25,675;56,7;56,7;35,4;67,1;67,1;60,9;52,2;
00:00:25,687;56,6;56,6;35,6;66,8;66,8;60,5;52,4;
00:00:25,700;56,7;56,7;35,3;66,8;66,8;60,8;52,6;
00:00:25,712;56,8;56,8;35,5;66,9;66,9;60,7;52,7;
00:00:25,725;56,7;56,7;35,2;67,1;67,1;60,5;52,3;
00:00:25,737;56,4;56,4;35,1;66,7;66,7;60,8;52,4;
00:00:25,750;56,4;56,4;35,3;66,8;66,8;60,7;52,3;
00:00:25,762;56,4;56,4;35,4;66,6;66,6;60,5;52,4;
00:00:25,775;56,9;56,9;35,5;66,9;66,9;60,8;52,5;
00:00:25,787;56,9;56,9;35,4;67,0;67,0;60,5;52,5;
00:00:25,800;56,6;56,6;35,7;67,3;67,3;60,4;52,6;
00:00:25,812;56,8;56,8;35,3;67,2;67,2;60,7;52,4;
00:00:25,825;56,6;56,6;35,4;66,9;66,9;60,4;52,4;
00:00:25,837;56,5;56,5;35,3;67,0;67,0;60,6;52,2;
00:00:25,850;56,6;56,6;35,3;67,0;67,0;60,5;52,2;
00:00:25,862;56,7;56,7;35,3;67,1;67,1;60,6;52,6;
00:00:25,875;56,6;56,6;35,5;66,5;66,5;60,5;52,3;
00:00:25,887;56,8;56,8;35,4;66,9;66,9;60,7;52,5;
00:00:25,900;56,6;56,6;35,3;66,7;66,7;60,1;52,4;
00:00:25,912;56,6;56,6;35,5;67,1;67,1;60,6;52,7;
00:00:25,925;56,9;56,9;35,4;67,0;67,0;61,0;52,8;
00:00:25,937;56,4;56,4;35,7;67,1;67,1;61,0;52,6;
00:00:25,950;56,8;56,8;35,5;67,1;67,1;60,7;52,8;
00:00:25,962;56,8;56,8;35,5;67,0;67,0;60,6;52,4;
00:00:25,975;56,5;56,5;35,3;66,8;66,8;60,7;52,5;
00:00:25,987;56,7;56,7;35,5;67,1;67,1;60,4;52,7;
00:00:26,000;56,5;56,5;35,3;67,0;67,0;60,3;52,4;
00:00:26,012;56,6;56,6;35,5;67,4;67,4;60,7;52,6;
00:00:26,025;56,7;56,7;35,3;67,0;67,0;60,5;52,4;
00:00:26,037;56,6;56,6;35,3;66,7;66,7;60,6;52,7;
00:00:26,050;56,7;56,7;35,4;67,0;67,0;60,2;52,3;
00:00:26,062;56,4;56,4;35,3;67,0;67,0;60,6;52,5;
00:00:26,075;56,3;56,3;35,3;66,9;66,9;60,6;52,5;
00:00:26,087;56,8;56,8;35,4;66,9;66,9;60,7;52,3;
00:00:26,100;56,6;56,6;35,5;66,9;66,9;60,5;52,6;
00:00:26,112;56,6;56,6;35,1;66,9;66,9;60,2;52,5;
00:00:26,125;56,6;56,6;35,4;67,0;67,0;60,6;52,6;
00:00:26,137;56,9;56,9;35,6;67,0;67,0;60,6;52,7;
00:00:26,150;56,6;56,6;35,5;66,7;66,7;60,6;52,6;
00:00:26,162;56,8;56,8;35,5;67,2;67,2;60,6;52,8;
00:00:26,175;56,7;56,7;35,5;67,1;67,1;60,1;52,5;
00:00:26,187;56,7;56,7;35,2;66,8;66,8;60,2;52,5;
00:00:26,200;56,8;56,8;35,3;67,1;67,1;60,9;52,7;
00:00:26,212;56,3;56,3;35,3;66,8;66,8;60,2;52,5;
00:00:26,225;56,4;56,4;35,2;67,0;67,0;60,6;52,5;
00:00:26,237;56,6;56,6;35,4;66,9;66,9;61,0;52,6;
00:00:26,250;56,8;56,8;35,1;66,9;66,9;60,9;52,5;
00:00:26,262;56,5;56,5;35,2;67,1;67,1;60,5;52,2;
00:00:26,275;56,7;56,7;35,1;67,0;67,0;60,5;52,4;
00:00:26,287;56,5;56,5;35,2;67,1;67,1;60,4;52,7;
00:00:26,300;56,7;56,7;35,6;66,8;66,8;60,8;52,5;
00:00:26,312;56,9;56,9;35,3;67,0;67,0;60,3;52,4;
00:00:26,325;56,5;56,5;35,6;67,0;67,0;60,5;52,6;
00:00:26,337;56,6;56,6;35,5;67,0;67,0;60,5;52,4;
00:00:26,350;56,5;56,5;35,4;67,2;67,2;60,7;52,8;
00:00:26,362;56,8;56,8;35,5;67,1;67,1;61,0;52,6;
00:00:26,375;56,6;56,6;35,5;67,1;67,1;60,7;52,8;
00:00:26,387;56,6;56,6;35,4;67,2;67,2;60,5;52,5;
00:00:26,400;56,4;56,4;35,2;66,9;66,9;60,4;52,7;
00:00:26,412;56,8;56,8;35,4;67,0;67,0;60,7;52,5;
00:00:26,425;56,9;56,9;35,4;67,1;67,1;60,6;52,6;
00:00:26,437;56,8;56,8;35,4;66,7;66,7;60,5;52,3;
00:00:26,450;56,4;56,4;35,4;67,2;67,2;60,4;52,7;
00:00:26,462;56,6;56,6;35,1;66,7;66,7;61,0;52,7;
00:00:26,475;56,5;56,5;35,2;67,2;67,2;60,4;52,5;
00:00:26,487;56,6;56,6;35,3;67,0;67,0;60,5;52,3;
00:00:26,500;56,9;56,9;35,3;67,1;67,1;60,5;52,4;
00:00:26,512;56,4;56,4;35,1;66,9;66,9;60,5;52,3;
00:00:26,525;56,9;56,9;35,2;67,0;67,0;60,4;52,2;
00:00:26,537;56,5;56,5;35,3;66,9;66,9;60,2;52,5;
00:00:26,550;56,8;56,8;35,3;67,1;67,1;60,3;52,5;
00:00:26,562;56,9;56,9;35,4;67,0;67,0;60,2;52,4;
00:00:26,575;56,6;56,6;35,2;66,9;66,9;60,9;52,4;
00:00:26,587;56,7;56,7;35,6;66,8;66,8;60,4;52,5;
00:00:26,600;56,6;56,6;35,3;67,0;67,0;60,5;52,3;
00:00:26,612;56,9;56,9;35,3;67,1;67,1;60,8;52,7;
00:00:26,625;56,9;56,9;35,5;67,0;67,0;60,5;52,4;
00:00:26,637;56,4;56,4;35,3;67,2;67,2;60,5;52,8;
00:00:26,650;56,5;56,5;35,4;67,1;67,1;60,8;52,6;
00:00:26,662;56,7;56,7;35,5;66,9;66,9;60,6;52,4;
00:00:26,675;56,8;56,8;35,6;66,8;66,8;60,5;52,8;
00:00:26,687;56,4;56,4;35,5;67,1;67,1;60,4;52,4;
00:00:26,700;56,6;56,6;35,3;67,2;67,2;60,2;52,8;
00:00:26,712;57,1;57,1;35,2;67,1;67,1;60,6;52,8;
00:00:26,725;56,6;56,6;35,5;67,1;67,1;60,6;52,7;
00:00:26,737;57,2;57,2;35,5;66,9;66,9;60,8;52,6;
00:00:26,750;56,5;56,5;35,3;67,1;67,1;60,2;52,6;
00:00:26,762;56,8;56,8;35,4;67,0;67,0;60,9;52,5;
00:00:26,775;56,5;56,5;35,5;67,0;67,0;60,9;52,8;
00:00:26,787;56,8;56,8;35,4;66,8;66,8;61,0;52,7;
00:00:26,800;57,1;57,1;35,3;67,3;67,3;60,6;52,7;
00:00:26,812;56,6;56,6;35,3;67,0;67,0;60,5;52,4;
00:00:26,825;56,6;56,6;35,3;66,8;66,8;60,4;52,7;
00:00:26,837;57,0;57,0;35,4;67,0;67,0;60,5;52,5;
00:00:26,850;56,7;56,7;35,3;67,0;67,0;60,5;52,3;
00:00:26,862;56,6;56,6;35,1;67,0;67,0;60,5;52,5;
00:00:26,875;56,4;56,4;35,1;67,3;67,3;60,6;52,1;
00:00:26,887;56,6;56,6;35,4;67,0;67,0;60,6;52,3;
00:00:26,900;56,8;56,8;35,3;67,3;67,3;60,6;52,3;
00:00:26,912;56,6;56,6;35,2;66,7;66,7;60,4;52,6;
00:00:26,925;57,0;57,0;35,4;66,8;66,8;60,4;52,5;
00:00:26,937;56,7;56,7;35,5;67,2;67,2;60,5;52,5;
00:00:26,950;56,6;56,6;35,1;67,1;67,1;60,6;52,3;
00:00:26,962;56,8;56,8;35,3;66,9;66,9;60,9;52,2;
00:00:26,975;56,5;56,5;35,5;67,1;67,1;60,1;52,4;
00:00:26,987;56,5;56,5;35,6;67,1;67,1;60,6;52,6;
00:00:27,000;56,6;56,6;35,2;66,8;66,8;60,1;52,8;
00:00:27,012;56,5;56,5;35,3;67,0;67,0;60,4;52,3;
00:00:27,025;56,7;56,7;35,1;67,2;67,2;60,4;52,5;
00:00:27,037;56,8;56,8;35,3;67,2;67,2;60,5;52,2;
00:00:27,050;56,6;56,6;35,2;67,2;67,2;60,6;52,5;
00:00:27,062;56,8;56,8;35,3;66,8;66,8;60,5;52,6;
00:00:27,075;56,4;56,4;35,2;67,0;67,0;60,5;52,4;
00:00:27,087;57,0;57,0;35,1;67,1;67,1;60,2;52,2;
00:00:27,100;56,6;56,6;35,2;66,9;66,9;60,5;52,5;
00:00:27,112;56,4;56,4;35,3;67,0;67,0;60,6;52,2;
00:00:27,125;56,5;56,5;35,3;66,7;66,7;60,2;52,5;
00:00:27,137;56,8;56,8;35,6;66,9;66,9;60,7;52,1;
00:00:27,150;56,6;56,6;35,3;66,7;66,7;60,2;52,4;
00:00:27,162;56,8;56,8;35,2;67,1;67,1;60,4;52,6;
00:00:27,175;56,9;56,9;35,2;66,9;66,9;60,6;52,3;
00:00:27,187;56,7;56,7;35,2;66,8;66,8;60,4;52,3;
00:00:27,200;56,6;56,6;35,3;66,9;66,9;60,5;52,5;
00:00:27,212;56,8;56,8;35,3;66,8;66,8;60,6;52,3;
00:00:27,225;56,5;56,5;35,5;66,8;66,8;60,7;52,4;
00:00:27,237;56,9;56,9;35,3;66,9;66,9;60,9;52,3;
00:00:27,250;57,1;57,1;35,5;67,0;67,0;60,6;52,5;
00:00:27,262;56,5;56,5;35,4;67,2;67,2;60,3;52,4;
00:00:27,275;56,6;56,6;35,3;67,1;67,1;60,2;52,3;
00:00:27,287;57,1;57,1;35,5;67,2;67,2;60,5;52,3;
00:00:27,300;56,9;56,9;35,4;67,1;67,1;60,7;52,7;
00:00:27,312;56,7;56,7;35,4;66,9;66,9;60,7;52,6;
00:00:27,325;56,8;56,8;35,3;67,1;67,1;60,8;52,5;
00:00:27,337;56,8;56,8;35,3;67,0;67,0;60,7;52,5;
00:00:27,350;57,2;57,2;35,3;67,2;67,2;60,5;52,4;
00:00:27,362;56,9;56,9;35,5;66,9;66,9;60,5;52,4;
00:00:27,375;56,9;56,9;35,3;67,0;67,0;60,9;52,5;
00:00:27,387;56,8;56,8;35,3;66,8;66,8;60,4;52,5;
00:00:27,400;56,8;56,8;35,3;66,8;66,8;60,5;52,4;
00:00:27,412;56,7;56,7;35,3;66,8;66,8;60,5;52,3;
00:00:27,425;56,8;56,8;35,3;66,8;66,8;60,2;52,4;
00:00:27,437;56,7;56,7;35,3;67,3;67,3;60,5;52,5;
00:00:27,450;56,5;56,5;35,3;67,3;67,3;60,9;52,5;
00:00:27,462;56,7;56,7;35,5;66,8;66,8;60,2;52,3;
00:00:27,475;56,5;56,5;35,3;66,8;66,8;60,6;52,5;
00:00:27,487;57,1;57,1;35,7;66,7;66,7;60,6;52,4;
00:00:27,500;56,5;56,5;35,3;67,1;67,1;60,5;52,3;
00:00:27,512;56,6;56,6;35,3;67,0;67,0;61,0;52,4;
00:00:27,525;57,0;57,0;35,3;66,9;66,9;60,8;52,2;
00:00:27,537;56,4;56,4;35,2;67,0;67,0;60,5;52,4;
00:00:27,550;56,6;56,6;35,3;66,9;66,9;60,7;52,4;
00:00:27,562;56,8;56,8;35,3;67,1;67,1;60,7;52,3;
00:00:27,575;56,5;56,5;35,3;66,9;66,9;60,6;52,4;
00:00:27,587;56,8;56,8;35,3;67,0;67,0;60,6;52,7;
00:00:27,600;56,8;56,8;35,3;67,3;67,3;60,7;52,4;
00:00:27,612;56,7;56,7;35,3;67,1;67,1;60,4;52,2;
00:00:27,625;56,6;56,6;35,4;66,9;66,9;60,7;52,4;
00:00:27,637;56,7;56,7;35,4;66,9;66,9;60,7;52,7;
00:00:27,650;56,5;56,5;35,3;67,3;67,3;60,7;52,9;
00:00:27,662;56,9;56,9;35,2;66,9;66,9;60,6;52,6;
00:00:27,675;56,5;56,5;35,3;66,9;66,9;60,5;52,5;
00:00:27,687;56,9;56,9;35,3;67,2;67,2;60,5;52,7;
00:00:27,700;56,4;56,4;35,3;67,4;67,4;60,9;52,7;
00:00:27,712;56,6;56,6;35,4;66,8;66,8;60,5;52,3;
00:00:27,725;56,6;56,6;35,5;67,0;67,0;60,4;52,5;
00:00:27,737;56,7;56,7;35,3;67,4;67,4;60,6;52,5;
00:00:27,750;56,7;56,7;35,3;66,9;66,9;60,9;52,4;
00:00:27,762;56,9;56,9;35,3;67,1;67,1;60,6;52,8;
00:00:27,775;56,3;56,3;35,2;66,9;66,9;61,0;52,2;
00:00:27,787;56,6;56,6;35,1;66,9;66,9;60,5;52,7;
00:00:27,800;56,5;56,5;35,1;66,9;66,9;60,4;52,5;
00:00:27,812;56,6;56,6;35,1;67,1;67,1;60,6;52,4;
00:00:27,825;56,6;56,6;35,3;66,9;66,9;60,4;52,5;
00:00:27,837;56,7;56,7;35,3;67,1;67,1;60,4;52,5;
00:00:27,850;56,8;56,8;35,3;66,9;66,9;60,5;52,4;
00:00:27,862;56,5;56,5;35,3;67,0;67,0;60,6;52,4;
00:00:27,875;56,7;56,7;35,2;67,0;67,0;60,4;52,6;
00:00:27,887;56,6;56,6;35,3;66,8;66,8;60,7;52,6;
00:00:27,900;56,5;56,5;35,2;67,0;67,0;60,5;52,4;
00:00:27,912;56,6;56,6;35,2;66,7;66,7;60,7;52,6;
00:00:27,925;56,8;56,8;35,4;67,1;67,1;60,6;52,5;
00:00:27,937;56,4;56,4;35,2;66,8;66,8;60,6;52,0;
00:00:27,950;56,3;56,3;35,2;67,1;67,1;60,5;52,6;
00:00:27,962;56,7;56,7;35,2;66,8;66,8;60,7;52,6;
00:00:27,975;56,5;56,5;35,1;67,0;67,0;60,6;52,3;
00:00:27,987;56,6;56,6;35,3;66,9;66,9;60,5;52,3;
00:00:28,000;56,7;56,7;35,6;66,7;66,7;60,8;52,5;
00:00:28,012;56,8;56,8;35,7;66,7;66,7;60,8;52,7;
00:00:28,025;56,5;56,5;35,6;67,2;67,2;60,5;52,2;
00:00:28,037;56,9;56,9;35,3;67,2;67,2;60,5;52,4;
00:00:28,050;56,5;56,5;35,3;67,1;67,1;60,8;52,4;
00:00:28,062;56,9;56,9;35,2;67,3;67,3;60,7;52,3;
00:00:28,075;56,5;56,5;35,3;66,8;66,8;60,6;52,4;
00:00:28,087;56,6;56,6;35,5;67,1;67,1;60,2;52,6;
00:00:28,100;56,6;56,6;35,1;67,0;67,0;60,4;52,4;
00:00:28,112;56,8;56,8;35,3;66,8;66,8;60,5;52,4;
00:00:28,125;56,6;56,6;35,6;67,1;67,1;60,4;52,5;
00:00:28,137;56,8;56,8;35,3;66,6;66,6;60,6;52,2;
00:00:28,150;56,5;56,5;35,3;67,0;67,0;60,4;52,2;
00:00:28,162;57,0;57,0;35,3;66,8;66,8;60,5;52,3;
00:00:28,175;56,4;56,4;35,5;67,1;67,1;60,4;52,5;
00:00:28,187;56,6;56,6;35,3;67,2;67,2;60,1;52,5;
00:00:28,200;56,8;56,8;35,2;66,9;66,9;60,6;52,6;
00:00:28,212;56,4;56,4;35,3;67,0;67,0;60,5;52,5;
00:00:28,225;56,5;56,5;35,4;66,7;66,7;60,9;52,7;
00:00:28,237;56,6;56,6;35,3;66,8;66,8;60,6;52,3;
00:00:28,250;56,5;56,5;35,5;66,8;66,8;60,4;52,4;
00:00:28,262;56,9;56,9;35,2;67,3;67,3;60,6;52,5;
00:00:28,275;56,5;56,5;35,2;67,1;67,1;60,7;52,5;
00:00:28,287;56,6;56,6;35,2;67,0;67,0;60,6;52,5;
00:00:28,300;56,6;56,6;35,3;66,9;66,9;60,5;52,3;
00:00:28,312;56,9;56,9;35,3;67,2;67,2;60,6;52,0;
00:00:28,325;56,7;56,7;35,1;66,7;66,7;60,6;52,1;
00:00:28,337;56,6;56,6;35,4;67,0;67,0;60,2;52,3;
00:00:28,350;56,4;56,4;35,3;66,9;66,9;60,6;52,2;
00:00:28,362;56,8;56,8;35,5;66,6;66,6;60,7;52,2;
00:00:28,375;56,8;56,8;35,3;66,9;66,9;60,4;52,3;
00:00:28,387;56,5;56,5;35,1;66,8;66,8;60,6;52,0;
00:00:28,400;56,5;56,5;35,1;66,9;66,9;60,7;52,2;
00:00:28,412;56,7;56,7;35,3;67,1;67,1;60,6;52,5;
00:00:28,425;56,5;56,5;35,3;67,1;67,1;60,5;52,3;
00:00:28,437;56,6;56,6;35,3;66,8;66,8;60,5;52,3;
00:00:28,450;56,8;56,8;35,3;67,4;67,4;60,5;52,3;
00:00:28,462;57,1;57,1;35,4;66,9;66,9;60,5;52,4;
00:00:28,475;56,5;56,5;35,3;66,6;66,6;60,7;52,4;
00:00:28,487;56,3;56,3;35,1;67,0;67,0;60,4;52,4;
00:00:28,500;56,6;56,6;35,3;66,6;66,6;60,6;52,4;
00:00:28,512;56,7;56,7;35,5;67,2;67,2;60,3;52,6;
00:00:28,525;56,6;56,6;35,3;66,7;66,7;60,5;52,3;
00:00:28,537;56,5;56,5;35,3;66,9;66,9;60,7;52,2;
00:00:28,550;56,9;56,9;35,2;67,1;67,1;60,5;52,3;
00:00:28,562;56,6;56,6;35,2;67,3;67,3;60,4;52,4;
00:00:28,575;56,7;56,7;35,1;66,9;66,9;60,5;52,3;
00:00:28,587;56,5;56,5;35,3;67,0;67,0;60,2;52,0;
00:00:28,600;56,7;56,7;35,3;67,3;67,3;60,4;52,4;
00:00:28,612;56,6;56,6;35,3;67,0;67,0;60,7;52,4;
00:00:28,625;56,4;56,4;35,3;66,4;66,4;60,4;52,4;
00:00:28,637;56,8;56,8;35,3;66,9;66,9;60,7;52,2;
00:00:28,650;56,5;56,5;35,2;66,8;66,8;60,4;52,4;
00:00:28,662;56,5;56,5;35,2;66,9;66,9;60,2;52,5;
00:00:28,675;56,5;56,5;35,1;66,6;66,6;60,5;52,3;
00:00:28,687;56,7;56,7;35,2;66,8;66,8;60,8;52,7;
00:00:28,700;56,6;56,6;35,2;67,0;67,0;60,5;52,2;
00:00:28,712;56,5;56,5;35,3;66,6;66,6;60,5;52,3;
00:00:28,725;56,6;56,6;35,1;66,6;66,6;60,3;52,5;
00:00:28,737;56,4;56,4;35,2;67,1;67,1;60,8;52,2;
00:00:28,750;56,3;56,3;35,3;67,0;67,0;60,5;52,2;
00:00:28,762;56,7;56,7;35,1;67,1;67,1;60,2;52,5;
00:00:28,775;57,1;57,1;35,2;67,0;67,0;60,5;52,3;
00:00:28,787;56,4;56,4;35,1;66,5;66,5;60,3;52,2;
00:00:28,800;56,6;56,6;35,2;66,8;66,8;60,7;52,5;
00:00:28,812;56,8;56,8;35,3;66,9;66,9;60,4;52,7;
00:00:28,825;56,5;56,5;35,3;66,8;66,8;60,5;52,7;
00:00:28,837;56,6;56,6;35,3;67,2;67,2;60,7;52,4;
00:00:28,850;56,5;56,5;35,3;66,6;66,6;60,5;52,8;
00:00:28,862;56,5;56,5;35,1;67,1;67,1;60,6;52,4;
00:00:28,875;56,5;56,5;35,1;67,2;67,2;60,6;52,4;
00:00:28,887;56,6;56,6;35,1;67,1;67,1;60,9;52,5;
00:00:28,900;56,8;56,8;35,2;66,8;66,8;60,9;52,6;
00:00:28,912;56,8;56,8;35,3;67,2;67,2;60,7;52,1;
00:00:28,925;56,8;56,8;35,1;66,9;66,9;60,8;52,6;
00:00:28,937;56,7;56,7;35,3;67,2;67,2;60,4;52,5;
00:00:28,950;56,4;56,4;35,3;67,0;67,0;60,5;52,5;
00:00:28,962;56,9;56,9;35,6;66,9;66,9;60,5;52,6;
00:00:28,975;56,4;56,4;35,3;66,9;66,9;60,7;52,7;
00:00:28,987;56,8;56,8;35,3;66,9;66,9;60,7;52,5;
00:00:29,000;56,6;56,6;35,3;67,0;67,0;60,5;52,4;
00:00:29,012;56,8;56,8;35,3;66,8;66,8;60,6;52,8;
00:00:29,025;56,8;56,8;35,5;67,1;67,1;60,8;52,4;
00:00:29,037;56,7;56,7;35,3;67,1;67,1;60,4;52,7;
00:00:29,050;56,6;56,6;35,3;67,1;67,1;60,2;52,7;
00:00:29,062;56,8;56,8;35,2;66,9;66,9;60,4;52,8;
00:00:29,075;56,5;56,5;35,2;67,1;67,1;60,1;52,5;
00:00:29,087;56,9;56,9;35,2;66,8;66,8;60,3;52,5;
00:00:29,100;56,6;56,6;35,3;67,2;67,2;60,6;52,6;
00:00:29,112;56,6;56,6;35,2;67,0;67,0;60,1;52,6;
00:00:29,125;56,8;56,8;35,4;67,1;67,1;60,6;52,3;
00:00:29,137;56,8;56,8;35,2;66,7;66,7;60,9;52,3;
00:00:29,150;57,1;57,1;35,5;66,7;66,7;60,2;52,7;
00:00:29,162;56,8;56,8;35,2;66,7;66,7;60,4;52,9;
00:00:29,175;56,6;56,6;35,0;67,2;67,2;60,7;52,5;
00:00:29,187;56,7;56,7;35,3;67,0;67,0;60,7;52,2;
00:00:29,200;56,4;56,4;35,1;66,8;66,8;60,2;52,3;
00:00:29,212;56,5;56,5;35,4;67,0;67,0;60,3;52,5;
00:00:29,225;56,6;56,6;35,2;67,0;67,0;60,2;52,5;
00:00:29,237;56,7;56,7;35,1;67,1;67,1;60,6;52,5;
00:00:29,250;56,6;56,6;35,1;66,8;66,8;60,1;52,3;
00:00:29,262;56,7;56,7;35,1;66,9;66,9;60,4;52,5;
00:00:29,275;56,6;56,6;35,4;66,9;66,9;60,6;52,3;
00:00:29,287;56,6;56,6;35,2;67,0;67,0;60,2;52,5;
00:00:29,300;56,6;56,6;35,3;67,0;67,0;60,8;52,5;
00:00:29,312;56,7;56,7;35,1;66,8;66,8;60,5;52,2;
00:00:29,325;56,6;56,6;35,1;66,8;66,8;60,7;52,5;
00:00:29,337;56,6;56,6;35,1;67,0;67,0;60,6;52,5;
00:00:29,350;56,6;56,6;35,1;67,1;67,1;60,6;52,5;
00:00:29,362;56,7;56,7;35,3;66,9;66,9;60,5;52,4;
00:00:29,375;57,1;57,1;35,1;66,9;66,9;60,5;52,3;
00:00:29,387;56,7;56,7;35,2;67,2;67,2;60,3;52,4;
00:00:29,400;56,6;56,6;35,1;67,1;67,1;60,6;52,8;
00:00:29,412;56,4;56,4;35,0;66,9;66,9;60,5;52,3;
00:00:29,425;56,9;56,9;35,1;66,9;66,9;60,1;52,4;
00:00:29,437;56,6;56,6;35,2;66,9;66,9;60,5;52,4;
00:00:29,450;56,6;56,6;35,1;66,8;66,8;60,4;52,4;
00:00:29,462;56,6;56,6;35,3;66,8;66,8;60,4;52,5;
00:00:29,475;57,0;57,0;35,1;66,9;66,9;60,3;52,7;
00:00:29,487;56,9;56,9;35,1;66,9;66,9;60,5;52,2;
00:00:29,500;56,3;56,3;35,1;67,0;67,0;60,2;52,7;
00:00:29,512;56,8;56,8;35,3;67,0;67,0;60,5;52,4;
00:00:29,525;56,4;56,4;35,2;67,0;67,0;60,3;52,4;
00:00:29,537;56,6;56,6;35,0;66,7;66,7;60,6;52,3;
00:00:29,550;56,8;56,8;35,3;67,2;67,2;60,5;52,5;
00:00:29,562;56,8;56,8;35,5;67,1;67,1;60,5;52,4;
00:00:29,575;56,9;56,9;35,1;67,0;67,0;60,5;52,4;
00:00:29,587;56,7;56,7;35,1;67,1;67,1;60,6;52,6;
00:00:29,600;56,6;56,6;35,3;67,1;67,1;60,5;52,4;
00:00:29,612;56,8;56,8;35,0;67,0;67,0;60,6;52,4;
00:00:29,625;56,8;56,8;35,3;66,7;66,7;60,5;52,4;
00:00:29,637;56,9;56,9;35,1;66,9;66,9;60,6;52,3;
00:00:29,650;56,5;56,5;35,1;66,9;66,9;60,5;52,3;
00:00:29,662;56,4;56,4;35,2;67,0;67,0;60,5;52,2;
00:00:29,675;56,6;56,6;35,1;67,0;67,0;60,2;52,7;
00:00:29,687;56,4;56,4;35,3;67,0;67,0;60,5;52,5;
00:00:29,700;56,6;56,6;35,2;67,1;67,1;60,5;52,8;
00:00:29,712;56,5;56,5;35,1;66,8;66,8;60,7;52,5;
00:00:29,725;56,5;56,5;35,2;67,2;67,2;60,5;52,4;
00:00:29,737;56,8;56,8;35,2;67,1;67,1;60,3;52,1;
00:00:29,750;56,8;56,8;35,2;67,1;67,1;60,4;52,3;
00:00:29,762;56,6;56,6;35,2;67,2;67,2;60,2;52,7;
00:00:29,775;56,6;56,6;35,2;66,9;66,9;60,4;52,6;
00:00:29,787;57,0;57,0;35,3;66,8;66,8;60,4;52,3;
00:00:29,800;56,6;56,6;35,2;66,9;66,9;60,7;52,4;
00:00:29,812;56,6;56,6;35,3;67,1;67,1;60,4;52,5;
00:00:29,825;56,6;56,6;35,1;66,9;66,9;60,6;52,3;
00:00:29,837;56,6;56,6;35,1;67,1;67,1;60,7;52,6;
00:00:29,850;56,4;56,4;35,1;66,8;66,8;60,6;52,4;
00:00:29,862;56,7;56,7;35,2;66,7;66,7;60,6;52,8;
00:00:29,875;56,6;56,6;35,1;66,6;66,6;60,3;52,8;
00:00:29,887;56,4;56,4;35,2;67,0;67,0;60,5;52,6;
00:00:29,900;56,7;56,7;35,1;67,2;67,2;60,5;52,4;
00:00:29,912;56,4;56,4;35,1;66,8;66,8;60,4;52,4;
00:00:29,925;56,6;56,6;35,3;66,8;66,8;60,4;52,6;
00:00:29,937;56,4;56,4;35,3;66,9;66,9;60,6;52,3;
00:00:29,950;56,8;56,8;35,2;67,3;67,3;60,4;52,5;
00:00:29,962;56,6;56,6;35,3;67,1;67,1;60,5;52,3;
00:00:29,975;56,6;56,6;35,2;66,9;66,9;60,7;52,3;
00:00:29,987;56,8;56,8;35,3;67,1;67,1;60,6;52,4;
00:00:30,000;56,7;56,7;35,0;66,9;66,9;60,6;52,5;
00:00:30,012;56,4;56,4;35,1;67,2;67,2;61,0;52,5;
00:00:30,025;56,4;56,4;35,3;66,8;66,8;60,2;52,2;
00:00:30,037;56,2;56,2;35,3;66,8;66,8;60,4;52,3;
00:00:30,050;56,6;56,6;35,1;67,0;67,0;60,6;52,5;
00:00:30,062;56,9;56,9;35,5;66,9;66,9;60,6;52,2;
00:00:30,075;56,5;56,5;34,9;67,2;67,2;60,7;52,5;
00:00:30,087;56,9;56,9;35,1;67,0;67,0;60,7;52,3;
00:00:30,100;56,6;56,6;35,1;67,0;67,0;60,2;52,6;
00:00:30,112;56,5;56,5;35,3;66,8;66,8;60,6;52,2;
00:00:30,125;56,3;56,3;34,9;66,7;66,7;60,5;52,3;
00:00:30,137;56,6;56,6;35,1;67,2;67,2;60,9;52,4;
00:00:30,150;56,8;56,8;35,0;67,3;67,3;60,6;52,3;
00:00:30,162;56,3;56,3;35,1;66,9;66,9;60,8;52,8;
00:00:30,175;56,4;56,4;35,3;67,1;67,1;60,5;52,6;
00:00:30,187;56,5;56,5;35,3;67,0;67,0;60,6;52,2;
00:00:30,200;56,8;56,8;35,2;66,8;66,8;60,7;52,5;
00:00:30,212;56,6;56,6;35,2;66,8;66,8;60,6;52,5;
00:00:30,225;56,9;56,9;35,3;67,0;67,0;60,7;52,4;
00:00:30,237;56,9;56,9;35,3;66,8;66,8;60,4;52,4;
00:00:30,250;56,6;56,6;35,1;66,9;66,9;60,4;52,2;
00:00:30,262;56,5;56,5;35,1;66,6;66,6;60,7;52,2;
00:00:30,275;56,6;56,6;34,9;67,0;67,0;60,5;52,4;
00:00:30,287;56,4;56,4;35,1;66,7;66,7;60,6;52,5;
00:00:30,300;56,6;56,6;35,0;66,9;66,9;60,5;52,5;
00:00:30,312;56,5;56,5;34,9;66,9;66,9;60,4;52,3;
00:00:30,325;56,7;56,7;35,0;67,0;67,0;60,7;52,5;
00:00:30,337;56,6;56,6;35,1;67,2;67,2;60,1;52,7;
00:00:30,350;56,6;56,6;35,2;67,0;67,0;60,6;52,4;
00:00:30,362;56,6;56,6;35,1;66,8;66,8;60,4;52,2;
00:00:30,375;56,4;56,4;35,3;66,6;66,6;60,6;52,3;
00:00:30,387;56,7;56,7;34,9;66,8;66,8;60,6;52,6;
00:00:30,400;56,9;56,9;35,1;66,9;66,9;60,6;52,4;
00:00:30,412;56,6;56,6;35,2;66,8;66,8;60,6;52,2;
00:00:30,425;56,5;56,5;35,1;66,9;66,9;60,6;52,5;
00:00:30,437;56,8;56,8;34,9;66,9;66,9;60,4;52,4;
00:00:30,450;56,9;56,9;35,0;66,9;66,9;60,7;52,2;
00:00:30,462;56,4;56,4;35,2;66,7;66,7;60,7;52,2;
00:00:30,475;56,3;56,3;35,1;67,0;67,0;60,4;52,3;
00:00:30,487;56,6;56,6;35,1;66,9;66,9;61,0;52,5;
00:00:30,500;56,4;56,4;34,9;66,7;66,7;60,2;52,5;
00:00:30,512;56,5;56,5;35,0;66,5;66,5;61,0;52,2;
00:00:30,525;56,4;56,4;35,1;66,7;66,7;60,6;52,3;
00:00:30,537;56,8;56,8;35,1;66,7;66,7;60,6;52,4;
00:00:30,550;56,8;56,8;35,1;67,0;67,0;61,0;52,6;
00:00:30,562;56,7;56,7;35,0;66,9;66,9;60,7;52,3;
00:00:30,575;56,4;56,4;35,3;67,2;67,2;60,3;52,7;
00:00:30,587;56,7;56,7;35,0;66,9;66,9;60,6;52,3;
00:00:30,600;56,3;56,3;35,0;66,8;66,8;60,8;52,4;
00:00:30,612;56,9;56,9;35,1;67,0;67,0;60,5;52,4;
00:00:30,625;56,8;56,8;35,0;67,0;67,0;61,0;52,3;
00:00:30,637;56,8;56,8;35,2;67,0;67,0;60,3;52,7;
00:00:30,650;56,4;56,4;35,3;66,9;66,9;60,5;52,5;
00:00:30,662;56,9;56,9;35,1;67,0;67,0;60,5;52,4;
00:00:30,675;56,5;56,5;34,9;67,1;67,1;61,0;52,7;
00:00:30,687;56,5;56,5;35,3;66,9;66,9;60,5;52,3;
00:00:30,700;56,2;56,2;35,3;66,8;66,8;60,6;52,5;
00:00:30,712;56,8;56,8;35,3;66,8;66,8;60,8;52,5;
00:00:30,725;56,9;56,9;35,1;67,0;67,0;60,5;52,5;
00:00:30,737;56,6;56,6;35,4;67,0;67,0;60,6;52,3;
00:00:30,750;57,1;57,1;35,1;67,1;67,1;60,7;52,4;
00:00:30,762;56,8;56,8;35,5;66,8;66,8;60,7;52,2;
00:00:30,775;56,6;56,6;35,0;67,0;67,0;60,6;52,5;
00:00:30,787;56,8;56,8;35,4;67,0;67,0;61,0;52,5;
00:00:30,800;56,6;56,6;35,2;67,3;67,3;60,6;52,5;
00:00:30,812;56,5;56,5;35,3;67,0;67,0;60,5;52,5;
00:00:30,825;57,1;57,1;35,1;67,0;67,0;61,0;52,5;
00:00:30,837;56,9;56,9;35,2;67,1;67,1;61,0;52,7;
00:00:30,850;56,8;56,8;35,1;67,2;67,2;60,8;52,7;
00:00:30,862;56,7;56,7;35,3;67,1;67,1;61,0;52,5;
00:00:30,875;56,9;56,9;35,3;67,2;67,2;60,6;52,6;
00:00:30,887;56,9;56,9;35,4;67,0;67,0;60,5;52,6;
00:00:30,900;56,8;56,8;35,3;67,2;67,2;60,7;52,5;
00:00:30,912;56,9;56,9;35,0;66,8;66,8;60,8;52,5;
00:00:30,925;56,6;56,6;35,3;67,1;67,1;60,5;52,5;
00:00:30,937;56,9;56,9;35,1;67,1;67,1;60,6;52,6;
00:00:30,950;56,9;56,9;35,1;67,1;67,1;60,5;52,7;
00:00:30,962;56,8;56,8;35,1;66,9;66,9;60,2;52,4;
00:00:30,975;57,1;57,1;35,4;67,2;67,2;61,0;52,8;
00:00:30,987;56,8;56,8;35,1;66,8;66,8;60,6;52,8;
00:00:31,000;56,9;56,9;35,5;67,0;67,0;61,1;52,7;
00:00:31,012;56,4;56,4;35,1;67,0;67,0;61,0;52,3;
00:00:31,025;57,1;57,1;35,6;67,2;67,2;60,8;52,4;
00:00:31,037;56,8;56,8;35,3;67,3;67,3;61,1;52,5;
00:00:31,050;57,2;57,2;35,5;67,0;67,0;60,7;52,4;
00:00:31,062;56,9;56,9;35,3;67,0;67,0;60,8;52,4;
00:00:31,075;56,8;56,8;35,5;67,1;67,1;60,4;52,3;
00:00:31,087;56,7;56,7;35,1;67,0;67,0;60,7;52,5;
00:00:31,100;56,4;56,4;35,1;66,8;66,8;60,5;52,5;
00:00:31,112;56,6;56,6;35,4;67,1;67,1;60,5;52,4;
00:00:31,125;56,7;56,7;35,2;67,0;67,0;60,5;52,5;
00:00:31,137;56,9;56,9;35,2;66,8;66,8;60,5;52,5;
00:00:31,150;56,4;56,4;35,0;67,0;67,0;61,0;52,3;
00:00:31,162;56,8;56,8;35,3;67,3;67,3;60,4;52,7;
00:00:31,175;56,9;56,9;35,2;67,2;67,2;60,5;52,7;
00:00:31,187;56,6;56,6;35,2;67,0;67,0;60,7;52,5;
00:00:31,200;56,8;56,8;35,2;67,0;67,0;60,8;52,6;
00:00:31,212;56,8;56,8;35,3;67,3;67,3;60,7;52,7;
00:00:31,225;56,6;56,6;35,4;67,1;67,1;60,4;52,9;
00:00:31,237;56,9;56,9;35,3;67,2;67,2;60,7;52,4;
00:00:31,250;56,4;56,4;35,5;67,2;67,2;60,7;52,8;
00:00:31,262;56,8;56,8;35,1;67,0;67,0;60,2;52,5;
00:00:31,275;57,0;57,0;35,1;66,9;66,9;60,6;53,0;
00:00:31,287;56,7;56,7;35,3;67,0;67,0;60,6;52,6;
00:00:31,300;56,6;56,6;35,1;66,8;66,8;60,6;52,3;
00:00:31,312;56,9;56,9;35,1;67,1;67,1;60,5;52,4;
00:00:31,325;56,8;56,8;35,2;67,0;67,0;60,6;52,5;
00:00:31,337;56,6;56,6;35,0;67,0;67,0;60,6;52,5;
00:00:31,350;56,8;56,8;35,3;67,0;67,0;60,7;52,8;
00:00:31,362;56,8;56,8;35,0;66,8;66,8;60,7;52,5;
00:00:31,375;56,4;56,4;35,2;66,9;66,9;60,8;52,6;
00:00:31,387;56,8;56,8;35,2;67,0;67,0;60,6;52,8;
00:00:31,400;57,2;57,2;35,1;67,1;67,1;60,6;52,5;
00:00:31,412;56,4;56,4;35,2;67,4;67,4;60,6;52,4;
00:00:31,425;56,6;56,6;35,3;67,1;67,1;60,8;52,7;
00:00:31,437;56,8;56,8;35,2;67,0;67,0;60,5;52,5;
00:00:31,450;56,7;56,7;35,1;66,9;66,9;60,5;52,5;
00:00:31,462;56,7;56,7;35,3;67,0;67,0;60,4;52,4;
00:00:31,475;56,7;56,7;35,0;67,3;67,3;60,7;52,7;
00:00:31,487;56,5;56,5;35,4;66,9;66,9;60,7;52,4;
00:00:31,500;57,0;57,0;35,2;66,9;66,9;60,7;52,2;
00:00:31,512;56,7;56,7;35,3;67,0;67,0;60,2;52,4;
00:00:31,525;56,6;56,6;35,2;67,0;67,0;60,5;52,8;
00:00:31,537;56,7;56,7;35,1;67,3;67,3;60,7;52,5;
00:00:31,550;56,8;56,8;35,1;67,0;67,0;60,5;52,5;
00:00:31,562;56,4;56,4;35,2;67,0;67,0;61,2;52,3;
00:00:31,575;56,9;56,9;35,0;67,1;67,1;60,6;52,6;
00:00:31,587;56,5;56,5;35,2;67,0;67,0;60,5;52,5;
00:00:31,600;56,7;56,7;35,1;67,1;67,1;60,7;52,6;
00:00:31,612;56,7;56,7;35,1;67,1;67,1;60,7;52,7;
00:00:31,625;57,1;57,1;35,1;66,9;66,9;60,5;52,5;
00:00:31,637;56,6;56,6;35,1;66,9;66,9;60,8;52,5;
00:00:31,650;56,6;56,6;35,7;67,1;67,1;60,9;52,5;
00:00:31,662;57,0;57,0;35,3;67,2;67,2;61,1;52,7;
00:00:31,675;57,2;57,2;35,3;66,9;66,9;60,8;52,5;
00:00:31,687;56,7;56,7;35,1;67,2;67,2;60,8;52,3;
00:00:31,700;56,8;56,8;35,2;66,8;66,8;61,0;52,8;
00:00:31,712;56,9;56,9;35,2;67,0;67,0;60,9;52,6;
00:00:31,725;56,8;56,8;35,1;67,4;67,4;61,0;52,3;
00:00:31,737;56,5;56,5;35,4;67,4;67,4;60,6;52,5;
00:00:31,750;57,2;57,2;35,1;67,0;67,0;60,6;52,3;
00:00:31,762;56,6;56,6;35,1;67,1;67,1;60,8;52,5;
00:00:31,775;56,8;56,8;35,4;67,1;67,1;60,6;52,5;
00:00:31,787;56,6;56,6;35,3;67,1;67,1;60,7;52,6;
00:00:31,800;57,0;57,0;35,1;67,2;67,2;61,0;52,7;
00:00:31,812;56,6;56,6;35,0;67,1;67,1;61,0;52,4;
00:00:31,825;56,8;56,8;35,5;67,0;67,0;60,7;52,3;
00:00:31,837;56,6;56,6;35,2;67,0;67,0;60,8;52,5;
00:00:31,850;56,8;56,8;35,1;67,1;67,1;60,7;52,5;
00:00:31,862;56,3;56,3;35,1;67,0;67,0;60,9;52,3;
00:00:31,875;57,0;57,0;35,3;67,2;67,2;60,8;52,7;
00:00:31,887;56,6;56,6;35,1;67,2;67,2;60,7;52,2;
00:00:31,900;56,8;56,8;35,7;67,1;67,1;60,4;52,7;
00:00:31,912;56,6;56,6;35,5;67,0;67,0;60,9;52,7;
00:00:31,925;56,8;56,8;35,1;67,0;67,0;61,3;52,8;
00:00:31,937;57,3;57,3;35,0;67,2;67,2;60,9;52,7;
00:00:31,950;56,5;56,5;35,2;67,1;67,1;60,5;52,6;
00:00:31,962;57,1;57,1;35,1;67,1;67,1;60,8;52,3;
00:00:31,975;56,8;56,8;35,1;67,4;67,4;60,6;52,4;
00:00:31,987;56,7;56,7;35,1;67,1;67,1;60,8;52,5;
00:00:32,000;56,8;56,8;35,1;67,1;67,1;60,5;52,5;
00:00:32,012;56,6;56,6;35,4;67,2;67,2;60,7;52,7;
00:00:32,025;56,6;56,6;35,4;67,2;67,2;60,7;52,7;
00:00:32,037;56,8;56,8;35,1;66,8;66,8;60,5;52,5;
00:00:32,050;56,7;56,7;35,1;66,5;66,5;60,5;52,5;
00:00:32,062;56,7;56,7;35,1;66,7;66,7;60,8;52,9;
00:00:32,075;56,5;56,5;35,2;67,0;67,0;60,2;52,4;
00:00:32,087;56,5;56,5;35,2;67,0;67,0;60,2;52,4;
00:00:32,100;56,5;56,5;35,1;67,1;67,1;60,7;52,6;
00:00:32,112;56,7;56,7;35,2;67,0;67,0;60,3;52,4;
00:00:32,125;56,7;56,7;35,1;67,0;67,0;60,6;52,3;
00:00:32,137;56,8;56,8;35,1;66,9;66,9;60,8;52,5;
00:00:32,150;56,8;56,8;35,1;66,9;66,9;60,8;52,5;
00:00:32,162;57,1;57,1;35,1;67,0;67,0;60,6;52,7;
00:00:32,175;56,7;56,7;35,1;66,7;66,7;60,4;52,3;
00:00:32,187;57,0;57,0;35,2;67,2;67,2;60,4;52,5;
00:00:32,200;56,7;56,7;35,1;67,0;67,0;61,0;52,6;
00:00:32,212;56,7;56,7;35,1;67,0;67,0;61,0;52,6;
00:00:32,225;57,1;57,1;35,3;67,0;67,0;60,5;52,4;
00:00:32,237;56,9;56,9;35,1;67,0;67,0;60,6;52,4;
00:00:32,250;56,5;56,5;35,1;66,9;66,9;61,0;52,5;
00:00:32,262;56,7;56,7;35,1;67,2;67,2;60,5;52,4;
00:00:32,275;56,7;56,7;35,1;67,2;67,2;60,5;52,4;
00:00:32,287;56,5;56,5;35,1;66,9;66,9;61,0;52,8;
00:00:32,300;56,5;56,5;35,3;67,2;67,2;60,4;52,5;
00:00:32,312;56,4;56,4;35,1;66,8;66,8;60,4;52,5;
00:00:32,325;56,8;56,8;35,2;66,9;66,9;60,9;52,6;
00:00:32,337;56,8;56,8;35,2;66,9;66,9;60,9;52,6;
00:00:32,350;56,7;56,7;34,9;67,0;67,0;60,6;52,5;
00:00:32,362;56,7;56,7;35,1;66,8;66,8;60,9;52,7;
00:00:32,375;56,8;56,8;35,3;67,2;67,2;60,7;52,8;
00:00:32,387;56,8;56,8;35,1;66,8;66,8;60,6;52,5;
00:00:32,400;56,8;56,8;35,1;66,8;66,8;60,6;52,5;
00:00:32,412;57,1;57,1;35,2;66,9;66,9;60,6;52,6;
00:00:32,425;57,2;57,2;35,2;67,2;67,2;60,9;52,4;
00:00:32,437;56,6;56,6;35,3;67,0;67,0;60,5;52,4;
00:00:32,450;56,6;56,6;35,1;66,7;66,7;60,5;52,5;
00:00:32,462;56,6;56,6;35,1;66,7;66,7;60,5;52,5;
00:00:32,475;57,0;57,0;35,1;66,7;66,7;60,4;52,8;
00:00:32,487;56,8;56,8;35,1;66,7;66,7;60,6;52,4;
00:00:32,500;56,6;56,6;35,4;66,6;66,6;60,5;52,7;
00:00:32,512;56,8;56,8;34,9;66,8;66,8;60,6;52,3;
00:00:32,525;56,8;56,8;34,9;66,8;66,8;60,6;52,3;
00:00:32,537;56,6;56,6;35,4;67,2;67,2;60,6;52,8;
00:00:32,550;56,5;56,5;35,1;66,9;66,9;60,7;52,7;
00:00:32,562;56,7;56,7;35,2;67,2;67,2;60,6;52,5;
00:00:32,575;56,7;56,7;35,2;67,4;67,4;60,6;52,5;
00:00:32,587;56,7;56,7;35,2;67,4;67,4;60,6;52,5;
00:00:32,600;56,7;56,7;35,3;66,8;66,8;60,5;52,4;
00:00:32,612;56,9;56,9;35,3;67,0;67,0;60,7;52,7;
00:00:32,625;56,5;56,5;35,1;67,0;67,0;60,0;52,4;
00:00:32,637;56,8;56,8;35,0;67,0;67,0;60,5;52,3;
00:00:32,650;56,8;56,8;35,0;67,0;67,0;60,5;52,3;
00:00:32,662;56,8;56,8;35,2;66,9;66,9;60,8;52,5;
00:00:32,675;57,1;57,1;35,1;67,0;67,0;60,7;52,7;
00:00:32,687;56,8;56,8;35,4;66,8;66,8;60,4;52,9;
00:00:32,700;56,7;56,7;35,1;67,3;67,3;61,0;52,5;
00:00:32,712;56,7;56,7;35,1;67,3;67,3;61,0;52,5;
00:00:32,725;56,8;56,8;35,4;67,2;67,2;60,8;52,5;
00:00:32,737;56,4;56,4;35,1;66,8;66,8;60,6;52,4;
00:00:32,750;56,6;56,6;35,3;67,2;67,2;61,2;52,8;
00:00:32,762;56,9;56,9;35,2;67,1;67,1;60,6;52,4;
00:00:32,775;56,9;56,9;35,2;67,1;67,1;60,6;52,4;
00:00:32,787;56,7;56,7;35,3;67,3;67,3;60,6;52,4;
00:00:32,800;56,5;56,5;35,0;67,0;67,0;60,4;52,9;
00:00:32,812;56,9;56,9;35,3;67,1;67,1;61,0;52,5;
00:00:32,825;56,8;56,8;35,2;67,1;67,1;60,7;52,7;
00:00:32,837;56,8;56,8;35,2;67,1;67,1;60,7;52,7;
00:00:32,850;56,6;56,6;35,1;67,0;67,0;60,6;52,4;
00:00:32,862;56,8;56,8;35,3;67,2;67,2;60,7;52,3;
00:00:32,875;56,8;56,8;35,1;67,1;67,1;60,7;52,5;
00:00:32,887;56,2;56,2;35,1;67,1;67,1;60,4;52,3;
00:00:32,900;56,2;56,2;35,1;67,1;67,1;60,4;52,3;
00:00:32,912;56,8;56,8;35,3;66,9;66,9;60,9;52,4;
00:00:32,925;57,0;57,0;35,1;66,9;66,9;60,9;52,6;
00:00:32,937;56,7;56,7;35,1;66,9;66,9;60,8;52,4;
00:00:32,950;56,5;56,5;35,1;67,2;67,2;60,6;52,4;
00:00:32,962;56,5;56,5;35,1;67,2;67,2;60,6;52,4;
00:00:32,975;56,6;56,6;35,2;66,9;66,9;60,4;52,6;
00:00:32,987;56,8;56,8;35,1;67,0;67,0;60,3;52,3;
00:00:33,000;56,4;56,4;35,0;67,0;67,0;60,6;52,3;
00:00:33,012;56,8;56,8;35,1;67,0;67,0;60,5;52,4;
00:00:33,025;56,8;56,8;35,1;67,0;67,0;60,5;52,4;
00:00:33,037;57,1;57,1;35,1;67,1;67,1;60,4;52,5;
00:00:33,050;56,5;56,5;35,3;67,1;67,1;60,6;52,4;
00:00:33,062;56,4;56,4;35,3;67,2;67,2;60,5;52,8;
00:00:33,075;57,1;57,1;35,1;67,0;67,0;60,7;52,5;
00:00:33,087;57,1;57,1;35,1;67,0;67,0;60,7;52,5;
00:00:33,100;56,4;56,4;35,3;67,0;67,0;60,8;52,3;
00:00:33,112;56,8;56,8;35,1;67,1;67,1;60,5;52,6;
00:00:33,125;56,5;56,5;35,4;67,0;67,0;60,6;52,6;
00:00:33,137;56,6;56,6;35,1;66,9;66,9;60,6;52,8;
00:00:33,150;56,6;56,6;35,1;66,9;66,9;60,6;52,8;
00:00:33,162;56,6;56,6;35,5;66,9;66,9;60,5;52,3;
00:00:33,175;56,9;56,9;34,9;66,9;66,9;60,7;52,5;
00:00:33,187;56,8;56,8;35,3;67,0;67,0;60,5;52,5;
00:00:33,200;56,7;56,7;35,3;67,2;67,2;60,7;52,5;
00:00:33,212;56,7;56,7;35,3;67,2;67,2;60,7;52,5;
00:00:33,225;57,1;57,1;35,2;66,9;66,9;60,8;52,3;
00:00:33,237;56,6;56,6;35,1;67,3;67,3;60,9;52,6;
00:00:33,250;56,7;56,7;35,3;67,0;67,0;60,5;52,7;
00:00:33,262;56,6;56,6;35,5;67,3;67,3;60,6;52,5;
00:00:33,275;56,6;56,6;35,5;67,3;67,3;60,6;52,5;
00:00:33,287;56,9;56,9;35,4;67,0;67,0;60,6;52,4;
00:00:33,300;56,9;56,9;35,3;67,4;67,4;60,7;52,4;
00:00:33,312;56,9;56,9;35,2;67,1;67,1;60,7;52,7;
00:00:33,325;56,6;56,6;35,3;67,3;67,3;60,7;52,6;
00:00:33,337;56,6;56,6;35,3;67,3;67,3;60,7;52,6;
00:00:33,350;56,8;56,8;35,3;67,0;67,0;60,5;52,4;
00:00:33,362;56,5;56,5;35,1;67,3;67,3;60,2;52,4;
00:00:33,375;56,7;56,7;35,1;67,1;67,1;60,9;52,4;
00:00:33,387;56,8;56,8;35,2;67,1;67,1;60,7;52,6;
00:00:33,400;56,8;56,8;35,2;67,1;67,1;60,7;52,6;
00:00:33,412;56,9;56,9;35,1;67,4;67,4;60,6;52,6;
00:00:33,425;56,8;56,8;35,4;67,1;67,1;60,6;52,8;
00:00:33,437;56,5;56,5;35,3;67,1;67,1;60,7;52,6;
00:00:33,450;56,9;56,9;35,3;67,4;67,4;61,0;52,5;
00:00:33,462;56,9;56,9;35,3;67,4;67,4;61,0;52,5;
00:00:33,475;56,8;56,8;35,1;66,8;66,8;60,8;52,4;
00:00:33,487;56,7;56,7;35,3;67,1;67,1;60,5;52,4;
00:00:33,500;56,9;56,9;35,2;67,2;67,2;60,3;52,7;
00:00:33,512;56,5;56,5;35,2;66,9;66,9;60,5;52,5;
00:00:33,525;56,5;56,5;35,2;66,9;66,9;60,5;52,5;
00:00:33,537;56,3;56,3;35,3;67,0;67,0;60,5;52,5;
00:00:33,550;56,7;56,7;35,1;67,1;67,1;60,6;52,5;
00:00:33,562;57,0;57,0;35,3;67,1;67,1;60,6;52,7;
00:00:33,575;56,4;56,4;35,2;67,1;67,1;60,3;52,3;
00:00:33,587;56,4;56,4;35,2;67,1;67,1;60,3;52,3;
00:00:33,600;57,0;57,0;35,2;67,0;67,0;60,7;52,2;
00:00:33,612;56,9;56,9;35,1;67,1;67,1;60,8;52,5;
00:00:33,625;56,7;56,7;35,1;67,0;67,0;61,0;52,3;
00:00:33,637;56,6;56,6;35,1;66,9;66,9;60,6;52,9;
00:00:33,650;56,6;56,6;35,1;66,9;66,9;60,6;52,9;
00:00:33,662;56,9;56,9;35,2;67,0;67,0;60,5;52,8;
00:00:33,675;56,7;56,7;35,0;66,9;66,9;60,6;52,5;
00:00:33,687;56,6;56,6;35,3;67,2;67,2;61,0;52,7;
00:00:33,700;56,9;56,9;35,1;67,2;67,2;60,2;52,5;
00:00:33,712;56,9;56,9;35,1;67,2;67,2;60,2;52,5;
00:00:33,725;56,8;56,8;35,1;66,9;66,9;60,9;52,5;
00:00:33,737;56,9;56,9;35,1;66,9;66,9;60,5;52,4;
00:00:33,750;56,7;56,7;35,3;67,1;67,1;60,7;52,5;
00:00:33,762;56,9;56,9;35,3;66,9;66,9;60,5;52,7;
00:00:33,775;56,9;56,9;35,3;66,9;66,9;60,5;52,7;
00:00:33,787;56,7;56,7;35,2;67,2;67,2;60,9;52,5;
00:00:33,800;56,7;56,7;35,1;67,3;67,3;60,9;52,6;
00:00:33,812;56,9;56,9;35,1;67,0;67,0;60,5;52,8;
00:00:33,825;57,0;57,0;35,5;67,4;67,4;60,7;53,2;
00:00:33,837;57,0;57,0;35,5;67,4;67,4;60,7;53,2;
00:00:33,850;56,8;56,8;35,3;67,3;67,3;60,9;52,5;
00:00:33,862;57,2;57,2;35,4;67,1;67,1;60,6;52,7;
00:00:33,875;56,8;56,8;35,3;67,5;67,5;61,0;52,7;
00:00:33,887;56,9;56,9;35,1;66,8;66,8;60,9;52,6;
00:00:33,900;56,9;56,9;35,1;66,8;66,8;60,9;52,6;
00:00:33,912;56,5;56,5;35,2;66,7;66,7;60,7;52,5;
00:00:33,925;56,8;56,8;35,2;67,2;67,2;60,8;52,9;
00:00:33,937;56,8;56,8;35,0;67,0;67,0;60,6;52,3;
00:00:33,950;56,7;56,7;35,1;67,2;67,2;61,0;52,4;
00:00:33,962;56,7;56,7;35,1;67,2;67,2;61,0;52,4;
00:00:33,975;56,5;56,5;35,3;67,2;67,2;60,5;53,0;
00:00:33,987;56,6;56,6;35,4;67,1;67,1;60,8;52,7;
00:00:34,000;56,8;56,8;35,1;67,2;67,2;60,9;52,4;
00:00:34,012;56,9;56,9;35,4;66,9;66,9;60,5;52,7;
00:00:34,025;56,9;56,9;35,4;66,9;66,9;60,5;52,7;
00:00:34,037;57,1;57,1;35,3;67,1;67,1;60,8;52,7;
00:00:34,050;57,1;57,1;35,2;67,2;67,2;60,6;52,5;
00:00:34,062;57,1;57,1;35,3;66,8;66,8;60,3;52,5;
00:00:34,075;56,6;56,6;35,4;67,4;67,4;60,6;52,6;
00:00:34,087;56,6;56,6;35,4;67,4;67,4;60,6;52,6;
00:00:34,100;57,1;57,1;35,1;67,5;67,5;60,5;52,8;
00:00:34,112;56,3;56,3;35,5;66,8;66,8;60,9;52,6;
00:00:34,125;56,7;56,7;35,1;66,8;66,8;60,6;52,3;
00:00:34,137;56,9;56,9;35,3;67,0;67,0;60,8;52,6;
00:00:34,150;56,9;56,9;35,3;67,0;67,0;60,8;52,6;
00:00:34,162;56,9;56,9;35,3;66,9;66,9;60,7;52,5;
00:00:34,175;57,1;57,1;35,1;67,2;67,2;60,6;52,6;
00:00:34,187;56,9;56,9;35,3;67,1;67,1;60,6;52,5;
00:00:34,200;56,9;56,9;35,1;67,3;67,3;60,4;52,3;
00:00:34,212;56,9;56,9;35,1;67,3;67,3;60,4;52,3;
00:00:34,225;56,9;56,9;35,3;66,8;66,8;61,1;52,4;
00:00:34,237;56,8;56,8;35,1;67,1;67,1;60,5;53,0;
00:00:34,250;57,0;57,0;35,3;67,0;67,0;60,7;52,6;
00:00:34,262;57,6;57,6;35,2;66,9;66,9;61,0;52,6;
00:00:34,275;57,6;57,6;35,2;66,9;66,9;61,0;52,6;
00:00:34,287;56,8;56,8;35,1;67,1;67,1;60,9;52,7;
00:00:34,300;57,4;57,4;35,3;67,3;67,3;60,6;52,8;
00:00:34,312;56,8;56,8;35,2;67,1;67,1;60,9;52,5;
00:00:34,325;57,3;57,3;35,1;66,9;66,9;61,0;52,9;
00:00:34,337;57,3;57,3;35,1;66,9;66,9;61,0;52,9;
00:00:34,350;57,2;57,2;35,2;67,3;67,3;60,6;52,5;
00:00:34,362;56,8;56,8;35,5;67,0;67,0;60,6;52,7;
00:00:34,375;57,1;57,1;35,1;67,2;67,2;60,7;52,7;
00:00:34,387;56,9;56,9;35,2;66,7;66,7;60,6;53,3;
00:00:34,400;56,9;56,9;35,2;66,7;66,7;60,6;53,3;
00:00:34,412;56,9;56,9;35,3;67,4;67,4;60,8;52,9;
00:00:34,425;56,9;56,9;35,1;67,1;67,1;60,9;52,7;
00:00:34,437;57,2;57,2;35,1;67,5;67,5;61,0;52,4;
00:00:34,450;56,9;56,9;35,2;67,2;67,2;61,2;52,9;
00:00:34,462;56,9;56,9;35,2;67,2;67,2;61,2;52,9;
00:00:34,475;57,2;57,2;35,1;67,2;67,2;60,6;52,5;
00:00:34,487;57,4;57,4;35,2;66,8;66,8;60,7;52,6;
00:00:34,500;57,3;57,3;35,6;67,3;67,3;61,0;52,8;
00:00:34,512;56,5;56,5;35,1;66,8;66,8;61,0;52,5;
00:00:34,525;56,5;56,5;35,1;66,8;66,8;61,0;52,5;
00:00:34,537;56,9;56,9;35,5;67,1;67,1;61,3;52,4;
00:00:34,550;56,6;56,6;35,3;67,4;67,4;61,0;52,8;
00:00:34,562;57,0;57,0;35,7;67,1;67,1;61,3;52,5;
00:00:34,575;57,1;57,1;35,3;67,5;67,5;61,0;52,7;
00:00:34,587;57,1;57,1;35,3;67,5;67,5;61,0;52,7;
00:00:34,600;57,0;57,0;35,4;67,1;67,1;61,0;53,1;
00:00:34,612;57,3;57,3;35,2;67,2;67,2;61,0;52,9;
00:00:34,625;56,9;56,9;35,2;66,9;66,9;60,9;52,5;
00:00:34,637;57,1;57,1;35,3;66,9;66,9;60,7;52,4;
00:00:34,650;57,1;57,1;35,3;66,9;66,9;60,7;52,4;
00:00:34,662;56,8;56,8;35,2;67,0;67,0;61,0;52,5;
00:00:34,675;57,1;57,1;35,2;67,1;67,1;60,8;52,8;
00:00:34,687;57,1;57,1;35,1;67,0;67,0;61,4;52,7;
00:00:34,700;56,8;56,8;35,3;67,1;67,1;60,9;52,4;
00:00:34,712;56,8;56,8;35,3;67,1;67,1;60,9;52,4;
00:00:34,725;56,9;56,9;35,2;67,2;67,2;61,0;52,8;
00:00:34,737;57,2;57,2;35,7;67,3;67,3;61,0;52,7;
00:00:34,750;57,1;57,1;35,5;67,1;67,1;60,8;52,8;
00:00:34,762;56,9;56,9;35,4;67,4;67,4;60,7;52,6;
00:00:34,775;56,9;56,9;35,4;67,4;67,4;60,7;52,6;
00:00:34,787;57,2;57,2;35,4;67,1;67,1;60,6;52,7;
00:00:34,800;57,2;57,2;35,5;67,0;67,0;61,0;52,7;
00:00:34,812;57,2;57,2;35,4;67,3;67,3;61,1;52,5;
00:00:34,825;56,8;56,8;35,2;67,0;67,0;61,1;52,3;
00:00:34,837;56,8;56,8;35,2;67,0;67,0;61,1;52,3;
00:00:34,850;56,8;56,8;35,3;67,2;67,2;60,8;52,7;
00:00:34,862;57,1;57,1;35,3;67,3;67,3;60,9;52,7;
00:00:34,875;56,9;56,9;35,2;67,2;67,2;60,7;52,8;
00:00:34,887;57,0;57,0;35,1;67,3;67,3;61,0;52,6;
00:00:34,900;57,0;57,0;35,1;67,3;67,3;61,0;52,6;
00:00:34,912;56,9;56,9;35,4;66,9;66,9;60,5;52,7;
00:00:34,925;56,8;56,8;35,2;67,1;67,1;60,7;52,5;
00:00:34,937;56,9;56,9;35,2;67,0;67,0;61,2;52,7;
00:00:34,950;56,5;56,5;35,3;66,6;66,6;60,8;52,5;
00:00:34,962;56,5;56,5;35,3;66,6;66,6;60,8;52,5;
00:00:34,975;57,1;57,1;35,1;66,9;66,9;61,1;52,4;
00:00:34,987;56,9;56,9;35,2;66,9;66,9;61,2;52,9;
00:00:35,000;56,8;56,8;35,3;67,3;67,3;60,7;52,0;
00:00:35,012;56,8;56,8;35,1;67,1;67,1;60,6;52,6;
00:00:35,025;56,8;56,8;35,1;67,1;67,1;60,6;52,6;
00:00:35,037;57,2;57,2;35,2;67,1;67,1;60,8;52,5;
00:00:35,050;56,5;56,5;35,2;67,1;67,1;60,7;52,7;
00:00:35,062;57,0;57,0;35,1;66,7;66,7;60,5;52,4;
00:00:35,075;56,7;56,7;35,4;67,1;67,1;61,0;52,8;
00:00:35,087;56,7;56,7;35,4;67,1;67,1;61,0;52,8;
00:00:35,100;57,1;57,1;35,1;66,7;66,7;61,0;52,6;
00:00:35,112;56,8;56,8;35,5;67,5;67,5;60,9;52,9;
00:00:35,125;57,2;57,2;35,3;67,5;67,5;61,0;52,5;
00:00:35,137;56,9;56,9;35,3;66,7;66,7;61,2;52,8;
00:00:35,150;56,9;56,9;35,3;66,7;66,7;61,2;52,8;
00:00:35,162;57,1;57,1;35,2;66,8;66,8;60,9;52,8;
00:00:35,175;57,2;57,2;35,3;67,0;67,0;60,9;52,9;
00:00:35,187;57,2;57,2;35,2;67,0;67,0;61,0;52,6;
00:00:35,200;56,8;56,8;35,2;67,3;67,3;60,7;52,5;
00:00:35,212;56,8;56,8;35,2;67,3;67,3;60,7;52,5;
00:00:35,225;57,1;57,1;35,1;67,1;67,1;61,0;52,8;
00:00:35,237;57,0;57,0;35,3;67,2;67,2;60,5;52,5;
00:00:35,250;56,7;56,7;35,2;67,1;67,1;61,0;52,5;
00:00:35,262;56,8;56,8;35,2;66,8;66,8;61,0;52,5;
00:00:35,275;56,8;56,8;35,2;66,8;66,8;61,0;52,5;
00:00:35,287;57,1;57,1;35,5;66,9;66,9;61,0;52,6;
00:00:35,300;57,1;57,1;35,2;67,1;67,1;61,0;52,9;
00:00:35,312;56,8;56,8;35,4;66,9;66,9;60,6;52,7;
00:00:35,325;57,1;57,1;35,4;67,2;67,2;60,9;52,8;
00:00:35,337;57,1;57,1;35,4;67,2;67,2;60,9;52,8;
00:00:35,350;56,9;56,9;35,3;67,1;67,1;61,1;52,5;
00:00:35,362;56,9;56,9;35,3;67,1;67,1;61,2;52,5;
00:00:35,375;57,3;57,3;35,5;67,3;67,3;60,6;52,8;
00:00:35,387;57,1;57,1;35,1;66,9;66,9;61,0;52,5;
00:00:35,400;57,1;57,1;35,1;66,9;66,9;61,0;52,5;
00:00:35,412;56,8;56,8;35,3;67,1;67,1;61,0;52,5;
00:00:35,425;57,2;57,2;35,1;67,0;67,0;61,0;52,6;
00:00:35,437;57,0;57,0;35,3;66,2;66,2;60,1;50,9;
00:00:35,450;55,6;55,6;35,1;63,7;63,7;58,0;51,8;
00:00:35,462;55,6;55,6;35,1;63,7;63,7;58,0;51,8;
00:00:35,475;53,6;53,6;35,1;63,4;63,4;55,9;51,8;
00:00:35,487;54,0;54,0;35,2;63,9;63,9;56,6;53,4;
00:00:35,500;53,9;53,9;35,1;66,0;66,0;56,7;53,5;
00:00:35,512;53,8;53,8;35,2;66,5;66,5;57,3;53,4;
00:00:35,525;53,8;53,8;35,2;66,5;66,5;57,3;53,4;
00:00:35,537;54,3;54,3;35,4;66,5;66,5;57,1;53,9;
00:00:35,550;53,9;53,9;35,3;66,8;66,8;56,9;53,9;
00:00:35,562;54,1;54,1;35,5;67,0;67,0;56,8;53,8;
00:00:35,575;54,1;54,1;35,5;66,7;66,7;56,9;53,4;
00:00:35,587;54,1;54,1;35,5;66,7;66,7;56,9;53,4;
00:00:35,600;54,3;54,3;35,3;66,8;66,8;57,1;53,7;
00:00:35,612;53,9;53,9;35,1;66,4;66,4;56,6;53,8;
00:00:35,625;54,0;54,0;35,3;66,5;66,5;56,9;53,8;
00:00:35,637;54,1;54,1;35,1;66,6;66,6;56,8;54,1;
00:00:35,650;54,1;54,1;35,1;66,6;66,6;56,8;54,1;
00:00:35,662;53,9;53,9;35,1;66,2;66,2;56,9;53,7;
00:00:35,675;53,9;53,9;35,3;66,8;66,8;57,1;53,6;
00:00:35,687;54,0;54,0;35,5;66,6;66,6;57,1;54,1;
00:00:35,700;53,9;53,9;35,3;66,3;66,3;57,2;53,9;
00:00:35,712;53,9;53,9;35,3;66,3;66,3;57,2;53,9;
00:00:35,725;54,1;54,1;35,2;66,6;66,6;57,1;53,7;
00:00:35,737;54,2;54,2;35,2;66,6;66,6;56,3;53,9;
00:00:35,750;54,3;54,3;35,4;66,1;66,1;56,4;53,7;
00:00:35,762;53,7;53,7;35,3;66,2;66,2;56,2;53,5;
00:00:35,775;53,7;53,7;35,3;66,2;66,2;56,2;53,5;
00:00:35,787;54,1;54,1;35,3;66,0;66,0;56,4;53,7;
00:00:35,800;54,0;54,0;35,3;66,2;66,2;56,6;53,9;
00:00:35,812;54,1;54,1;35,5;66,2;66,2;56,4;53,8;
00:00:35,825;54,1;54,1;35,7;66,2;66,2;56,3;53,6;
00:00:35,837;54,1;54,1;35,7;66,2;66,2;56,3;53,6;
00:00:35,850;54,4;54,4;35,2;65,8;65,8;56,4;53,2;
00:00:35,862;54,2;54,2;35,2;65,8;65,8;56,4;53,2;
00:00:35,875;53,9;53,9;35,3;66,1;66,1;56,2;53,4;
00:00:35,887;54,1;54,1;35,1;66,3;66,3;56,5;53,4;
00:00:35,900;54,1;54,1;35,1;66,3;66,3;56,5;53,4;
00:00:35,912;54,1;54,1;35,3;65,8;65,8;56,4;53,8;
00:00:35,925;54,1;54,1;35,0;66,2;66,2;56,4;53,4;
00:00:35,937;53,9;53,9;35,3;66,2;66,2;56,4;53,5;
00:00:35,950;54,2;54,2;35,3;66,2;66,2;56,3;53,7;
00:00:35,962;54,2;54,2;35,3;66,2;66,2;56,3;53,7;
00:00:35,975;53,9;53,9;35,3;66,0;66,0;56,4;53,4;
00:00:35,987;54,4;54,4;35,3;66,0;66,0;56,6;53,6;
00:00:36,000;54,3;54,3;35,2;65,9;65,9;56,7;53,4;
00:00:36,012;54,4;54,4;35,2;66,0;65,9;56,2;53,7;
00:00:36,025;54,4;54,4;35,2;66,0;65,9;56,2;53,7;
00:00:36,037;54,6;54,6;35,1;66,0;65,7;56,4;54,0;
00:00:36,050;54,4;54,4;35,3;66,2;66,2;56,5;53,9;
00:00:36,062;54,5;54,5;35,2;65,8;65,8;56,2;53,9;
00:00:36,075;54,3;54,3;35,2;66,1;65,7;56,2;53,1;
00:00:36,087;54,3;54,3;35,2;66,1;65,7;56,2;53,1;
00:00:36,100;54,2;54,2;35,3;66,0;66,0;56,7;53,9;
00:00:36,112;54,2;54,2;35,2;66,1;66,1;56,2;53,8;
00:00:36,125;54,2;54,2;35,2;66,3;66,3;56,4;53,7;
00:00:36,137;54,3;54,3;35,1;66,2;66,2;56,0;53,7;
00:00:36,150;54,3;54,3;35,1;66,2;66,2;56,0;53,7;
00:00:36,162;54,4;54,4;35,3;66,1;66,1;56,3;53,7;
00:00:36,175;54,1;54,1;35,5;66,3;66,3;56,3;53,7;
00:00:36,187;54,3;54,3;35,2;66,0;66,0;56,4;53,5;
00:00:36,200;54,3;54,3;35,3;66,1;66,1;56,5;53,5;
00:00:36,212;54,3;54,3;35,3;66,1;66,1;56,5;53,5;
00:00:36,225;54,4;54,4;35,1;66,2;66,2;56,3;53,6;
00:00:36,237;54,1;54,1;35,2;66,1;66,1;56,2;53,6;
00:00:36,250;54,4;54,4;35,3;66,2;66,2;56,0;53,6;
00:00:36,262;54,1;54,1;35,2;66,2;66,2;56,4;53,7;
00:00:36,275;54,1;54,1;35,2;66,2;66,2;56,4;53,7;
00:00:36,287;54,4;54,4;35,3;66,2;66,2;56,4;53,8;
00:00:36,300;54,4;54,4;35,3;66,2;66,2;56,3;53,9;
00:00:36,312;54,5;54,5;35,2;66,2;66,2;56,5;54,0;
00:00:36,325;54,4;54,4;35,1;66,0;66,0;56,6;53,8;
00:00:36,337;54,4;54,4;35,1;66,0;66,0;56,6;53,8;
00:00:36,350;54,5;54,5;35,3;65,9;65,9;56,6;53,6;
00:00:36,362;54,1;54,1;35,3;66,1;66,1;56,1;53,9;
00:00:36,375;54,4;54,4;35,3;65,9;65,9;56,5;53,7;
00:00:36,387;54,6;54,6;35,3;66,2;66,2;56,8;53,9;
00:00:36,400;54,6;54,6;35,3;66,2;66,2;56,8;53,9;
00:00:36,412;54,4;54,4;35,5;66,0;66,0;56,2;54,2;
00:00:36,425;54,1;54,1;35,4;66,0;66,0;56,6;54,1;
00:00:36,437;54,6;54,6;35,3;66,1;66,1;56,6;53,6;
00:00:36,450;54,3;54,3;35,3;66,0;66,0;56,5;54,0;
00:00:36,462;54,3;54,3;35,3;66,0;66,0;56,5;54,0;
00:00:36,475;54,9;54,9;35,7;66,0;66,0;56,4;53,8;
00:00:36,487;54,4;54,4;35,7;66,1;66,1;56,7;53,7;
00:00:36,500;54,3;54,3;35,2;65,6;64,1;55,7;52,3;
00:00:36,512;55,3;55,3;35,2;65,8;64,6;54,4;51,5;
00:00:36,525;55,3;55,3;35,2;65,8;64,6;54,4;51,5;
00:00:36,537;57,3;57,3;35,3;66,7;66,7;54,4;53,1;
00:00:36,550;57,2;57,2;35,3;66,4;66,4;54,2;53,2;
00:00:36,562;56,9;56,9;35,3;66,7;66,7;54,0;52,9;
00:00:36,575;56,5;56,5;35,1;66,2;66,2;53,9;52,5;
00:00:36,587;56,5;56,5;35,1;66,2;66,2;53,9;52,5;
00:00:36,600;56,4;56,4;35,3;65,4;65,4;53,1;52,2;
00:00:36,612;56,3;56,3;35,5;65,5;65,5;53,8;52,3;
00:00:36,625;56,7;56,7;35,2;65,2;65,2;53,7;52,4;
00:00:36,637;56,7;56,7;35,3;65,1;65,1;54,1;52,3;
00:00:36,650;56,7;56,7;35,3;65,1;65,1;54,1;52,3;
00:00:36,662;57,0;57,0;35,3;65,4;65,4;53,9;52,3;
00:00:36,675;56,4;56,4;35,2;65,5;65,5;53,7;52,3;
00:00:36,687;56,7;56,7;35,3;65,4;65,4;54,0;52,4;
00:00:36,700;56,4;56,4;35,3;65,1;65,0;54,1;52,4;
00:00:36,712;56,4;56,4;35,3;65,1;65,0;54,1;52,4;
00:00:36,725;56,9;56,9;35,3;65,4;65,4;53,9;52,5;
00:00:36,737;56,2;56,2;35,2;65,3;65,3;53,9;52,1;
00:00:36,750;56,3;56,3;35,5;65,2;65,2;53,9;52,2;
00:00:36,762;56,3;56,3;35,3;65,1;65,1;53,9;52,3;
00:00:36,775;56,3;56,3;35,3;65,1;65,1;53,9;52,3;
00:00:36,787;56,2;56,2;35,4;65,5;65,5;53,7;52,0;
00:00:36,800;56,0;56,0;35,1;65,4;65,4;53,9;52,3;
00:00:36,812;56,3;56,3;35,5;65,1;65,1;53,7;52,2;
00:00:36,825;56,4;56,4;35,1;64,9;64,9;53,9;52,3;
00:00:36,837;56,4;56,4;35,1;64,9;64,9;53,9;52,3;
00:00:36,850;56,4;56,4;35,5;65,1;65,1;54,2;52,2;
00:00:36,862;56,9;56,9;35,2;65,8;65,8;53,9;51,8;
00:00:36,875;57,1;57,1;35,3;65,6;65,6;53,6;51,3;
00:00:36,887;57,6;57,6;35,3;66,2;66,2;54,1;50,9;
00:00:36,900;57,6;57,6;35,3;66,2;66,2;54,1;50,9;
00:00:36,912;55,0;55,0;35,2;65,2;65,2;54,9;51,3;
00:00:36,925;54,9;54,9;35,3;64,0;62,3;49,9;46,8;
00:00:36,937;56,3;56,3;35,3;64,8;64,4;48,5;40,8;
00:00:36,950;56,7;56,7;35,4;64,5;64,3;47,7;37,2;
00:00:36,962;56,7;56,7;35,4;64,5;64,3;47,7;37,2;
00:00:36,975;56,8;56,8;35,3;66,3;66,3;44,0;34,3;
00:00:36,987;57,3;57,3;35,7;67,5;67,5;42,9;34,3;
00:00:37,000;57,3;57,3;35,5;67,7;67,7;42,9;34,3;
00:00:37,012;57,3;57,3;35,4;68,2;68,2;43,2;34,0;
00:00:37,025;57,3;57,3;35,4;68,2;68,2;43,2;34,0;
00:00:37,037;57,5;57,5;35,6;68,5;68,5;43,2;34,1;
00:00:37,050;57,2;57,2;35,3;67,9;67,9;42,7;34,1;
00:00:37,062;57,3;57,3;35,4;67,2;67,2;41,3;34,7;
00:00:37,075;56,8;56,8;35,2;66,2;66,2;39,3;35,5;
00:00:37,087;56,8;56,8;35,2;66,2;66,2;39,3;35,5;
00:00:37,100;57,6;57,6;35,2;65,8;65,8;38,2;34,9;
00:00:37,112;57,9;57,9;35,4;65,6;65,6;37,8;35,1;
00:00:37,125;59,3;59,3;35,3;67,2;64,8;36,8;34,3;
00:00:37,137;59,1;59,1;35,3;66,0;61,4;34,6;33,5;
00:00:37,150;59,1;59,1;35,3;66,0;61,4;34,6;33,5;
00:00:37,162;57,9;57,9;35,3;65,1;57,1;34,1;34,1;
00:00:37,175;58,2;58,2;35,5;65,6;57,1;34,5;34,1;
00:00:37,187;58,2;58,2;35,3;66,2;57,1;34,1;34,3;
00:00:37,200;58,7;58,7;35,3;65,8;56,9;34,3;34,1;
00:00:37,212;58,7;58,7;35,3;65,8;56,9;34,3;34,1;
00:00:37,225;58,6;58,6;35,1;65,6;56,7;33,6;34,1;
00:00:37,237;58,5;58,5;35,4;65,6;56,7;33,8;34,4;
00:00:37,250;58,5;58,5;35,1;66,0;57,2;33,7;34,1;
00:00:37,262;58,2;58,2;35,3;65,8;56,8;34,1;34,0;
00:00:37,275;58,2;58,2;35,3;65,8;56,8;34,1;34,0;
00:00:37,287;58,6;58,6;35,2;65,8;56,8;33,9;34,5;
00:00:37,300;58,5;58,5;35,2;65,8;57,0;33,8;33,7;
00:00:37,312;58,4;58,4;35,1;65,6;56,7;33,8;34,1;
00:00:37,325;58,2;58,2;35,3;66,2;57,1;33,7;34,0;
00:00:37,337;58,2;58,2;35,3;66,2;57,1;33,7;34,0;
00:00:37,350;58,3;58,3;35,3;65,8;56,8;33,9;34,3;
00:00:37,362;58,1;58,1;35,2;65,6;56,9;33,7;34,0;
00:00:37,375;58,4;58,4;35,6;66,0;56,9;33,7;34,1;
00:00:37,387;58,2;58,2;35,2;65,9;56,4;33,7;34,0;
00:00:37,400;58,2;58,2;35,2;65,9;56,4;33,7;34,0;
00:00:37,412;58,7;58,7;35,4;66,0;56,8;34,1;34,1;
00:00:37,425;58,4;58,4;35,5;65,8;56,7;34,1;34,1;
00:00:37,437;58,0;58,0;35,3;65,9;57,1;34,1;34,1;
00:00:37,450;58,4;58,4;35,5;65,8;56,9;33,8;33,7;
00:00:37,462;58,4;58,4;35,5;65,8;56,9;33,8;33,7;
00:00:37,475;58,6;58,6;35,4;65,8;57,1;33,7;34,1;
00:00:37,487;58,4;58,4;35,2;65,6;56,9;34,2;34,0;
00:00:37,500;58,2;58,2;35,3;65,8;56,8;33,8;33,9;
00:00:37,512;58,1;58,1;35,1;65,8;56,8;33,9;34,3;
00:00:37,525;58,1;58,1;35,1;65,8;56,8;33,9;34,3;
00:00:37,537;58,2;58,2;35,2;65,8;57,1;33,9;34,3;
00:00:37,550;58,3;58,3;35,3;65,8;56,8;34,3;34,3;
00:00:37,562;58,1;58,1;35,7;65,8;56,4;33,9;33,7;
00:00:37,575;58,7;58,7;35,1;65,8;56,9;33,8;33,7;
00:00:37,587;58,7;58,7;35,1;65,8;56,9;33,8;33,7;
00:00:37,600;58,1;58,1;35,3;66,0;57,1;33,8;34,0;
00:00:37,612;58,1;58,1;35,3;65,8;56,8;33,9;33,8;
00:00:37,625;58,2;58,2;35,3;65,7;56,6;33,9;34,0;
00:00:37,637;58,1;58,1;35,4;65,9;57,1;33,9;33,9;
00:00:37,650;58,1;58,1;35,4;65,9;57,1;33,9;33,9;
00:00:37,662;58,3;58,3;35,3;65,7;56,8;33,7;34,1;
00:00:37,675;58,6;58,6;35,4;65,7;56,8;34,3;34,1;
00:00:37,687;58,7;58,7;35,3;65,3;56,5;33,8;34,1;
00:00:37,700;58,2;58,2;35,2;66,0;56,6;33,6;34,0;
00:00:37,712;58,2;58,2;35,2;66,0;56,6;33,6;34,0;
00:00:37,725;58,4;58,4;35,3;64,9;55,9;33,6;33,3;
00:00:37,737;58,2;58,2;35,3;64,7;57,2;33,3;32,9;
00:00:37,750;58,3;58,3;35,2;64,9;57,7;33,3;32,6;
00:00:37,762;58,6;58,6;35,2;65,1;57,7;33,5;32,9;
00:00:37,775;58,6;58,6;35,2;65,1;57,7;33,5;32,9;
00:00:37,787;58,2;58,2;35,0;65,0;57,7;33,3;32,7;
00:00:37,800;58,5;58,5;35,2;65,0;57,8;33,5;32,9;
00:00:37,812;58,1;58,1;35,1;64,8;57,9;33,6;32,6;
00:00:37,825;58,8;58,8;35,3;65,5;57,3;33,7;33,2;
00:00:37,837;58,8;58,8;35,3;65,5;57,3;33,7;33,2;
00:00:37,850;58,3;58,3;35,3;65,3;57,4;33,3;32,6;
00:00:37,862;58,3;58,3;35,3;65,1;57,7;33,5;32,9;
00:00:37,875;58,2;58,2;35,6;65,0;57,9;33,6;32,9;
00:00:37,887;58,7;58,7;35,3;65,2;57,7;33,5;32,9;
00:00:37,900;58,7;58,7;35,3;65,2;57,7;33,5;32,9;
00:00:37,912;58,6;58,6;35,4;64,9;57,8;33,5;33,3;
00:00:37,925;58,4;58,4;35,5;65,0;57,7;33,8;33,0;
00:00:37,937;58,7;58,7;35,3;65,1;57,6;33,4;33,1;
00:00:37,950;58,6;58,6;35,6;65,1;57,7;33,5;32,9;
00:00:37,962;58,6;58,6;35,6;65,1;57,7;33,5;32,9;
00:00:37,975;58,6;58,6;35,3;65,1;57,6;33,4;32,6;
00:00:37,987;58,2;58,2;35,4;64,9;57,8;33,5;32,9;
00:00:38,000;58,1;58,1;35,4;64,7;57,8;34,0;33,0;
00:00:38,012;58,7;58,7;35,3;65,2;57,7;33,5;32,9;
00:00:38,025;58,7;58,7;35,3;65,2;57,7;33,5;32,9;
00:00:38,037;58,6;58,6;35,4;65,3;57,9;33,6;33,0;
00:00:38,050;58,1;58,1;35,3;65,2;57,4;33,5;33,5;
00:00:38,062;58,1;58,1;35,6;65,3;57,8;33,6;33,1;
00:00:38,075;58,6;58,6;35,4;65,2;57,9;33,5;33,0;
00:00:38,087;58,6;58,6;35,4;65,2;57,9;33,5;33,0;
00:00:38,100;58,3;58,3;35,4;64,8;57,5;33,5;33,0;
00:00:38,112;58,4;58,4;35,5;65,3;57,7;33,5;33,3;
00:00:38,125;58,2;58,2;35,1;64,9;57,5;33,4;33,1;
00:00:38,137;58,4;58,4;35,4;64,9;57,6;33,5;33,0;
00:00:38,150;58,4;58,4;35,4;64,9;57,6;33,5;33,0;
00:00:38,162;58,6;58,6;35,4;65,3;57,7;33,5;33,1;
00:00:38,175;58,3;58,3;35,6;65,2;57,8;33,5;32,9;
00:00:38,187;58,4;58,4;35,3;65,1;57,5;33,8;33,3;
00:00:38,200;58,4;58,4;35,3;65,0;57,4;33,5;33,1;
00:00:38,212;58,4;58,4;35,3;65,0;57,4;33,5;33,1;
00:00:38,225;58,5;58,5;35,5;65,1;57,8;33,4;33,2;
00:00:38,237;58,9;58,9;35,4;65,2;57,8;33,5;33,3;
00:00:38,250;58,3;58,3;35,5;65,0;57,7;33,6;33,6;
00:00:38,262;58,5;58,5;35,5;65,2;57,7;33,7;33,0;
00:00:38,275;58,5;58,5;35,5;65,2;57,7;33,7;33,0;
00:00:38,287;58,4;58,4;35,4;64,8;57,6;33,5;32,9;
00:00:38,300;58,2;58,2;35,3;64,8;58,1;33,5;33,0;
00:00:38,312;58,4;58,4;35,6;65,1;57,9;33,5;32,8;
00:00:38,325;58,3;58,3;35,3;65,2;57,5;33,5;32,9;
00:00:38,337;58,3;58,3;35,3;65,2;57,5;33,5;32,9;
00:00:38,350;58,5;58,5;35,5;65,1;57,5;33,7;33,0;
00:00:38,362;58,5;58,5;35,6;65,2;57,8;33,8;33,3;
00:00:38,375;58,4;58,4;35,6;64,9;57,6;33,8;33,4;
00:00:38,387;58,7;58,7;35,5;65,6;57,5;33,6;33,1;
00:00:38,400;58,2;58,2;35,5;64,8;57,9;33,6;33,1;
00:00:38,412;58,1;58,1;35,3;64,7;57,4;33,5;33,0;
00:00:38,425;58,6;58,6;35,3;65,3;57,7;33,6;32,9;
00:00:38,437;58,3;58,3;35,3;65,0;57,9;33,4;32,4;
00:00:38,450;58,2;58,2;35,9;65,1;57,8;33,6;33,0;
00:00:38,462;58,3;58,3;35,3;65,2;57,6;33,6;33,2;
00:00:38,475;58,4;58,4;35,4;65,2;57,4;33,4;32,7;
00:00:38,487;58,2;58,2;36,0;64,6;57,7;33,5;33,1;
00:00:38,500;58,1;58,1;35,7;65,2;57,4;33,7;33,2;
00:00:38,512;58,5;58,5;35,4;65,0;57,6;33,5;32,9;
00:00:38,525;58,2;58,2;35,7;65,0;57,6;33,6;33,3;
00:00:38,537;58,4;58,4;35,6;65,0;57,8;33,7;32,9;
00:00:38,550;58,5;58,5;35,9;64,9;57,5;33,5;32,8;
00:00:38,562;58,2;58,2;35,7;64,8;57,8;33,7;33,0;
00:00:38,575;58,5;58,5;35,5;65,1;57,7;33,5;33,0;
00:00:38,587;58,2;58,2;35,7;65,0;57,6;33,4;32,8;
00:00:38,600;58,0;58,0;35,4;64,6;57,8;33,5;33,2;
00:00:38,612;58,3;58,3;35,2;65,0;57,7;33,7;33,3;
00:00:38,625;58,3;58,3;35,9;65,0;57,9;33,5;32,8;
00:00:38,637;58,3;58,3;35,8;65,0;57,7;33,5;32,6;
00:00:38,650;58,7;58,7;35,6;65,0;57,6;33,7;32,9;
00:00:38,662;58,3;58,3;35,7;65,1;57,7;33,4;32,9;
00:00:38,675;58,3;58,3;35,5;64,7;57,6;33,1;32,9;
00:00:38,687;58,5;58,5;35,5;65,0;57,9;33,4;32,7;
00:00:38,700;58,4;58,4;35,3;65,1;57,9;33,5;32,9;
00:00:38,712;58,3;58,3;35,5;65,1;57,9;33,7;32,9;
00:00:38,725;58,1;58,1;35,3;65,0;57,9;33,5;32,9;
00:00:38,737;58,2;58,2;35,3;64,7;57,7;33,3;33,0;
00:00:38,750;58,2;58,2;35,3;65,0;57,5;33,6;33,1;
00:00:38,762;58,2;58,2;35,4;64,8;57,4;33,5;32,7;
00:00:38,775;58,4;58,4;35,4;65,1;57,8;33,6;33,1;
00:00:38,787;58,6;58,6;35,7;65,2;57,4;33,2;32,5;
00:00:38,800;58,2;58,2;35,3;65,0;57,2;33,3;32,9;
00:00:38,812;58,4;58,4;35,3;64,6;57,3;33,1;33,1;
00:00:38,825;58,4;58,4;35,6;64,7;57,4;33,5;33,0;
00:00:38,837;58,3;58,3;35,3;64,8;57,9;33,4;33,0;
00:00:38,850;58,3;58,3;35,3;64,9;57,5;33,6;32,8;
00:00:38,862;58,3;58,3;35,3;64,8;57,8;33,4;32,9;
00:00:38,875;58,5;58,5;35,3;64,8;57,7;33,4;32,8;
00:00:38,887;58,1;58,1;35,2;65,4;57,7;33,3;32,9;
00:00:38,900;58,3;58,3;35,3;64,6;57,6;33,3;32,9;
00:00:38,912;58,3;58,3;35,4;65,0;57,5;33,5;32,9;
00:00:38,925;57,9;57,9;35,7;65,0;57,5;33,5;32,7;
00:00:38,937;58,2;58,2;35,6;65,0;57,7;33,5;32,7;
00:00:38,950;58,7;58,7;35,3;64,8;57,8;33,5;32,9;
00:00:38,962;58,4;58,4;35,4;64,6;57,6;33,4;32,9;
00:00:38,975;58,3;58,3;35,5;64,7;57,5;33,3;33,0;
00:00:38,987;58,7;58,7;35,3;65,4;57,8;33,4;32,9;
00:00:39,000;58,2;58,2;35,6;64,8;57,5;33,3;33,0;
00:00:39,012;58,7;58,7;35,6;64,8;57,6;33,2;33,3;
00:00:39,025;58,2;58,2;35,8;65,2;57,9;33,7;33,0;
00:00:39,037;58,4;58,4;35,9;64,9;57,5;33,6;33,1;
00:00:39,050;58,2;58,2;35,6;64,8;57,7;33,5;32,8;
00:00:39,062;58,8;58,8;35,7;65,1;57,9;33,6;32,7;
00:00:39,075;58,4;58,4;35,5;65,2;57,8;33,5;33,1;
00:00:39,087;58,3;58,3;35,9;64,9;57,9;33,6;32,7;
00:00:39,100;58,6;58,6;35,4;65,1;57,7;33,6;33,0;
00:00:39,112;58,4;58,4;35,3;65,4;57,8;33,5;33,0;
00:00:39,125;58,3;58,3;35,6;64,8;57,5;33,6;32,6;
00:00:39,137;58,7;58,7;35,4;64,9;57,8;33,7;33,3;
00:00:39,150;58,4;58,4;35,5;65,4;57,9;33,4;32,9;
00:00:39,162;58,3;58,3;35,5;64,7;57,8;33,6;32,5;
00:00:39,175;55,7;55,7;35,3;62,2;52,8;33,4;33,2;
00:00:39,187;52,9;52,9;35,3;60,3;52,4;34,1;33,7;
00:00:39,200;51,4;51,4;35,5;60,4;44,0;33,7;33,3;
00:00:39,212;47,6;47,6;35,6;62,0;37,2;33,9;32,9;
00:00:39,225;46,0;46,0;35,8;65,1;34,5;34,1;32,7;
00:00:39,237;45,8;45,8;35,5;65,6;33,7;34,3;32,7;
00:00:39,250;46,0;46,0;35,7;66,5;33,7;34,5;32,5;
00:00:39,262;46,1;46,1;35,7;66,0;33,9;34,4;32,9;
00:00:39,275;45,7;45,7;35,6;65,1;34,3;33,8;32,9;
00:00:39,287;46,2;46,2;35,7;61,8;36,2;33,7;32,3;
00:00:39,300;46,3;46,3;35,6;63,5;36,8;33,8;32,9;
00:00:39,312;48,5;48,5;35,6;63,5;35,7;33,8;32,5;
00:00:39,325;51,7;51,7;35,4;63,2;35,1;33,9;32,5;
00:00:39,337;52,7;52,7;35,7;62,4;34,3;33,8;32,9;
00:00:39,350;55,5;55,5;35,5;64,4;34,0;34,7;32,7;
00:00:39,362;56,7;56,7;35,6;65,3;33,9;36,6;33,3;
00:00:39,375;57,3;57,3;35,7;66,8;33,9;37,0;33,2;
00:00:39,387;57,9;57,9;35,6;67,6;33,9;36,5;33,3;
00:00:39,400;57,7;57,7;35,3;67,6;33,8;37,2;33,4;
00:00:39,412;58,1;58,1;35,4;67,6;33,9;36,8;33,3;
00:00:39,425;57,7;57,7;35,5;67,5;34,0;36,7;32,7;
00:00:39,437;57,9;57,9;35,4;67,6;34,0;37,0;33,0;
00:00:39,450;57,9;57,9;35,4;67,8;33,9;36,7;33,5;
00:00:39,462;58,1;58,1;35,3;67,8;34,1;36,9;32,6;
00:00:39,475;58,1;58,1;35,6;67,4;33,9;36,6;33,2;
00:00:39,487;57,9;57,9;35,4;67,7;34,2;37,2;33,0;
00:00:39,500;58,3;58,3;35,6;67,7;33,9;37,3;33,1;
00:00:39,512;58,1;58,1;35,5;67,6;33,8;37,1;32,9;
00:00:39,525;57,9;57,9;35,6;67,6;33,8;37,0;33,4;
00:00:39,537;57,9;57,9;35,5;67,9;34,1;36,8;33,1;
00:00:39,550;58,2;58,2;35,4;67,7;34,2;37,3;33,1;
00:00:39,562;57,9;57,9;35,7;67,5;33,8;37,0;33,1;
00:00:39,575;57,8;57,8;35,5;67,4;33,9;36,6;32,7;
00:00:39,587;57,8;57,8;35,6;65,6;34,0;34,6;32,5;
00:00:39,600;52,4;52,4;35,5;62,5;33,9;33,9;32,3;
00:00:39,612;51,8;51,8;35,7;57,8;36,0;33,7;32,3;
00:00:39,625;51,8;51,8;35,5;56,2;37,1;34,3;31,6;
00:00:39,637;52,7;52,7;35,5;57,8;37,9;34,2;31,8;
00:00:39,650;52,4;52,4;35,5;59,6;37,9;33,3;32,2;
00:00:39,662;55,0;55,0;35,7;61,2;40,3;33,3;32,0;
00:00:39,675;54,5;54,5;35,4;63,8;40,3;33,6;32,3;
00:00:39,687;57,4;57,4;35,7;64,7;41,6;34,0;32,3;
00:00:39,700;57,2;57,2;35,7;66,0;42,3;33,8;32,6;
00:00:39,712;57,4;57,4;35,8;65,3;41,7;34,3;32,7;
00:00:39,725;58,1;58,1;35,6;66,0;42,4;34,1;32,7;
00:00:39,737;57,5;57,5;35,6;66,4;41,0;33,5;32,4;
00:00:39,750;55,2;55,2;35,5;65,0;39,3;33,7;32,5;
00:00:39,762;56,1;56,1;35,8;65,9;39,4;33,5;32,5;
00:00:39,775;55,5;55,5;35,5;65,2;35,9;33,5;32,6;
00:00:39,787;57,1;57,1;35,7;65,6;34,9;36,2;32,7;
00:00:39,800;57,7;57,7;35,4;65,6;37,1;40,2;34,6;
00:00:39,812;57,9;57,9;35,5;66,1;39,1;41,1;34,9;
00:00:39,825;57,5;57,5;35,5;65,9;38,6;40,6;33,7;
00:00:39,837;57,2;57,2;35,8;65,3;38,2;38,2;32,8;
00:00:39,850;58,2;58,2;35,8;66,6;40,5;41,5;33,7;
00:00:39,862;60,1;60,1;35,5;67,1;41,8;42,1;34,2;
00:00:39,875;60,3;60,3;35,6;67,4;42,4;43,1;34,6;
00:00:39,887;60,4;60,4;35,6;67,2;42,4;43,4;34,5;
00:00:39,900;60,4;60,4;35,7;67,5;42,6;43,4;34,3;
00:00:39,912;60,4;60,4;35,5;67,8;42,5;43,6;34,8;
00:00:39,925;60,4;60,4;35,7;67,5;42,8;43,2;34,4;
00:00:39,937;60,5;60,5;35,3;67,2;42,6;43,6;34,7;
00:00:39,950;60,2;60,2;35,7;67,3;42,4;43,2;34,2;
00:00:39,962;60,2;60,2;35,8;67,6;42,5;43,6;34,5;
00:00:39,975;60,9;60,9;35,5;67,4;42,9;43,7;34,4;
00:00:39,987;60,5;60,5;35,7;67,5;42,8;43,7;34,9;
00:00:40,000;60,5;60,5;35,6;67,3;42,8;43,6;35,3;
00:00:40,012;60,9;60,9;35,4;67,5;42,6;43,6;35,2;
00:00:40,025;60,9;60,9;35,7;67,6;42,6;43,9;34,9;
00:00:40,037;60,4;60,4;35,5;67,5;42,9;43,6;35,0;
00:00:40,050;61,0;61,0;35,7;67,3;42,9;43,4;34,9;
00:00:40,062;60,9;60,9;35,6;67,2;42,8;43,5;35,2;
00:00:40,075;60,9;60,9;35,7;67,6;42,9;43,9;35,5;
00:00:40,087;60,9;60,9;35,9;67,4;42,5;44,0;35,4;
00:00:40,100;60,7;60,7;35,6;67,5;42,9;43,6;35,0;
00:00:40,112;60,9;60,9;35,8;67,5;42,9;43,9;34,9;
00:00:40,125;60,6;60,6;35,5;67,0;42,9;43,5;34,9;
00:00:40,137;60,9;60,9;35,5;67,5;42,7;43,6;35,6;
00:00:40,150;60,5;60,5;35,5;67,5;42,8;43,9;34,9;
00:00:40,162;60,7;60,7;35,7;67,4;42,6;43,9;35,2;
00:00:40,175;60,7;60,7;35,8;67,6;42,7;43,6;35,2;
00:00:40,187;60,3;60,3;35,6;67,3;42,9;43,7;35,2;
00:00:40,200;60,7;60,7;35,6;67,3;42,8;43,5;35,0;
00:00:40,212;60,4;60,4;35,8;67,5;43,1;43,4;35,5;
00:00:40,225;60,7;60,7;35,7;67,2;42,7;43,9;34,7;
00:00:40,237;60,6;60,6;35,5;67,5;42,5;43,7;35,3;
00:00:40,250;60,4;60,4;35,5;67,4;42,9;43,9;35,1;
00:00:40,262;61,0;61,0;35,5;67,6;42,7;43,9;35,7;
00:00:40,275;60,7;60,7;35,7;67,5;43,0;45,1;39,9;
00:00:40,287;58,9;58,9;35,9;66,2;44,7;45,6;42,9;
00:00:40,300;54,7;54,7;35,7;63,6;47,2;44,1;44,1;
00:00:40,312;52,7;52,7;35,5;59,3;50,9;44,3;44,2;
00:00:40,325;52,8;52,8;35,7;59,7;52,0;44,4;44,6;
00:00:40,337;57,2;57,2;35,7;62,5;54,5;44,9;44,9;
00:00:40,350;57,5;57,5;35,7;62,6;55,6;45,5;44,9;
00:00:40,362;55,5;55,5;35,7;63,0;55,6;45,5;45,5;
00:00:40,375;54,2;54,2;35,7;62,2;54,4;44,6;44,8;
00:00:40,387;53,6;53,6;35,7;61,4;53,6;44,0;44,6;
00:00:40,400;55,7;55,7;35,7;62,2;52,3;42,1;44,8;
00:00:40,412;55,6;55,6;35,7;62,2;49,9;35,9;44,2;
00:00:40,425;53,1;53,1;35,9;60,8;50,8;32,4;44,0;
00:00:40,437;51,6;51,6;35,6;58,6;51,4;31,4;43,6;
00:00:40,450;51,9;51,9;35,7;59,8;50,6;31,3;43,3;
00:00:40,462;53,5;53,5;35,5;60,7;52,0;31,5;43,2;
00:00:40,475;56,0;56,0;35,6;65,3;52,6;31,4;43,1;
00:00:40,487;57,4;57,4;35,7;67,5;52,9;31,3;42,8;
00:00:40,500;58,0;58,0;35,9;68,2;53,8;31,4;42,8;
00:00:40,512;58,1;58,1;35,7;68,3;53,6;31,2;43,1;
00:00:40,525;57,9;57,9;35,7;68,8;53,4;31,1;43,0;
00:00:40,537;57,9;57,9;35,7;68,3;53,1;31,1;43,0;
00:00:40,550;58,1;58,1;35,7;68,6;53,4;31,3;43,1;
00:00:40,562;57,9;57,9;35,5;68,5;53,6;31,4;43,1;
00:00:40,575;57,8;57,8;35,5;68,3;53,2;31,2;43,0;
00:00:40,587;57,8;57,8;35,6;68,4;53,6;31,2;42,6;
00:00:40,600;58,2;58,2;35,7;68,5;53,5;31,1;42,8;
00:00:40,612;57,6;57,6;35,5;68,1;53,3;31,4;42,9;
00:00:40,625;57,9;57,9;35,5;68,7;53,5;31,4;42,7;
00:00:40,637;57,9;57,9;35,7;68,6;53,2;31,3;42,9;
00:00:40,650;57,9;57,9;35,4;68,2;53,1;31,2;42,8;
00:00:40,662;57,8;57,8;35,7;68,6;53,4;31,2;42,8;
00:00:40,675;58,1;58,1;35,7;68,6;53,1;31,3;42,7;
00:00:40,687;58,3;58,3;35,7;68,5;53,6;31,5;42,8;
00:00:40,700;58,1;58,1;35,5;68,8;53,4;31,4;42,9;
00:00:40,712;57,9;57,9;35,7;68,6;53,3;31,1;42,8;
00:00:40,725;57,7;57,7;35,5;68,8;53,6;31,1;43,0;
00:00:40,737;57,9;57,9;35,9;68,8;53,2;31,2;42,9;
00:00:40,750;57,9;57,9;35,9;68,5;53,4;31,2;42,9;
00:00:40,762;58,0;58,0;35,5;68,5;53,3;31,2;42,6;
00:00:40,775;58,2;58,2;35,7;68,6;53,6;31,1;42,9;
00:00:40,787;57,8;57,8;35,7;68,3;53,7;31,2;42,8;
00:00:40,800;58,1;58,1;35,3;68,5;53,6;31,2;43,0;
00:00:40,812;58,0;58,0;35,7;68,6;53,7;31,5;42,8;
00:00:40,825;58,1;58,1;35,4;68,5;53,3;31,3;42,6;
00:00:40,837;57,8;57,8;35,9;68,5;53,3;31,0;42,8;
00:00:40,850;57,9;57,9;35,6;68,8;53,1;31,3;42,8;
00:00:40,862;57,8;57,8;35,7;68,8;53,6;31,4;42,8;
00:00:40,875;58,0;58,0;35,6;68,3;53,5;31,2;43,0;
00:00:40,887;57,6;57,6;35,7;68,6;53,2;31,2;42,7;
00:00:40,900;57,9;57,9;35,5;68,5;53,6;31,2;43,1;
00:00:40,912;58,0;58,0;35,8;68,8;53,2;31,2;43,1;
00:00:40,925;57,7;57,7;35,4;68,5;53,4;31,2;42,8;
00:00:40,937;58,0;58,0;35,4;68,5;53,3;31,3;42,9;
00:00:40,950;57,9;57,9;35,7;68,7;53,3;31,2;42,8;
00:00:40,962;58,2;58,2;35,7;68,8;53,4;31,3;42,9;
00:00:40,975;58,1;58,1;35,5;69,0;53,6;31,2;42,8;
00:00:40,987;57,9;57,9;35,5;68,8;52,9;31,5;43,0;
00:00:41,000;57,9;57,9;35,5;68,8;53,6;31,2;43,0;
00:00:41,012;57,5;57,5;35,7;68,8;53,6;31,1;42,9;
00:00:41,025;57,9;57,9;35,4;68,6;53,3;31,2;43,0;
00:00:41,037;58,2;58,2;35,8;68,6;53,7;31,2;43,1;
00:00:41,050;57,7;57,7;35,7;68,6;53,7;31,2;42,9;
00:00:41,062;57,8;57,8;35,7;68,5;53,3;31,3;42,7;
00:00:41,075;58,2;58,2;35,7;68,8;53,6;31,3;42,9;
00:00:41,087;58,0;58,0;35,5;68,6;53,7;31,6;42,8;
00:00:41,100;57,9;57,9;35,6;68,3;53,3;31,2;42,9;
00:00:41,112;58,0;58,0;35,6;68,4;53,6;31,5;42,8;
00:00:41,125;57,9;57,9;35,6;69,0;53,5;31,2;43,3;
00:00:41,137;58,0;58,0;35,7;68,8;53,7;31,3;42,8;
00:00:41,150;57,9;57,9;35,6;68,6;53,5;31,4;42,8;
00:00:41,162;58,0;58,0;35,7;69,0;53,4;31,4;42,8;
00:00:41,175;58,0;58,0;35,7;68,5;53,3;31,2;43,1;
00:00:41,187;57,9;57,9;35,9;68,5;53,7;31,2;43,2;
00:00:41,200;58,2;58,2;35,7;68,5;53,3;31,5;42,8;
00:00:41,212;57,9;57,9;35,5;68,3;53,3;31,2;42,6;
00:00:41,225;57,9;57,9;35,7;68,5;53,2;31,2;43,0;
00:00:41,237;58,2;58,2;35,7;68,8;53,4;31,3;43,1;
00:00:41,250;57,8;57,8;35,6;68,9;53,3;31,1;43,1;
00:00:41,262;58,2;58,2;35,7;68,3;54,2;31,4;42,7;
00:00:41,275;58,1;58,1;35,8;68,8;53,6;31,1;42,8;
00:00:41,287;58,1;58,1;35,7;68,5;53,3;31,1;42,8;
00:00:41,300;58,2;58,2;35,9;68,6;53,1;31,2;43,0;
00:00:41,312;57,9;57,9;35,9;68,6;53,6;31,2;43,1;
00:00:41,325;57,9;57,9;35,7;68,7;53,6;31,1;42,9;
00:00:41,337;57,5;57,5;35,6;68,7;53,3;31,1;42,8;
00:00:41,350;58,1;58,1;35,5;68,5;53,0;31,3;42,8;
00:00:41,362;57,8;57,8;35,5;68,7;53,2;31,1;43,1;
00:00:41,375;57,9;57,9;35,7;68,4;53,5;31,2;43,0;
00:00:41,387;57,5;57,5;35,7;68,3;53,6;31,3;43,3;
00:00:41,400;58,2;58,2;35,4;68,6;53,3;31,2;42,9;
00:00:41,412;58,0;58,0;35,9;68,8;53,7;31,1;42,9;
00:00:41,425;57,9;57,9;35,5;68,5;53,5;31,1;42,9;
00:00:41,437;57,7;57,7;35,5;68,5;53,9;31,2;42,9;
00:00:41,450;58,1;58,1;35,6;68,8;53,3;31,5;42,9;
00:00:41,462;57,9;57,9;35,4;68,5;53,7;31,3;42,9;
00:00:41,475;58,0;58,0;35,7;68,7;53,2;31,2;42,8;
00:00:41,487;57,6;57,6;35,7;68,6;53,4;31,3;43,0;
00:00:41,500;57,8;57,8;35,5;68,6;53,3;31,1;42,8;
00:00:41,512;57,9;57,9;35,7;68,2;53,8;31,0;42,5;
00:00:41,525;57,9;57,9;35,6;68,5;53,6;31,2;43,1;
00:00:41,537;58,2;58,2;35,4;68,5;53,6;31,2;43,1;
00:00:41,550;58,0;58,0;35,3;68,3;53,3;31,2;42,6;
00:00:41,562;57,9;57,9;36,0;68,5;53,5;30,9;42,7;
00:00:41,575;57,9;57,9;35,3;68,2;53,6;31,1;42,9;
00:00:41,587;57,6;57,6;35,3;68,3;53,4;31,1;43,0;
00:00:41,600;58,1;58,1;35,6;68,6;53,2;31,2;42,9;
00:00:41,612;57,9;57,9;35,7;68,3;53,0;31,2;42,8;
00:00:41,625;58,1;58,1;35,9;68,3;53,3;31,4;42,9;
00:00:41,637;58,1;58,1;35,8;68,2;53,7;31,1;42,8;
00:00:41,650;58,1;58,1;35,7;68,7;53,2;31,2;42,8;
00:00:41,662;57,8;57,8;35,6;68,4;53,7;31,2;42,9;
00:00:41,675;58,0;58,0;35,5;68,3;53,6;31,3;42,6;
00:00:41,687;57,6;57,6;35,4;68,3;53,3;31,3;43,1;
00:00:41,700;58,0;58,0;35,6;68,5;53,6;31,2;42,9;
00:00:41,712;58,1;58,1;35,3;68,6;53,1;31,1;42,9;
00:00:41,725;57,9;57,9;35,3;68,6;53,4;31,2;43,2;
00:00:41,737;57,5;57,5;35,5;68,5;53,1;31,2;42,9;
00:00:41,750;57,9;57,9;35,6;68,4;53,2;31,2;42,6;
00:00:41,762;57,6;57,6;35,7;68,3;53,6;30,9;42,6;
00:00:41,775;57,8;57,8;35,4;68,3;53,2;31,2;42,8;
00:00:41,787;58,1;58,1;35,4;68,6;53,3;31,2;42,8;
00:00:41,800;57,9;57,9;35,3;68,3;53,4;31,1;42,8;
00:00:41,812;57,9;57,9;35,5;68,3;53,6;31,1;42,6;
00:00:41,825;57,7;57,7;35,6;68,3;53,6;31,1;43,0;
00:00:41,837;57,7;57,7;35,5;68,3;52,9;31,1;42,8;
00:00:41,850;57,8;57,8;35,5;68,3;53,0;31,1;42,9;
00:00:41,862;57,8;57,8;35,5;68,3;53,2;31,0;42,8;
00:00:41,875;58,0;58,0;35,4;68,5;53,3;31,4;42,9;
00:00:41,887;58,0;58,0;35,4;68,8;53,3;31,2;42,6;
00:00:41,900;57,9;57,9;35,7;68,2;53,2;31,1;42,8;
00:00:41,912;57,9;57,9;35,4;68,6;53,2;31,0;42,8;
00:00:41,925;57,7;57,7;35,4;68,3;53,2;31,2;42,9;
00:00:41,937;58,0;58,0;35,6;68,6;53,3;31,2;42,6;
00:00:41,950;58,0;58,0;35,6;68,5;53,1;31,2;42,6;
00:00:41,962;58,1;58,1;35,5;68,8;53,6;31,2;43,1;
00:00:41,975;58,0;58,0;35,5;68,5;53,3;31,2;43,0;
00:00:41,987;58,1;58,1;35,6;68,2;53,1;31,3;43,0;
00:00:42,000;58,1;58,1;35,7;68,6;53,3;31,5;42,9;
00:00:42,012;58,2;58,2;35,7;68,7;53,4;31,1;42,9;
00:00:42,025;58,1;58,1;35,7;68,5;53,2;31,1;42,9;
00:00:42,037;59,1;59,1;35,5;67,7;51,9;31,2;42,9;
00:00:42,050;60,2;60,2;35,5;66,2;49,9;31,3;42,7;
00:00:42,062;60,5;60,5;35,7;67,7;49,8;31,2;42,9;
00:00:42,075;60,7;60,7;35,5;68,1;50,0;31,2;42,7;
00:00:42,087;60,7;60,7;35,2;68,1;49,5;31,0;42,9;
00:00:42,100;60,7;60,7;35,4;67,9;49,2;31,3;42,6;
00:00:42,112;60,7;60,7;35,5;67,1;50,0;31,0;42,6;
00:00:42,125;60,5;60,5;35,7;66,5;49,9;31,2;42,7;
00:00:42,137;60,5;60,5;35,3;66,3;49,7;31,0;42,7;
00:00:42,150;60,7;60,7;35,2;66,5;49,0;31,2;42,9;
00:00:42,162;60,9;60,9;35,3;66,3;49,9;31,2;42,8;
00:00:42,175;60,7;60,7;35,7;66,5;49,3;31,3;42,4;
00:00:42,187;60,5;60,5;35,8;66,5;49,6;30,9;42,7;
00:00:42,200;60,5;60,5;35,5;66,4;49,3;31,2;42,8;
00:00:42,212;60,2;60,2;35,3;66,4;49,7;31,1;42,7;
00:00:42,225;60,1;60,1;35,5;66,6;49,9;31,1;42,6;
00:00:42,237;60,4;60,4;35,8;66,2;49,2;31,1;42,7;
00:00:42,250;60,7;60,7;35,3;66,4;49,7;31,1;42,6;
00:00:42,262;60,7;60,7;35,4;66,4;50,0;30,9;42,6;
00:00:42,275;60,2;60,2;35,3;67,4;50,1;31,1;42,8;
00:00:42,287;60,3;60,3;35,1;68,1;49,6;30,8;42,5;
00:00:42,300;60,7;60,7;35,3;68,2;49,7;31,3;42,8;
00:00:42,312;60,5;60,5;35,2;68,2;49,4;30,8;42,8;
00:00:42,325;60,5;60,5;35,3;68,0;49,7;31,0;42,7;
00:00:42,337;60,5;60,5;35,1;67,6;49,6;30,8;42,6;
00:00:42,350;60,0;60,0;35,2;66,5;49,9;31,1;42,8;
00:00:42,362;60,1;60,1;35,3;66,7;49,8;31,2;42,4;
00:00:42,375;60,4;60,4;35,4;67,1;50,1;31,3;42,6;
00:00:42,387;60,4;60,4;35,5;67,5;50,0;31,2;42,4;
00:00:42,400;60,1;60,1;35,1;67,5;50,0;31,1;42,6;
00:00:42,412;60,3;60,3;35,3;67,7;50,1;31,2;42,6;
00:00:42,425;60,1;60,1;35,4;67,9;50,1;31,2;42,7;
00:00:42,437;59,8;59,8;35,4;68,0;49,9;31,1;42,5;
00:00:42,450;59,4;59,4;35,3;68,5;49,4;31,1;42,6;
00:00:42,462;59,3;59,3;35,3;69,0;48,7;31,1;42,4;
00:00:42,475;58,8;58,8;35,4;68,7;48,8;31,1;42,4;
00:00:42,487;59,4;59,4;35,5;68,8;48,7;31,2;42,4;
00:00:42,500;59,4;59,4;35,3;69,2;49,2;31,1;42,6;
00:00:42,512;59,4;59,4;35,5;68,9;49,3;30,9;42,5;
00:00:42,525;58,9;58,9;35,3;68,8;49,9;31,2;42,7;
00:00:42,537;59,9;59,9;35,5;69,5;50,3;30,9;42,4;
00:00:42,550;60,8;60,8;35,3;68,8;51,1;31,2;42,6;
00:00:42,562;59,8;59,8;35,3;68,7;51,6;31,2;43,0;
00:00:42,575;59,7;59,7;35,3;68,5;52,2;31,2;43,0;
00:00:42,587;59,7;59,7;35,3;68,3;52,2;31,0;42,6;
00:00:42,600;59,8;59,8;35,1;68,7;52,4;31,1;42,6;
00:00:42,612;59,4;59,4;35,4;68,5;52,4;31,0;42,4;
00:00:42,625;59,8;59,8;35,1;68,3;52,0;31,2;42,5;
00:00:42,637;60,7;60,7;35,1;68,8;51,2;30,8;42,6;
00:00:42,650;58,3;58,3;35,1;68,8;49,5;30,8;42,3;
00:00:42,662;59,0;59,0;35,3;69,0;48,9;30,9;42,4;
00:00:42,675;58,9;58,9;35,2;68,8;48,6;31,0;42,4;
00:00:42,687;59,0;59,0;35,2;68,4;48,8;31,1;42,4;
00:00:42,700;58,9;58,9;35,0;68,6;48,8;30,8;42,1;
00:00:42,712;59,0;59,0;35,1;68,6;49,0;31,1;42,3;
00:00:42,725;58,8;58,8;35,1;68,7;49,0;30,9;42,1;
00:00:42,737;58,8;58,8;34,9;68,8;48,9;31,1;42,2;
00:00:42,750;58,9;58,9;35,0;68,8;49,2;31,1;42,3;
00:00:42,762;58,9;58,9;35,1;69,0;48,9;30,8;42,4;
00:00:42,775;58,9;58,9;34,9;68,8;49,3;30,9;42,3;
00:00:42,787;58,7;58,7;35,1;68,6;49,1;31,0;42,3;
00:00:42,800;59,1;59,1;35,1;68,6;49,0;30,8;42,1;
00:00:42,812;58,7;58,7;35,1;69,0;49,1;30,9;42,6;
00:00:42,825;59,0;59,0;35,0;68,6;49,0;31,0;42,2;
00:00:42,837;59,0;59,0;35,1;69,0;49,2;30,8;42,3;
00:00:42,850;59,0;59,0;35,1;68,8;48,5;31,2;42,3;
00:00:42,862;59,2;59,2;35,1;68,5;49,2;31,1;42,3;
00:00:42,875;59,0;59,0;35,1;68,8;48,9;31,1;42,4;
00:00:42,887;59,8;59,8;35,2;68,6;48,9;31,1;42,4;
00:00:42,900;59,1;59,1;35,3;68,8;49,5;31,0;42,4;
00:00:42,912;59,5;59,5;35,0;68,9;50,4;31,0;42,3;
00:00:42,925;60,9;60,9;35,3;69,0;51,1;31,2;42,6;
00:00:42,937;59,4;59,4;35,1;68,2;51,8;30,8;42,8;
00:00:42,950;58,3;58,3;35,1;68,5;53,1;31,0;42,6;
00:00:42,962;58,9;58,9;35,0;69,2;53,7;31,3;42,7;
00:00:42,975;59,1;59,1;35,3;69,5;53,9;31,1;42,7;
00:00:42,987;59,8;59,8;35,1;69,5;54,2;31,0;42,6;
00:00:43,000;60,0;60,0;35,2;69,6;54,2;31,1;42,8;
00:00:43,012;58,8;58,8;35,2;68,9;53,0;31,2;42,6;
00:00:43,025;57,7;57,7;35,1;68,5;49,6;31,0;42,2;
00:00:43,037;58,4;58,4;35,0;68,4;48,6;30,8;42,1;
00:00:43,050;59,0;59,0;34,9;68,3;48,9;31,2;42,3;
00:00:43,062;58,8;58,8;35,3;68,8;48,4;30,9;42,2;
00:00:43,075;59,4;59,4;35,0;68,8;48,2;30,8;42,1;
00:00:43,087;59,2;59,2;35,1;68,6;47,8;30,9;42,6;
00:00:43,100;59,0;59,0;35,4;68,7;48,5;31,1;42,2;
00:00:43,112;59,5;59,5;35,0;68,5;48,7;31,1;42,3;
00:00:43,125;59,3;59,3;35,0;68,1;48,1;31,0;42,1;
00:00:43,137;58,9;58,9;35,3;68,4;48,3;31,1;42,1;
00:00:43,150;58,8;58,8;35,5;69,0;49,0;30,8;42,4;
00:00:43,162;60,3;60,3;35,0;69,0;50,1;31,1;42,2;
00:00:43,175;59,8;59,8;35,2;69,2;51,3;31,0;42,4;
00:00:43,187;59,4;59,4;35,1;68,3;52,4;31,1;42,7;
00:00:43,200;58,9;58,9;35,0;69,0;53,5;31,1;42,7;
00:00:43,212;59,2;59,2;35,0;69,6;54,2;31,0;42,9;
00:00:43,225;60,3;60,3;35,1;69,5;54,2;31,0;42,9;
00:00:43,237;60,3;60,3;35,1;69,4;54,0;30,8;42,6;
00:00:43,250;58,8;58,8;35,1;69,3;53,6;31,1;42,8;
00:00:43,262;57,4;57,4;34,9;68,8;49,9;31,0;42,4;
00:00:43,275;58,6;58,6;35,1;68,4;47,7;30,9;42,3;
00:00:43,287;58,6;58,6;35,1;68,8;47,9;30,9;42,7;
00:00:43,300;59,2;59,2;35,3;68,8;47,4;30,9;42,5;
00:00:43,312;59,1;59,1;35,1;68,6;47,6;30,8;42,2;
00:00:43,325;59,5;59,5;35,3;68,6;47,6;31,1;42,3;
00:00:43,337;59,1;59,1;35,1;68,8;47,3;30,8;42,6;
00:00:43,350;59,6;59,6;35,0;68,8;47,5;31,1;42,3;
00:00:43,362;59,4;59,4;35,3;68,5;47,3;30,8;42,3;
00:00:43,375;59,7;59,7;35,2;68,8;47,9;31,0;42,3;
00:00:43,387;59,8;59,8;35,1;68,8;48,5;31,0;42,4;
00:00:43,400;59,8;59,8;35,1;68,6;49,1;31,1;42,2;
00:00:43,412;58,9;58,9;35,1;68,5;49,9;30,8;42,4;
00:00:43,425;60,2;60,2;35,3;68,8;50,8;31,1;42,7;
00:00:43,437;59,6;59,6;35,3;68,5;51,6;31,3;42,7;
00:00:43,450;58,9;58,9;35,2;69,2;53,5;31,1;42,8;
00:00:43,462;58,9;58,9;35,1;69,6;53,7;31,1;42,8;
00:00:43,475;59,5;59,5;35,1;69,4;54,2;31,2;43,1;
00:00:43,487;59,9;59,9;35,3;69,6;54,5;30,9;42,9;
00:00:43,500;59,6;59,6;35,1;69,5;54,1;30,8;42,9;
00:00:43,512;60,2;60,2;35,0;69,6;54,2;31,3;42,9;
00:00:43,525;60,1;60,1;35,2;69,5;54,5;31,1;42,7;
00:00:43,537;60,6;60,6;35,0;69,7;54,1;31,2;42,8;
00:00:43,550;58,0;58,0;34,9;68,9;53,7;31,1;42,6;
00:00:43,562;56,9;56,9;35,1;68,8;50,7;30,7;42,4;
00:00:43,575;58,7;58,7;34,9;68,6;48,7;30,8;42,5;
00:00:43,587;59,0;59,0;35,0;69,0;47,9;30,9;42,4;
00:00:43,600;59,3;59,3;35,1;69,1;47,8;30,8;42,3;
00:00:43,612;59,2;59,2;35,1;69,0;47,9;31,0;42,5;
00:00:43,625;59,6;59,6;35,1;69,2;47,7;31,2;42,4;
00:00:43,637;59,7;59,7;35,0;68,6;47,5;31,2;42,3;
00:00:43,650;59,9;59,9;35,1;68,3;48,2;31,0;42,3;
00:00:43,662;59,6;59,6;35,1;68,8;48,9;31,1;42,3;
00:00:43,675;59,7;59,7;35,1;68,8;50,2;30,8;42,8;
00:00:43,687;59,4;59,4;34,9;68,8;51,6;31,3;42,6;
00:00:43,700;58,8;58,8;35,2;68,9;52,9;31,3;43,0;
00:00:43,712;58,7;58,7;35,2;69,4;54,1;31,0;42,7;
00:00:43,725;59,5;59,5;35,1;69,6;54,2;31,1;43,1;
00:00:43,737;60,3;60,3;35,3;69,2;54,6;31,1;43,1;
00:00:43,750;60,3;60,3;35,3;69,6;54,6;31,1;43,2;
00:00:43,762;60,5;60,5;34,9;69,4;54,5;31,1;42,9;
00:00:43,775;60,3;60,3;35,4;69,4;54,5;31,2;43,0;
00:00:43,787;60,1;60,1;35,0;69,6;54,5;31,2;42,9;
00:00:43,800;60,3;60,3;34,9;69,0;54,4;31,1;42,6;
00:00:43,812;60,2;60,2;35,1;69,4;54,4;30,8;42,8;
00:00:43,825;60,1;60,1;35,1;69,0;54,5;30,9;42,8;
00:00:43,837;60,2;60,2;34,9;69,6;54,4;30,8;42,8;
00:00:43,850;59,8;59,8;35,1;69,5;54,4;31,0;42,6;
00:00:43,862;60,1;60,1;35,0;69,4;54,6;31,1;43,2;
00:00:43,875;60,1;60,1;35,0;69,4;54,4;31,0;42,6;
00:00:43,887;60,4;60,4;34,9;69,3;54,6;31,2;43,1;
00:00:43,900;60,2;60,2;34,9;69,6;54,1;31,1;42,6;
00:00:43,912;60,0;60,0;35,1;69,4;54,1;31,2;43,0;
00:00:43,925;60,1;60,1;35,2;69,3;54,2;31,2;42,8;
00:00:43,937;60,5;60,5;35,2;69,2;54,5;31,1;42,8;
00:00:43,950;60,2;60,2;35,1;69,4;54,6;31,2;43,1;
00:00:43,962;60,1;60,1;35,1;69,4;54,5;31,2;42,7;
00:00:43,975;59,8;59,8;35,1;69,6;54,6;30,9;42,9;
00:00:43,987;60,2;60,2;35,1;69,5;54,2;31,1;42,8;
00:00:44,000;60,6;60,6;35,3;69,6;54,5;30,8;42,9;
00:00:44,012;60,1;60,1;35,2;69,4;54,6;31,1;43,0;
00:00:44,025;60,5;60,5;34,9;69,6;54,1;30,8;43,0;
00:00:44,037;60,4;60,4;35,2;69,4;54,2;31,2;42,7;
00:00:44,050;60,4;60,4;35,3;69,6;54,2;31,2;43,1;
00:00:44,062;60,3;60,3;35,1;69,5;54,5;30,8;42,9;
00:00:44,075;60,5;60,5;34,8;69,6;54,2;31,2;42,7;
00:00:44,087;60,0;60,0;35,2;69,4;54,7;31,2;42,6;
00:00:44,100;60,3;60,3;35,0;69,6;54,1;31,1;42,8;
00:00:44,112;60,0;60,0;35,3;69,6;54,8;31,2;42,8;
00:00:44,125;60,3;60,3;34,9;69,8;54,4;31,2;42,9;
00:00:44,137;60,4;60,4;34,9;69,3;54,2;31,1;42,9;
00:00:44,150;60,3;60,3;35,1;69,3;54,6;31,4;42,9;
00:00:44,162;60,3;60,3;35,1;69,4;54,6;31,4;42,9;
00:00:44,175;60,3;60,3;35,1;69,4;54,4;31,1;43,2;
00:00:44,187;60,5;60,5;34,9;69,5;54,3;30,9;43,1;
00:00:44,200;60,3;60,3;34,9;69,2;54,3;31,1;42,7;
00:00:44,212;60,1;60,1;35,1;69,0;54,5;30,8;42,8;
00:00:44,225;60,1;60,1;35,1;69,4;54,5;31,1;42,8;
00:00:44,237;59,9;59,9;35,0;69,5;54,2;31,1;42,8;
00:00:44,250;60,7;60,7;35,1;69,4;54,3;31,1;42,8;
00:00:44,262;60,3;60,3;34,9;69,6;54,5;31,2;42,7;
00:00:44,275;60,3;60,3;34,9;69,2;54,1;31,1;42,9;
00:00:44,287;60,4;60,4;34,9;69,4;54,6;31,0;43,1;
00:00:44,300;60,1;60,1;35,1;69,7;54,4;31,1;43,1;
00:00:44,312;60,2;60,2;35,1;69,2;54,4;31,2;43,1;
00:00:44,325;60,3;60,3;35,1;69,6;54,2;30,9;42,8;
00:00:44,337;60,0;60,0;35,0;69,7;54,4;31,2;43,0;
00:00:44,350;59,9;59,9;35,0;69,4;54,5;31,0;42,6;
00:00:44,362;59,8;59,8;35,0;69,7;54,6;31,0;42,9;
00:00:44,375;60,1;60,1;35,1;69,6;54,1;31,1;42,8;
00:00:44,387;60,3;60,3;35,0;69,5;54,6;31,2;42,8;
00:00:44,400;60,3;60,3;34,7;69,5;54,2;31,0;42,8;
00:00:44,412;60,5;60,5;34,9;69,6;54,4;30,9;43,0;
00:00:44,425;60,0;60,0;35,1;69,6;54,2;31,2;43,1;
00:00:44,437;60,5;60,5;35,1;69,6;54,5;31,1;43,0;
00:00:44,450;60,4;60,4;35,0;69,6;54,1;31,5;43,0;
00:00:44,462;60,7;60,7;35,1;69,8;54,4;31,0;42,7;
00:00:44,475;60,3;60,3;35,1;69,5;54,2;31,1;43,1;
00:00:44,487;60,1;60,1;34,8;69,4;54,2;31,1;42,9;
00:00:44,500;60,1;60,1;35,1;69,4;54,4;31,2;42,8;
00:00:44,512;60,3;60,3;35,1;69,6;54,4;31,1;42,9;
00:00:44,525;59,9;59,9;35,1;69,6;54,4;31,1;42,8;
00:00:44,537;60,4;60,4;35,1;69,6;54,4;31,1;42,8;
00:00:44,550;60,1;60,1;35,1;69,6;54,4;31,0;43,2;
00:00:44,562;60,4;60,4;34,9;69,5;54,2;31,0;43,0;
00:00:44,575;60,4;60,4;35,1;69,4;54,2;31,1;42,6;
00:00:44,587;60,5;60,5;35,1;69,6;54,2;31,3;43,0;
00:00:44,600;60,4;60,4;34,9;69,4;54,2;31,0;42,9;
00:00:44,612;60,0;60,0;35,1;69,7;54,6;31,0;42,8;
00:00:44,625;60,0;60,0;35,0;69,6;54,2;31,0;43,1;
00:00:44,637;60,4;60,4;35,1;69,4;54,2;31,2;42,9;
00:00:44,650;60,1;60,1;35,0;69,3;54,1;31,2;42,8;
00:00:44,662;60,1;60,1;35,1;69,4;54,2;31,1;42,9;
00:00:44,675;60,1;60,1;35,1;69,2;54,2;31,0;43,3;
00:00:44,687;60,2;60,2;34,9;69,4;54,1;31,4;42,8;
00:00:44,700;60,1;60,1;35,0;69,6;54,6;31,1;42,8;
00:00:44,712;60,4;60,4;35,1;69,7;54,4;31,0;42,9;
00:00:44,725;60,2;60,2;35,1;69,4;54,1;31,3;42,8;
00:00:44,737;60,3;60,3;34,9;69,1;54,5;31,1;42,9;
00:00:44,750;60,1;60,1;34,9;69,4;54,1;31,2;42,8;
00:00:44,762;60,5;60,5;34,9;69,6;54,2;31,5;43,0;
00:00:44,775;60,0;60,0;35,1;69,0;54,5;31,0;43,1;
00:00:44,787;60,5;60,5;35,0;69,4;54,3;30,9;42,8;
00:00:44,800;60,0;60,0;35,0;69,4;54,3;31,1;42,8;
00:00:44,812;60,2;60,2;34,9;69,5;54,7;31,2;42,8;
00:00:44,825;60,2;60,2;35,1;69,6;54,4;31,2;43,0;
00:00:44,837;60,0;60,0;35,1;69,4;54,5;31,1;42,9;
00:00:44,850;60,2;60,2;35,1;69,4;54,2;31,2;42,9;
00:00:44,862;60,2;60,2;35,2;69,5;54,7;31,1;43,3;
00:00:44,875;60,2;60,2;35,3;69,6;54,2;31,0;42,9;
00:00:44,887;60,1;60,1;35,1;69,4;54,3;31,2;42,9;
00:00:44,900;59,8;59,8;35,2;69,4;54,2;31,2;43,0;
00:00:44,912;60,1;60,1;34,8;69,4;54,2;30,9;42,8;
00:00:44,925;60,1;60,1;34,7;69,4;54,0;30,9;42,8;
00:00:44,937;59,8;59,8;34,7;69,4;54,0;31,2;42,8;
00:00:44,950;59,8;59,8;34,5;69,0;54,2;30,8;42,4;
00:00:44,962;59,7;59,7;34,7;68,9;54,2;30,9;42,4;
00:00:44,975;60,0;60,0;34,7;69,0;53,9;30,8;42,6;
00:00:44,987;60,0;60,0;34,5;69,0;54,1;30,9;42,5;
00:00:45,000;60,1;60,1;34,9;69,0;53,7;30,6;42,4;
00:00:45,012;59,8;59,8;34,5;69,3;53,9;30,8;42,5;
00:00:45,025;60,1;60,1;34,6;69,0;53,9;30,6;42,7;
00:00:45,037;59,7;59,7;34,6;69,2;53,9;30,4;42,2;
00:00:45,050;59,8;59,8;34,7;69,4;53,9;30,8;42,5;
00:00:45,062;60,2;60,2;34,9;69,0;54,1;30,7;42,7;
00:00:45,075;59,7;59,7;34,8;69,2;54,1;30,6;42,8;
00:00:45,087;60,0;60,0;34,3;69,2;53,9;30,8;42,4;
00:00:45,100;60,0;60,0;34,7;69,0;53,9;30,8;42,6;
00:00:45,112;59,7;59,7;34,6;68,8;53,9;30,9;43,0;
00:00:45,125;59,8;59,8;34,9;69,0;53,6;30,6;42,3;
00:00:45,137;59,8;59,8;34,5;69,4;53,9;30,8;42,4;
00:00:45,150;60,1;60,1;35,0;69,0;53,9;30,8;42,6;
00:00:45,162;60,0;60,0;34,5;69,1;53,9;30,7;42,4;
00:00:45,175;60,0;60,0;34,6;69,3;54,0;30,6;42,5;
00:00:45,187;59,5;59,5;34,7;69,0;54,0;31,1;42,4;
00:00:45,200;59,8;59,8;34,7;69,0;54,3;30,7;42,5;
00:00:45,212;60,1;60,1;34,7;68,8;54,1;30,5;42,4;
00:00:45,225;59,7;59,7;34,6;69,1;54,1;30,6;42,4;
00:00:45,237;60,0;60,0;34,7;69,0;53,7;30,9;42,8;
00:00:45,250;59,7;59,7;34,5;69,0;54,2;30,8;42,6;
00:00:45,262;60,1;60,1;34,6;69,0;53,9;30,8;42,6;
00:00:45,275;59,8;59,8;34,7;69,0;54,0;30,9;42,7;
00:00:45,287;59,8;59,8;34,5;68,9;53,9;30,8;42,4;
00:00:45,300;60,0;60,0;34,9;69,1;54,0;30,7;42,8;
00:00:45,312;60,0;60,0;34,6;69,4;53,9;30,7;42,4;
00:00:45,325;59,7;59,7;34,6;69,4;53,9;30,9;42,5;
00:00:45,337;60,0;60,0;34,7;69,3;54,0;30,7;42,6;
00:00:45,350;59,8;59,8;34,6;68,7;53,9;30,6;42,4;
00:00:45,362;60,1;60,1;34,7;68,9;53,9;30,9;42,8;
00:00:45,375;60,2;60,2;34,6;68,9;53,6;30,9;42,7;
00:00:45,387;60,1;60,1;34,7;69,3;53,7;30,7;42,8;
00:00:45,400;59,9;59,9;34,8;69,4;54,1;31,2;42,4;
00:00:45,412;59,6;59,6;34,8;69,4;53,8;30,7;42,6;
00:00:45,425;60,0;60,0;34,7;69,2;54,2;30,8;42,3;
00:00:45,437;59,8;59,8;34,6;69,0;54,0;30,6;42,4;
00:00:45,450;60,0;60,0;34,7;69,0;54,0;30,9;42,6;
00:00:45,462;59,8;59,8;34,8;69,1;53,8;30,6;42,4;
00:00:45,475;59,8;59,8;34,7;69,0;54,0;30,6;42,5;
00:00:45,487;60,1;60,1;34,3;69,0;54,0;30,7;42,4;
00:00:45,500;59,5;59,5;34,7;69,0;53,8;30,8;42,4;
00:00:45,512;59,8;59,8;34,5;68,9;54,3;31,1;42,6;
00:00:45,525;59,7;59,7;34,7;68,8;53,9;31,1;42,4;
00:00:45,537;59,8;59,8;34,8;69,2;53,9;30,7;42,6;
00:00:45,550;59,7;59,7;34,7;68,9;54,1;31,1;42,4;
00:00:45,562;59,7;59,7;34,7;69,5;54,1;30,9;42,4;
00:00:45,575;59,8;59,8;34,9;69,3;53,9;31,0;42,8;
00:00:45,587;59,8;59,8;34,9;69,1;53,9;30,8;42,6;
00:00:45,600;60,1;60,1;34,7;69,0;53,9;30,6;42,6;
00:00:45,612;60,2;60,2;34,5;69,4;54,1;30,8;42,4;
00:00:45,625;59,7;59,7;34,7;69,1;54,3;30,8;42,6;
00:00:45,637;60,1;60,1;34,5;68,6;54,1;30,9;42,4;
00:00:45,650;59,9;59,9;34,9;69,0;54,1;30,6;42,5;
00:00:45,662;59,5;59,5;34,3;69,2;54,1;30,5;42,5;
00:00:45,675;60,0;60,0;34,7;68,7;53,9;30,8;42,4;
00:00:45,687;59,9;59,9;34,3;68,9;53,9;30,5;42,7;
00:00:45,700;59,7;59,7;34,4;69,4;54,1;30,6;42,6;
00:00:45,712;59,7;59,7;34,7;68,8;53,9;30,9;42,4;
00:00:45,725;59,6;59,6;34,6;69,0;54,1;30,6;42,6;
00:00:45,737;59,8;59,8;34,5;69,5;54,0;30,6;42,3;
00:00:45,750;59,9;59,9;34,4;69,2;54,0;30,8;42,5;
00:00:45,762;59,7;59,7;34,4;68,8;54,1;30,6;42,6;
00:00:45,775;59,5;59,5;34,5;69,0;53,7;30,6;42,4;
00:00:45,787;59,6;59,6;34,8;69,0;54,1;30,8;42,6;
00:00:45,800;59,7;59,7;34,7;69,0;53,8;30,7;42,4;
00:00:45,812;59,4;59,4;34,4;69,0;53,9;31,0;42,4;
00:00:45,825;59,7;59,7;34,4;69,2;54,0;30,7;42,6;
00:00:45,837;59,9;59,9;34,7;69,1;54,0;30,7;42,4;
00:00:45,850;59,8;59,8;34,5;68,9;53,9;30,6;42,4;
00:00:45,862;59,7;59,7;34,6;69,2;53,8;30,4;42,6;
00:00:45,875;60,1;60,1;34,3;69,1;53,8;30,7;42,6;
00:00:45,887;60,0;60,0;34,6;68,9;53,9;30,5;42,4;
00:00:45,900;59,8;59,8;34,7;69,2;53,9;31,0;42,6;
00:00:45,912;59,8;59,8;34,5;69,0;53,9;30,8;42,3;
00:00:45,925;60,1;60,1;34,5;68,9;54,0;31,1;42,4;
00:00:45,937;59,8;59,8;34,5;69,0;53,9;30,6;42,9;
00:00:45,950;59,9;59,9;34,7;69,0;53,7;31,1;42,6;
00:00:45,962;59,4;59,4;34,6;68,9;53,9;30,7;42,4;
00:00:45,975;60,3;60,3;34,5;69,2;53,9;30,4;42,3;
00:00:45,987;60,1;60,1;34,3;69,0;53,6;30,7;42,5;
00:00:46,000;59,8;59,8;34,4;69,0;53,9;30,6;42,3;
00:00:46,012;59,6;59,6;34,5;69,4;54,0;30,5;42,7;
00:00:46,025;59,6;59,6;34,5;69,2;53,9;30,8;42,5;
00:00:46,037;59,8;59,8;34,5;69,0;54,1;30,6;42,4;
00:00:46,050;60,0;60,0;34,3;69,0;54,0;30,8;42,5;
00:00:46,062;59,8;59,8;34,5;69,1;53,9;30,5;42,3;
00:00:46,075;59,5;59,5;34,3;68,8;54,1;30,5;42,4;
00:00:46,087;59,8;59,8;34,3;69,0;53,9;30,8;42,2;
00:00:46,100;59,8;59,8;34,7;69,4;54,1;31,0;42,6;
00:00:46,112;60,1;60,1;34,6;69,4;54,2;30,5;42,6;
00:00:46,125;59,8;59,8;34,6;69,1;53,9;30,8;42,4;
00:00:46,137;59,8;59,8;34,4;68,8;54,4;30,8;42,4;
00:00:46,150;59,4;59,4;34,7;68,6;53,7;30,7;42,3;
00:00:46,162;59,6;59,6;34,4;69,0;54,0;30,7;42,6;
00:00:46,175;59,7;59,7;34,6;69,0;54,2;30,7;42,6;
00:00:46,187;59,7;59,7;34,3;69,0;54,0;30,4;42,3;
00:00:46,200;60,0;60,0;34,4;69,0;53,9;30,7;42,4;
00:00:46,212;60,2;60,2;34,6;68,8;53,9;30,7;42,3;
00:00:46,225;59,8;59,8;34,4;69,2;53,6;30,7;42,4;
00:00:46,237;59,5;59,5;34,3;69,0;53,8;30,8;42,3;
00:00:46,250;59,7;59,7;34,3;68,8;53,8;30,2;42,5;
00:00:46,262;59,9;59,9;34,3;68,7;53,8;30,8;42,1;
00:00:46,275;60,0;60,0;34,3;69,0;53,7;30,5;42,4;
00:00:46,287;59,6;59,6;34,4;68,8;53,6;30,6;42,4;
00:00:46,300;59,6;59,6;34,3;68,5;53,9;30,3;42,1;
00:00:46,312;60,0;60,0;34,3;69,1;54,1;30,7;42,3;
00:00:46,325;60,1;60,1;34,3;68,8;53,9;30,6;42,6;
00:00:46,337;59,8;59,8;34,5;69,2;53,8;30,4;42,4;
00:00:46,350;59,8;59,8;34,2;69,2;53,8;30,5;42,3;
00:00:46,362;59,4;59,4;34,6;69,2;54,0;30,8;42,6;
00:00:46,375;59,5;59,5;34,6;69,0;53,9;30,3;42,1;
00:00:46,387;59,7;59,7;34,3;69,0;53,9;30,4;42,4;
00:00:46,400;59,3;59,3;34,2;69,2;54,0;30,6;42,6;
00:00:46,412;59,5;59,5;34,3;68,8;53,5;30,4;42,4;
00:00:46,425;59,8;59,8;34,2;69,0;53,8;30,6;42,3;
00:00:46,437;59,4;59,4;34,3;69,3;53,7;30,8;42,3;
00:00:46,450;59,7;59,7;34,2;68,8;53,9;30,6;42,5;
00:00:46,462;60,0;60,0;34,2;68,8;53,9;30,3;42,1;
00:00:46,475;59,4;59,4;34,3;69,1;53,7;30,4;42,1;
00:00:46,487;60,0;60,0;34,1;69,2;53,7;30,3;42,4;
00:00:46,500;59,8;59,8;34,3;68,8;53,6;30,6;42,6;
00:00:46,512;59,7;59,7;34,1;68,8;53,8;30,6;42,5;
00:00:46,525;59,8;59,8;34,3;68,8;53,4;30,6;42,7;
00:00:46,537;59,5;59,5;34,1;69,1;53,7;30,5;42,5;
00:00:46,550;60,0;60,0;34,3;69,0;53,7;30,6;42,6;
00:00:46,562;59,3;59,3;34,3;68,8;53,7;30,6;42,1;
00:00:46,575;60,0;60,0;34,6;68,6;53,9;30,5;42,2;
00:00:46,587;59,5;59,5;34,5;69,0;53,8;30,7;42,4;
00:00:46,600;59,8;59,8;34,4;68,8;54,2;30,8;42,3;
00:00:46,612;59,7;59,7;34,3;68,9;53,9;31,0;42,6;
00:00:46,625;59,9;59,9;34,4;69,3;53,9;30,7;42,3;
00:00:46,637;59,5;59,5;34,3;68,8;53,9;30,6;42,4;
00:00:46,650;59,6;59,6;34,7;69,4;53,9;30,7;42,3;
00:00:46,662;60,2;60,2;34,3;69,2;53,9;30,3;42,4;
00:00:46,675;60,1;60,1;34,4;69,4;54,0;30,6;42,3;
00:00:46,687;59,5;59,5;34,1;69,0;53,7;30,8;42,5;
00:00:46,700;59,8;59,8;34,4;69,3;53,8;30,8;42,5;
00:00:46,712;59,7;59,7;34,2;69,0;53,7;30,8;42,4;
00:00:46,725;60,1;60,1;34,3;69,0;53,8;30,4;42,4;
00:00:46,737;60,0;60,0;34,4;68,9;53,9;30,5;42,3;
00:00:46,750;59,7;59,7;34,4;68,8;53,7;30,3;42,4;
00:00:46,762;59,7;59,7;34,6;69,1;53,8;30,7;42,2;
00:00:46,775;59,9;59,9;34,2;69,0;53,7;30,5;42,4;
00:00:46,787;59,8;59,8;34,2;69,0;53,4;30,4;42,1;
00:00:46,800;59,7;59,7;34,3;68,9;53,5;30,6;42,3;
00:00:46,812;59,6;59,6;34,3;68,8;53,7;30,8;42,4;
00:00:46,825;59,8;59,8;34,3;69,0;53,9;30,6;42,1;
00:00:46,837;59,6;59,6;34,3;68,8;53,9;30,7;42,4;
00:00:46,850;59,8;59,8;34,3;69,4;53,8;30,6;42,4;
00:00:46,862;59,7;59,7;34,3;68,9;53,5;30,9;42,2;
00:00:46,875;59,8;59,8;34,4;69,0;53,6;30,4;42,3;
00:00:46,887;60,1;60,1;34,2;68,8;54,1;30,8;42,3;
00:00:46,900;60,1;60,1;34,3;69,0;53,9;30,8;42,4;
00:00:46,912;59,7;59,7;34,5;69,2;53,7;30,6;42,3;
00:00:46,925;59,5;59,5;34,3;69,0;53,9;30,6;42,4;
00:00:46,937;59,8;59,8;34,2;68,8;53,8;30,3;42,6;
00:00:46,950;60,2;60,2;34,3;69,0;53,6;30,6;42,2;
00:00:46,962;59,9;59,9;34,3;69,0;53,6;31,0;42,4;
00:00:46,975;59,7;59,7;34,2;69,1;53,8;30,5;42,4;
00:00:46,987;59,8;59,8;34,2;69,4;53,9;30,4;42,7;
00:00:47,000;59,7;59,7;34,1;68,8;53,7;30,5;42,1;
00:00:47,012;59,9;59,9;34,3;69,0;53,9;30,6;42,2;
00:00:47,025;60,4;60,4;34,5;69,3;53,9;30,7;42,4;
00:00:47,037;59,5;59,5;34,3;69,0;53,9;30,7;42,1;
00:00:47,050;59,7;59,7;34,1;69,0;53,6;30,9;42,4;
00:00:47,062;59,7;59,7;34,1;68,9;54,1;30,8;42,3;
00:00:47,075;59,5;59,5;34,0;68,8;53,7;30,8;42,1;
00:00:47,087;60,0;60,0;34,1;68,8;53,9;30,5;42,3;
00:00:47,100;59,8;59,8;34,3;69,1;53,8;30,5;42,1;
00:00:47,112;59,6;59,6;34,1;68,8;53,7;30,6;42,4;
00:00:47,125;59,8;59,8;34,2;68,6;53,4;30,8;42,3;
00:00:47,137;59,9;59,9;34,3;69,2;53,6;30,7;42,3;
00:00:47,150;59,7;59,7;34,3;69,4;53,8;30,7;42,3;
00:00:47,162;60,0;60,0;34,2;69,1;54,0;30,8;42,3;
00:00:47,175;60,1;60,1;34,4;68,6;53,7;30,6;42,3;
00:00:47,187;59,8;59,8;34,2;69,3;54,0;30,7;42,2;
00:00:47,200;60,0;60,0;34,3;69,0;53,8;30,4;42,6;
00:00:47,212;59,7;59,7;34,2;69,0;53,7;30,4;42,3;
00:00:47,225;60,0;60,0;34,1;69,0;53,9;30,8;42,1;
00:00:47,237;60,2;60,2;34,2;69,0;53,7;30,8;42,4;
00:00:47,250;60,1;60,1;34,3;69,4;54,1;30,7;42,2;
00:00:47,262;60,0;60,0;34,3;69,0;54,2;30,7;42,3;
00:00:47,275;60,0;60,0;34,1;69,2;54,2;30,9;42,3;
00:00:47,287;60,2;60,2;34,0;69,1;53,9;30,6;42,1;
00:00:47,300;59,8;59,8;34,1;68,8;53,9;30,5;42,2;
00:00:47,312;59,9;59,9;34,1;68,8;54,0;30,7;42,4;
00:00:47,325;60,0;60,0;34,3;69,2;53,8;30,4;42,6;
00:00:47,337;59,9;59,9;34,5;69,2;53,8;30,6;42,4;
00:00:47,350;60,1;60,1;34,4;69,2;53,8;30,8;42,4;
00:00:47,362;59,5;59,5;34,6;69,3;54,0;30,5;42,1;
00:00:47,375;60,1;60,1;34,1;69,4;53,9;30,5;42,3;
00:00:47,387;59,5;59,5;34,2;68,8;53,7;30,6;42,3;
00:00:47,400;59,8;59,8;34,2;69,1;53,8;30,8;42,2;
00:00:47,412;59,8;59,8;34,2;69,3;53,9;30,6;42,3;
00:00:47,425;59,8;59,8;34,2;68,8;53,9;30,9;42,4;
00:00:47,437;60,1;60,1;34,4;69,0;53,9;30,3;42,0;
00:00:47,450;60,1;60,1;34,2;69,0;53,7;30,8;42,2;
00:00:47,462;60,0;60,0;34,0;69,1;53,7;30,6;42,2;
00:00:47,475;59,8;59,8;34,3;69,0;53,6;30,7;42,2;
00:00:47,487;59,8;59,8;34,1;69,0;53,9;30,8;42,4;
00:00:47,500;60,0;60,0;34,4;69,4;54,5;30,8;42,3;
00:00:47,512;60,0;60,0;34,3;68,8;53,8;30,7;42,3;
00:00:47,525;60,0;60,0;34,1;69,0;53,7;31,0;42,3;
00:00:47,537;60,2;60,2;34,3;68,8;54,1;30,8;42,5;
00:00:47,550;60,1;60,1;34,1;68,9;54,0;30,5;42,5;
00:00:47,562;59,9;59,9;34,3;68,9;53,7;30,6;42,4;
00:00:47,575;59,4;59,4;34,3;69,0;53,8;30,8;42,4;
00:00:47,587;60,1;60,1;34,5;68,9;53,9;30,8;42,4;
00:00:47,600;59,7;59,7;34,3;69,2;54,1;30,8;42,4;
00:00:47,612;60,0;60,0;34,4;69,0;53,7;30,8;42,3;
00:00:47,625;59,7;59,7;34,3;69,0;53,9;30,7;42,3;
00:00:47,637;59,9;59,9;34,5;69,1;54,2;30,7;42,4;
00:00:47,650;59,9;59,9;34,2;69,0;53,8;31,1;42,6;
00:00:47,662;60,0;60,0;34,6;69,0;54,1;31,1;42,5;
00:00:47,675;59,8;59,8;34,2;69,0;54,0;31,0;42,6;
00:00:47,687;59,8;59,8;34,3;69,2;53,9;31,0;42,3;
00:00:47,700;59,9;59,9;34,3;69,1;53,7;30,9;42,3;
00:00:47,712;59,9;59,9;34,3;69,3;53,9;30,6;42,5;
00:00:47,725;59,8;59,8;34,3;69,1;53,8;30,8;42,3;
00:00:47,737;59,5;59,5;34,3;69,0;54,1;30,8;42,3;
00:00:47,750;59,8;59,8;34,3;69,5;54,0;30,6;42,3;
00:00:47,762;59,9;59,9;34,6;69,0;53,8;30,6;42,1;
00:00:47,775;59,7;59,7;34,1;69,2;53,9;30,7;42,3;
00:00:47,787;60,0;60,0;34,1;69,0;53,7;30,6;42,4;
00:00:47,800;60,1;60,1;34,3;69,3;54,0;31,0;42,4;
00:00:47,812;59,8;59,8;34,5;69,3;53,9;30,6;42,4;
00:00:47,825;59,8;59,8;34,4;69,0;53,8;30,8;42,2;
00:00:47,837;59,8;59,8;34,1;68,8;53,6;30,8;42,4;
00:00:47,850;59,9;59,9;34,4;69,2;53,9;30,6;42,2;
00:00:47,862;59,9;59,9;34,2;69,3;53,8;30,7;42,3;
00:00:47,875;59,6;59,6;34,3;69,6;53,9;30,8;42,4;
00:00:47,887;59,8;59,8;34,2;69,0;53,9;30,8;42,3;
00:00:47,900;59,8;59,8;34,4;69,1;53,7;30,9;42,1;
00:00:47,912;60,1;60,1;34,3;69,0;53,7;30,6;42,2;
00:00:47,925;59,6;59,6;34,2;68,9;53,7;31,0;42,1;
00:00:47,937;59,9;59,9;34,1;69,2;53,9;30,7;42,3;
00:00:47,950;59,7;59,7;34,1;68,9;53,9;30,4;42,2;
00:00:47,962;59,7;59,7;34,1;69,0;53,9;30,7;42,3;
00:00:47,975;59,5;59,5;34,1;69,0;54,0;30,8;42,3;
00:00:47,987;59,8;59,8;34,1;69,0;53,8;30,7;42,3;
00:00:48,000;60,2;60,2;34,9;68,9;54,0;30,5;42,2;
00:00:48,012;59,6;59,6;34,2;68,8;53,4;30,8;42,3;
00:00:48,025;59,8;59,8;34,1;69,2;53,5;30,8;42,6;
00:00:48,037;60,0;60,0;34,1;69,1;53,9;30,8;42,3;
00:00:48,050;60,0;60,0;34,3;69,3;53,7;30,7;42,2;
00:00:48,062;60,0;60,0;34,2;69,1;54,1;30,3;42,1;
00:00:48,075;59,7;59,7;34,2;69,1;53,8;30,8;42,3;
00:00:48,087;60,1;60,1;34,1;69,4;54,1;30,3;42,1;
00:00:48,100;59,7;59,7;34,2;69,2;53,9;30,5;42,4;
00:00:48,112;59,7;59,7;34,1;68,8;54,1;30,8;42,3;
00:00:48,125;59,7;59,7;34,0;69,4;54,0;31,1;42,2;
00:00:48,137;59,8;59,8;34,3;69,0;53,8;30,5;42,3;
00:00:48,150;59,5;59,5;34,1;69,3;53,7;30,8;42,3;
00:00:48,162;59,6;59,6;34,1;69,0;53,7;30,7;42,1;
00:00:48,175;59,7;59,7;34,3;69,2;54,1;30,8;42,3;
00:00:48,187;59,5;59,5;34,2;69,3;53,9;30,8;42,3;
00:00:48,200;59,6;59,6;34,1;69,0;53,9;30,6;42,3;
00:00:48,212;59,5;59,5;34,1;69,0;53,8;30,8;42,1;
00:00:48,225;59,7;59,7;34,4;69,2;53,9;30,6;42,1;
00:00:48,237;60,0;60,0;34,0;69,3;53,8;30,7;42,2;
00:00:48,250;59,5;59,5;34,1;68,8;54,0;30,6;42,2;
00:00:48,262;59,6;59,6;34,1;69,0;53,9;30,8;42,4;
00:00:48,275;59,5;59,5;34,3;69,0;53,6;30,5;42,1;
00:00:48,287;59,7;59,7;34,0;69,2;54,0;30,6;42,4;
00:00:48,300;59,8;59,8;34,0;68,8;53,9;30,8;42,1;
00:00:48,312;59,4;59,4;34,2;69,0;53,6;30,6;42,3;
00:00:48,325;60,1;60,1;34,2;68,9;54,3;31,1;42,2;
00:00:48,337;59,4;59,4;34,1;69,0;53,9;30,7;42,3;
00:00:48,350;59,4;59,4;34,4;69,0;53,9;30,6;42,2;
00:00:48,362;60,0;60,0;34,1;69,0;54,1;30,8;42,1;
00:00:48,375;59,8;59,8;34,2;68,9;53,9;30,5;42,1;
00:00:48,387;60,0;60,0;33,9;69,1;54,1;30,4;42,3;
00:00:48,400;59,7;59,7;33,9;69,1;53,7;30,6;42,2;
00:00:48,412;59,9;59,9;34,1;69,0;53,3;30,5;42,2;
00:00:48,425;59,7;59,7;34,1;69,1;53,9;30,7;42,4;
00:00:48,437;60,0;60,0;34,1;69,0;53,8;30,9;42,3;
00:00:48,450;59,8;59,8;34,2;69,2;53,9;30,9;42,3;
00:00:48,462;60,2;60,2;34,3;69,2;53,9;30,5;42,3;
00:00:48,475;59,6;59,6;34,0;69,3;54,0;30,4;42,3;
00:00:48,487;59,6;59,6;34,5;69,2;53,9;30,6;42,1;
00:00:48,500;59,8;59,8;34,3;68,9;53,9;30,7;42,3;
00:00:48,512;59,7;59,7;34,1;69,1;54,0;30,7;42,4;
00:00:48,525;59,7;59,7;34,1;69,0;53,9;30,8;42,3;
00:00:48,537;59,4;59,4;34,2;68,9;54,1;30,6;42,4;
00:00:48,550;60,3;60,3;34,0;69,3;53,9;31,1;42,1;
00:00:48,562;59,4;59,4;34,0;69,2;53,7;30,8;42,3;
00:00:48,575;60,1;60,1;34,1;69,0;53,7;30,5;42,1;
00:00:48,587;59,4;59,4;34,1;69,4;54,1;30,8;42,1;
00:00:48,600;60,0;60,0;34,1;68,8;54,0;30,8;42,5;
00:00:48,612;59,8;59,8;34,3;69,1;54,1;30,4;42,4;
00:00:48,625;59,7;59,7;34,1;69,0;53,7;30,8;42,4;
00:00:48,637;59,8;59,8;34,5;69,1;54,1;30,4;42,4;
00:00:48,650;59,5;59,5;34,0;69,0;53,7;30,6;42,1;
00:00:48,662;59,7;59,7;34,0;69,0;53,7;30,8;42,1;
00:00:48,675;59,7;59,7;34,5;69,0;53,7;30,7;42,3;
00:00:48,687;59,8;59,8;34,1;68,9;53,7;30,6;42,3;
00:00:48,700;59,8;59,8;34,2;69,2;53,6;30,8;42,3;
00:00:48,712;60,1;60,1;34,1;68,9;53,9;30,6;42,2;
00:00:48,725;60,0;60,0;34,1;68,8;53,9;30,8;42,3;
00:00:48,737;59,9;59,9;34,5;69,2;54,3;31,0;42,3;
00:00:48,750;60,1;60,1;34,6;69,0;54,2;31,2;42,5;
00:00:48,762;59,9;59,9;34,3;69,3;54,0;30,9;42,4;
00:00:48,775;59,6;59,6;34,3;69,3;53,7;30,8;42,4;
00:00:48,787;59,7;59,7;34,3;69,0;53,9;30,6;42,3;
00:00:48,800;59,5;59,5;34,4;69,0;53,8;30,8;42,3;
00:00:48,812;59,8;59,8;34,1;69,1;53,9;31,0;42,6;
00:00:48,825;59,8;59,8;34,1;69,0;53,8;30,5;42,2;
00:00:48,837;59,7;59,7;34,1;69,5;54,0;30,8;42,6;
00:00:48,850;59,6;59,6;34,1;69,1;53,7;30,6;42,1;
00:00:48,862;59,5;59,5;34,0;69,4;54,1;30,6;42,4;
00:00:48,875;59,8;59,8;34,1;69,0;54,1;31,1;42,3;
00:00:48,887;59,9;59,9;34,1;69,0;53,7;30,4;42,1;
00:00:48,900;59,7;59,7;34,3;68,8;53,6;30,6;42,1;
00:00:48,912;59,5;59,5;34,5;69,1;53,7;30,8;42,1;
00:00:48,925;60,1;60,1;34,3;68,8;53,7;30,7;42,3;
00:00:48,937;59,7;59,7;34,3;69,4;53,9;30,7;42,2;
00:00:48,950;59,9;59,9;34,2;69,0;53,9;30,8;42,4;
00:00:48,962;59,8;59,8;34,0;69,4;53,7;30,8;42,1;
00:00:48,975;59,9;59,9;34,1;69,1;54,1;30,8;42,4;
00:00:48,987;59,8;59,8;34,0;69,3;53,7;30,6;42,3;
00:00:49,000;59,9;59,9;34,1;69,2;53,6;30,8;42,3;
00:00:49,012;60,0;60,0;34,1;69,4;53,6;30,8;42,3;
00:00:49,025;59,5;59,5;34,1;69,3;53,8;30,6;42,2;
00:00:49,037;60,0;60,0;34,1;69,4;53,8;30,7;42,4;
00:00:49,050;59,5;59,5;34,1;69,2;53,9;30,7;42,4;
00:00:49,062;59,8;59,8;34,1;69,1;53,8;31,0;42,4;
00:00:49,075;59,8;59,8;34,1;68,9;54,1;30,8;42,2;
00:00:49,087;59,7;59,7;34,1;69,2;53,9;30,8;42,3;
00:00:49,100;59,7;59,7;34,1;69,0;54,1;31,0;42,3;
00:00:49,112;60,0;60,0;34,3;69,1;53,9;30,9;42,7;
00:00:49,125;59,8;59,8;34,2;69,0;53,9;31,1;42,4;
00:00:49,137;59,9;59,9;34,1;69,0;53,9;30,8;42,5;
00:00:49,150;59,8;59,8;34,1;69,2;53,8;31,0;42,4;
00:00:49,162;59,7;59,7;34,1;69,0;53,9;30,9;42,3;
00:00:49,175;59,8;59,8;34,1;68,9;54,1;30,7;42,4;
00:00:49,187;60,1;60,1;34,0;69,3;53,7;30,8;42,4;
00:00:49,200;59,7;59,7;34,1;69,0;54,1;30,5;42,3;
00:00:49,212;60,0;60,0;34,1;69,3;53,9;30,7;42,3;
00:00:49,225;59,5;59,5;34,3;69,2;53,7;30,6;42,3;
00:00:49,237;59,9;59,9;34,1;69,2;54,0;31,0;42,6;
00:00:49,250;59,8;59,8;34,0;69,2;54,2;30,8;42,4;
00:00:49,262;59,8;59,8;34,3;69,0;53,9;30,8;42,1;
00:00:49,275;60,0;60,0;34,0;69,0;53,7;31,0;42,4;
00:00:49,287;60,0;60,0;34,0;68,9;53,8;31,0;42,3;
00:00:49,300;59,3;59,3;33,9;69,2;54,0;30,8;42,4;
00:00:49,312;59,9;59,9;34,1;69,2;53,9;30,6;42,2;
00:00:49,325;60,0;60,0;34,1;69,0;53,8;31,0;42,3;
00:00:49,337;59,9;59,9;34,1;68,8;53,6;30,7;42,1;
00:00:49,350;59,9;59,9;33,9;68,8;53,9;30,7;42,3;
00:00:49,362;59,4;59,4;34,2;68,8;53,9;30,8;42,1;
00:00:49,375;60,0;60,0;34,0;68,8;54,0;31,1;42,3;
00:00:49,387;59,8;59,8;34,1;69,0;53,8;30,7;42,4;
00:00:49,400;59,7;59,7;34,1;69,1;53,9;30,8;42,8;
00:00:49,412;59,8;59,8;34,0;69,0;53,9;30,8;42,4;
00:00:49,425;59,8;59,8;34,2;69,1;53,9;31,0;42,4;
00:00:49,437;60,0;60,0;34,2;69,1;53,9;30,6;42,3;
00:00:49,450;60,0;60,0;34,0;69,0;53,9;30,5;42,3;
00:00:49,462;60,0;60,0;34,1;69,2;54,4;31,0;42,4;
00:00:49,475;60,0;60,0;34,3;69,0;53,9;30,7;42,3;
00:00:49,487;59,5;59,5;33,9;68,8;53,8;30,6;42,3;
00:00:49,500;59,9;59,9;34,0;69,0;53,7;31,0;42,3;
00:00:49,512;60,0;60,0;33,9;69,1;53,8;30,7;42,1;
00:00:49,525;59,9;59,9;34,1;69,2;54,0;30,6;42,3;
00:00:49,537;59,6;59,6;34,0;68,9;53,9;30,7;42,1;
00:00:49,550;60,0;60,0;33,9;69,2;53,9;30,8;42,1;
00:00:49,562;59,8;59,8;34,1;68,9;53,7;30,6;42,3;
00:00:49,575;59,7;59,7;34,1;69,0;53,9;30,8;42,1;
00:00:49,587;59,9;59,9;34,2;69,1;54,1;30,8;42,3;
00:00:49,600;60,1;60,1;34,2;69,1;53,9;30,7;42,3;
00:00:49,612;59,4;59,4;34,0;69,4;53,8;31,0;42,3;
00:00:49,625;60,2;60,2;34,0;69,0;53,9;30,7;42,4;
00:00:49,637;59,8;59,8;33,9;69,3;53,6;30,6;42,4;
00:00:49,650;59,7;59,7;34,4;69,0;54,1;31,0;42,3;
00:00:49,662;60,0;60,0;34,4;69,4;54,1;30,8;42,2;
00:00:49,675;59,8;59,8;34,3;68,8;54,0;31,0;42,6;
00:00:49,687;59,6;59,6;34,1;68,8;54,0;30,8;42,3;
00:00:49,700;59,9;59,9;34,0;69,4;53,9;30,6;42,2;
00:00:49,712;59,9;59,9;34,2;69,1;53,9;30,8;42,2;
00:00:49,725;60,0;60,0;33,9;69,4;54,2;30,8;42,3;
00:00:49,737;59,6;59,6;34,1;69,1;53,8;30,8;42,6;
00:00:49,750;60,2;60,2;34,1;69,0;53,9;31,0;42,3;
00:00:49,762;60,1;60,1;34,1;69,0;53,9;30,7;42,4;
00:00:49,775;59,8;59,8;34,2;69,2;53,9;30,7;42,5;
00:00:49,787;59,8;59,8;34,2;68,8;53,7;30,8;42,2;
00:00:49,800;60,0;60,0;34,2;69,0;53,7;30,7;42,5;
00:00:49,812;59,8;59,8;34,4;69,1;53,9;30,8;42,3;
00:00:49,825;59,8;59,8;34,7;69,2;53,9;30,8;42,4;
00:00:49,837;60,0;60,0;34,1;69,1;54,0;30,6;42,6;
00:00:49,850;59,8;59,8;34,2;69,2;53,8;30,7;42,6;
00:00:49,862;60,1;60,1;33,9;69,3;53,8;31,1;42,3;
00:00:49,875;59,6;59,6;34,1;68,8;54,0;30,7;42,4;
00:00:49,887;59,7;59,7;34,0;69,3;53,7;31,2;42,6;
00:00:49,900;59,8;59,8;34,0;69,0;53,9;30,7;42,4;
00:00:49,912;60,0;60,0;34,3;69,3;53,9;30,8;42,3;
00:00:49,925;59,8;59,8;34,0;69,0;53,7;30,6;42,4;
00:00:49,937;59,8;59,8;33,9;69,0;53,9;30,6;42,2;
00:00:49,950;59,7;59,7;34,2;68,8;53,9;30,8;42,4;
00:00:49,962;60,0;60,0;34,1;68,8;53,7;30,6;42,4;
00:00:49,975;60,0;60,0;34,1;69,0;54,3;30,8;42,2;
00:00:49,987;59,7;59,7;34,0;69,2;53,9;30,6;42,3;
00:00:50,000;59,8;59,8;34,2;69,6;53,8;30,8;42,1;
00:00:50,012;59,7;59,7;34,1;68,9;53,9;30,9;42,4;
00:00:50,025;60,0;60,0;34,1;68,8;53,9;30,8;42,5;
00:00:50,037;59,5;59,5;33,9;69,2;53,9;30,6;42,2;
00:00:50,050;60,0;60,0;33,7;68,8;53,9;30,5;42,3;
00:00:50,062;60,1;60,1;34,1;68,8;54,0;30,6;42,4;
00:00:50,075;59,9;59,9;34,0;69,0;54,1;30,7;42,2;
00:00:50,087;59,6;59,6;33,9;69,0;53,7;30,6;42,4;
00:00:50,100;59,6;59,6;34,1;68,9;53,9;30,8;42,4;
00:00:50,112;60,1;60,1;33,9;69,0;53,7;30,8;42,4;
00:00:50,125;59,5;59,5;34,2;68,7;53,9;30,6;42,1;
00:00:50,137;60,1;60,1;34,1;69,2;53,8;30,6;42,4;
00:00:50,150;59,7;59,7;33,9;68,8;54,0;30,7;42,3;
00:00:50,162;59,8;59,8;33,9;68,8;54,2;30,8;42,3;
00:00:50,175;59,7;59,7;34,0;69,0;54,1;30,8;42,1;
00:00:50,187;59,7;59,7;34,1;69,0;54,1;31,1;42,4;
00:00:50,200;59,7;59,7;34,1;69,2;53,7;30,6;42,2;
00:00:50,212;60,1;60,1;34,0;69,2;53,7;30,8;42,4;
00:00:50,225;60,1;60,1;34,1;68,8;53,9;30,7;42,3;
00:00:50,237;60,2;60,2;34,1;69,0;54,1;30,4;42,4;
00:00:50,250;59,8;59,8;33,9;69,4;54,1;31,0;42,2;
00:00:50,262;60,0;60,0;33,9;69,0;54,2;30,9;42,4;
00:00:50,275;59,8;59,8;34,0;69,5;54,1;30,6;42,3;
00:00:50,287;59,7;59,7;33,9;69,4;53,7;30,8;42,5;
00:00:50,300;60,2;60,2;34,3;69,4;53,9;30,8;42,4;
00:00:50,312;59,1;59,1;33,7;69,3;53,7;30,6;42,4;
00:00:50,325;59,8;59,8;33,8;69,0;53,9;30,7;42,6;
00:00:50,337;59,7;59,7;33,9;69,0;53,7;30,6;42,4;
00:00:50,350;60,0;60,0;33,9;69,0;53,9;30,4;42,2;
00:00:50,362;59,7;59,7;34,0;69,3;54,6;30,9;42,4;
00:00:50,375;59,6;59,6;34,1;68,8;53,9;30,6;42,3;
00:00:50,387;59,8;59,8;33,9;69,4;53,9;30,8;42,6;
00:00:50,400;59,5;59,5;34,1;69,5;54,1;30,6;42,2;
00:00:50,412;59,4;59,4;34,0;69,3;54,1;30,6;42,1;
00:00:50,425;60,1;60,1;34,0;69,2;54,1;31,0;42,4;
00:00:50,437;59,6;59,6;33,9;69,0;54,0;30,8;42,4;
00:00:50,450;60,0;60,0;34,0;69,4;53,7;30,6;42,3;
00:00:50,462;60,0;60,0;34,1;68,8;53,8;30,8;42,4;
00:00:50,475;59,7;59,7;34,1;69,1;53,9;30,9;42,3;
00:00:50,487;59,7;59,7;33,9;69,6;53,7;30,6;42,3;
00:00:50,500;59,7;59,7;33,8;69,1;53,7;31,1;42,1;
00:00:50,512;60,0;60,0;33,9;69,4;53,8;30,8;42,3;
00:00:50,525;59,9;59,9;33,9;69,0;54,0;30,5;42,4;
00:00:50,537;60,0;60,0;34,0;68,9;53,9;30,8;42,4;
00:00:50,550;59,7;59,7;33,9;69,4;54,0;30,8;42,6;
00:00:50,562;59,7;59,7;34,0;69,2;53,9;30,6;42,3;
00:00:50,575;60,0;60,0;33,9;69,0;53,9;30,9;42,4;
00:00:50,587;59,7;59,7;33,9;69,4;54,0;30,5;42,4;
00:00:50,600;59,8;59,8;33,9;69,0;53,9;30,6;42,1;
00:00:50,612;60,0;60,0;33,9;68,8;54,2;30,7;42,0;
00:00:50,625;60,0;60,0;34,0;68,9;53,9;30,4;42,3;
00:00:50,637;60,1;60,1;34,1;69,1;53,7;30,9;42,2;
00:00:50,650;59,4;59,4;34,0;69,4;53,6;30,5;42,4;
00:00:50,662;60,0;60,0;34,0;69,6;54,0;30,3;42,4;
00:00:50,675;59,7;59,7;33,9;69,4;54,0;30,5;42,2;
00:00:50,687;59,8;59,8;33,9;69,0;54,1;31,0;42,3;
00:00:50,700;59,7;59,7;33,9;69,3;54,1;30,4;42,3;
00:00:50,712;59,6;59,6;33,9;69,4;53,7;30,5;42,3;
00:00:50,725;59,6;59,6;33,9;69,4;54,2;30,6;42,3;
00:00:50,737;60,0;60,0;34,1;69,1;53,7;30,5;42,3;
00:00:50,750;59,8;59,8;33,9;69,0;53,7;30,8;42,4;
00:00:50,762;59,8;59,8;33,9;69,4;54,0;30,9;42,1;
00:00:50,775;59,9;59,9;33,8;68,9;53,7;31,1;42,3;
00:00:50,787;59,9;59,9;33,9;69,0;53,9;30,9;42,3;
00:00:50,800;59,8;59,8;33,7;69,3;54,1;30,6;42,4;
00:00:50,812;60,3;60,3;34,0;69,2;54,1;30,8;42,5;
00:00:50,825;60,0;60,0;33,7;69,2;53,7;30,4;42,1;
00:00:50,837;59,8;59,8;34,0;68,9;53,9;30,7;42,6;
00:00:50,850;59,7;59,7;33,9;69,1;53,7;30,3;42,3;
00:00:50,862;59,7;59,7;33,8;69,1;54,2;30,6;42,4;
00:00:50,875;60,0;60,0;33,7;68,8;53,9;30,6;42,3;
00:00:50,887;59,5;59,5;34,0;69,1;53,9;30,8;42,3;
00:00:50,900;59,8;59,8;33,9;69,2;53,9;30,6;42,5;
00:00:50,912;59,7;59,7;34,1;69,0;53,7;30,6;42,3;
00:00:50,925;59,7;59,7;33,9;69,4;54,0;30,7;42,1;
00:00:50,937;59,7;59,7;33,9;69,0;53,9;30,8;42,1;
00:00:50,950;59,9;59,9;34,0;69,3;53,5;30,6;42,3;
00:00:50,962;59,7;59,7;33,9;69,0;53,5;30,3;42,4;
00:00:50,975;59,8;59,8;33,8;69,4;54,0;30,9;42,3;
00:00:50,987;59,5;59,5;33,9;69,0;53,9;30,7;42,2;
00:00:51,000;59,8;59,8;33,9;68,9;54,1;30,7;42,4;
00:00:51,012;60,0;60,0;34,2;69,0;53,9;30,6;42,6;
00:00:51,025;59,7;59,7;34,0;69,2;53,9;30,7;42,6;
00:00:51,037;59,9;59,9;33,9;69,0;54,0;30,9;42,6;
00:00:51,050;60,1;60,1;33,8;69,1;53,7;30,8;42,3;
00:00:51,062;59,7;59,7;33,9;68,8;53,7;30,6;42,4;
00:00:51,075;59,5;59,5;33,7;69,1;53,9;30,6;42,2;
00:00:51,087;59,8;59,8;33,9;69,2;53,7;30,8;42,1;
00:00:51,100;59,6;59,6;34,0;68,9;53,6;30,7;42,2;
00:00:51,112;59,7;59,7;33,7;68,8;53,6;30,6;42,4;
00:00:51,125;59,3;59,3;33,8;68,9;53,6;30,8;42,1;
00:00:51,137;59,7;59,7;34,1;68,8;53,9;30,3;42,1;
00:00:51,150;59,9;59,9;33,7;68,8;53,7;30,6;42,2;
00:00:51,162;59,6;59,6;33,6;69,0;53,4;30,6;42,3;
00:00:51,175;59,7;59,7;33,5;68,6;53,6;30,3;42,3;
00:00:51,187;59,7;59,7;33,7;69,0;53,9;30,4;42,2;
00:00:51,200;59,5;59,5;33,7;69,0;53,6;30,7;42,3;
00:00:51,212;59,7;59,7;33,9;68,8;53,9;30,4;42,2;
00:00:51,225;59,9;59,9;33,7;69,2;53,9;30,9;42,6;
00:00:51,237;60,0;60,0;33,8;69,0;53,8;30,8;42,4;
00:00:51,250;60,0;60,0;33,9;69,2;53,9;30,8;42,3;
00:00:51,262;59,9;59,9;33,9;69,2;53,6;30,8;42,6;
00:00:51,275;60,0;60,0;33,9;69,1;53,7;30,8;42,3;
00:00:51,287;59,5;59,5;33,8;68,9;54,0;30,7;42,4;
00:00:51,300;60,0;60,0;34,1;68,8;53,9;31,3;42,4;
00:00:51,312;60,0;60,0;33,9;69,3;54,5;30,7;42,5;
00:00:51,325;60,1;60,1;33,8;68,9;54,2;31,1;42,8;
00:00:51,337;60,0;60,0;33,8;69,2;53,9;30,6;42,3;
00:00:51,350;59,7;59,7;34,0;69,4;53,9;30,8;42,3;
00:00:51,362;59,9;59,9;33,8;69,0;54,2;30,6;42,4;
00:00:51,375;59,5;59,5;33,7;69,0;53,9;30,6;42,2;
00:00:51,387;59,6;59,6;34,1;69,0;54,1;30,7;42,4;
00:00:51,400;59,7;59,7;33,8;69,2;53,9;30,7;42,4;
00:00:51,412;60,1;60,1;33,7;68,8;53,9;30,6;42,3;
00:00:51,425;59,5;59,5;33,8;69,0;53,9;30,8;42,4;
00:00:51,437;59,7;59,7;33,8;69,0;53,7;30,7;42,4;
00:00:51,450;59,7;59,7;34,0;69,4;53,7;30,6;42,2;
00:00:51,462;59,8;59,8;34,1;69,4;54,3;30,6;42,4;
00:00:51,475;59,7;59,7;33,9;69,0;53,6;30,8;42,4;
00:00:51,487;60,1;60,1;33,7;69,3;54,0;31,3;42,2;
00:00:51,500;60,0;60,0;34,0;69,4;53,7;30,5;42,4;
00:00:51,512;59,7;59,7;33,7;69,0;54,1;30,6;42,4;
00:00:51,525;59,6;59,6;33,6;69,3;53,9;30,6;42,1;
00:00:51,537;59,8;59,8;33,8;69,4;54,1;30,6;42,3;
00:00:51,550;59,5;59,5;33,9;69,0;53,6;30,6;42,4;
00:00:51,562;59,5;59,5;33,8;69,1;54,0;30,6;42,1;
00:00:51,575;60,1;60,1;33,9;69,5;53,8;30,6;42,3;
00:00:51,587;59,4;59,4;33,9;69,3;53,7;30,3;42,1;
00:00:51,600;60,0;60,0;33,8;69,2;54,1;31,1;42,3;
00:00:51,612;59,7;59,7;33,7;69,0;53,7;30,8;42,3;
00:00:51,625;59,9;59,9;33,7;68,6;53,9;30,6;42,2;
00:00:51,637;60,1;60,1;33,8;69,2;53,7;30,4;42,5;
00:00:51,650;59,4;59,4;33,7;68,6;53,5;30,6;42,1;
00:00:51,662;59,5;59,5;33,9;69,0;53,9;30,6;42,2;
00:00:51,675;59,8;59,8;33,5;69,0;53,9;30,8;42,3;
00:00:51,687;59,8;59,8;33,9;69,0;53,7;30,9;42,2;
00:00:51,700;59,7;59,7;33,9;69,0;53,6;30,5;42,1;
00:00:51,712;59,4;59,4;33,7;69,2;53,8;30,6;42,3;
00:00:51,725;59,8;59,8;33,7;68,9;53,7;30,6;42,4;
00:00:51,737;59,8;59,8;33,9;69,4;53,8;30,9;42,1;
00:00:51,750;59,8;59,8;33,7;69,2;54,1;30,3;42,5;
00:00:51,762;60,0;60,0;33,9;69,4;53,9;30,4;42,3;
00:00:51,775;59,9;59,9;34,2;69,6;53,9;30,5;42,4;
00:00:51,787;59,6;59,6;33,9;69,2;53,7;30,7;42,2;
00:00:51,800;59,6;59,6;33,8;69,0;53,8;30,5;42,5;
00:00:51,812;60,1;60,1;33,8;68,9;53,7;30,8;42,2;
00:00:51,825;60,1;60,1;33,8;69,1;53,7;30,7;42,4;
00:00:51,837;59,8;59,8;33,9;69,2;53,9;30,6;42,3;
00:00:51,850;59,5;59,5;33,9;69,4;53,7;30,6;42,6;
00:00:51,862;59,7;59,7;34,0;69,4;53,6;30,7;42,4;
00:00:51,875;59,7;59,7;33,7;69,0;53,9;30,5;42,4;
00:00:51,887;59,7;59,7;33,9;69,2;53,9;30,8;42,3;
00:00:51,900;60,1;60,1;33,7;69,0;54,1;30,5;42,3;
00:00:51,912;59,5;59,5;33,7;69,0;54,0;30,7;42,1;
00:00:51,925;60,2;60,2;33,7;69,5;53,7;30,6;42,8;
00:00:51,937;59,9;59,9;33,9;69,0;53,8;30,8;42,3;
00:00:51,950;59,8;59,8;33,9;69,2;54,2;30,6;42,8;
00:00:51,962;59,7;59,7;33,7;69,3;53,9;30,7;42,4;
00:00:51,975;59,5;59,5;33,8;68,8;53,5;30,6;42,4;
00:00:51,987;60,0;60,0;33,9;69,4;54,3;30,7;42,4;
00:00:52,000;60,0;60,0;33,8;69,0;54,0;30,6;42,3;
00:00:52,012;59,8;59,8;34,1;69,4;54,1;31,1;42,6;
00:00:52,025;59,6;59,6;33,8;69,2;53,9;30,8;42,4;
00:00:52,037;59,7;59,7;34,0;69,4;53,9;30,6;42,6;
00:00:52,050;59,7;59,7;34,1;69,1;54,2;30,4;42,5;
00:00:52,062;59,8;59,8;33,9;69,3;54,4;30,8;42,4;
00:00:52,075;60,0;60,0;33,8;69,4;53,9;31,1;42,3;
00:00:52,087;60,2;60,2;34,0;69,2;53,7;30,9;42,0;
00:00:52,100;59,5;59,5;33,6;69,4;53,6;30,6;42,5;
00:00:52,112;59,7;59,7;33,8;68,8;53,9;31,2;42,4;
00:00:52,125;59,8;59,8;33,9;69,1;53,9;30,6;42,4;
00:00:52,137;60,1;60,1;33,9;69,4;53,7;30,8;42,1;
00:00:52,150;60,0;60,0;33,7;69,2;53,9;30,6;42,3;
00:00:52,162;60,0;60,0;33,6;69,1;53,8;30,6;42,1;
00:00:52,175;59,4;59,4;33,6;69,3;53,7;30,9;42,6;
00:00:52,187;59,8;59,8;33,7;68,8;53,8;30,5;42,2;
00:00:52,200;59,6;59,6;33,7;69,2;53,9;30,4;42,4;
00:00:52,212;59,5;59,5;33,9;69,1;54,0;30,6;42,1;
00:00:52,225;59,8;59,8;33,7;69,6;54,1;30,9;42,4;
00:00:52,237;60,1;60,1;33,7;69,0;53,8;30,7;42,3;
00:00:52,250;59,7;59,7;33,8;69,2;53,9;30,7;42,4;
00:00:52,262;59,5;59,5;33,7;69,3;53,9;30,7;42,3;
00:00:52,275;59,7;59,7;33,7;69,2;53,5;30,6;42,3;
00:00:52,287;59,8;59,8;33,6;69,0;53,7;30,6;42,3;
00:00:52,300;59,7;59,7;33,6;69,0;53,3;31,0;42,3;
00:00:52,312;59,7;59,7;33,6;69,0;54,1;30,8;42,2;
00:00:52,325;60,0;60,0;33,8;69,3;53,7;30,6;42,2;
00:00:52,337;59,8;59,8;33,5;69,4;54,0;30,6;42,6;
00:00:52,350;59,8;59,8;33,5;69,1;53,7;30,8;42,2;
00:00:52,362;59,9;59,9;33,8;69,2;53,7;30,6;42,2;
00:00:52,375;59,8;59,8;33,5;69,0;53,9;30,8;42,2;
00:00:52,387;59,5;59,5;33,5;68,8;53,7;30,4;42,3;
00:00:52,400;59,9;59,9;33,7;69,2;53,6;30,7;42,1;
00:00:52,412;59,9;59,9;33,8;69,0;53,6;30,8;42,3;
00:00:52,425;59,8;59,8;33,9;69,4;53,8;30,8;42,1;
00:00:52,437;60,0;60,0;33,5;69,4;54,0;30,6;42,1;
00:00:52,450;59,8;59,8;33,7;69,4;53,7;30,6;42,2;
00:00:52,462;59,6;59,6;33,6;69,0;53,3;30,5;42,3;
00:00:52,475;59,5;59,5;33,7;69,3;53,9;30,5;42,0;
00:00:52,487;59,9;59,9;33,7;69,1;53,5;30,6;42,3;
00:00:52,500;59,7;59,7;33,7;69,0;53,3;30,6;42,6;
00:00:52,512;60,0;60,0;33,7;69,0;53,9;30,3;42,2;
00:00:52,525;60,0;60,0;33,5;68,9;53,7;30,5;41,9;
00:00:52,537;59,7;59,7;33,7;69,2;53,9;30,6;42,3;
00:00:52,550;60,0;60,0;33,7;69,4;53,9;30,8;42,3;
00:00:52,562;59,8;59,8;33,6;69,0;53,6;30,7;42,3;
00:00:52,575;60,0;60,0;33,6;69,0;54,2;30,3;42,1;
00:00:52,587;59,5;59,5;33,4;69,1;53,7;30,4;42,1;
00:00:52,600;59,9;59,9;33,9;69,0;53,7;30,6;42,3;
00:00:52,612;60,1;60,1;33,7;69,1;53,8;30,4;42,4;
00:00:52,625;60,2;60,2;33,7;69,4;53,8;30,8;42,3;
00:00:52,637;59,7;59,7;33,6;69,2;53,9;30,6;42,3;
00:00:52,650;60,0;60,0;33,6;68,8;54,1;30,8;42,4;
00:00:52,662;59,8;59,8;33,5;69,1;53,8;30,7;42,4;
00:00:52,675;59,8;59,8;33,6;69,2;53,6;30,8;42,1;
00:00:52,687;59,9;59,9;33,7;69,0;54,0;30,4;42,1;
00:00:52,700;59,5;59,5;33,6;69,0;53,9;30,6;42,0;
00:00:52,712;59,5;59,5;33,5;69,2;53,7;30,5;42,3;
00:00:52,725;59,9;59,9;33,7;69,4;53,9;30,8;42,1;
00:00:52,737;59,8;59,8;33,5;69,0;54,0;30,8;42,4;
00:00:52,750;60,0;60,0;33,7;69,4;53,9;30,8;42,5;
00:00:52,762;59,5;59,5;33,7;69,1;53,6;30,6;42,3;
00:00:52,775;59,8;59,8;33,6;69,2;53,9;30,5;42,3;
00:00:52,787;59,8;59,8;33,5;69,1;54,0;30,6;43,0;
00:00:52,800;59,9;59,9;33,6;69,1;53,6;31,1;42,9;
00:00:52,812;59,8;59,8;33,7;69,1;54,1;30,7;42,6;
00:00:52,825;59,8;59,8;33,4;69,0;53,7;30,8;43,2;
00:00:52,837;59,8;59,8;33,8;69,3;53,9;30,8;43,2;
00:00:52,850;60,0;60,0;33,9;69,0;53,9;30,5;43,1;
00:00:52,862;60,0;60,0;33,6;69,0;53,7;30,3;42,8;
00:00:52,875;60,0;60,0;33,9;69,5;53,8;30,8;43,2;
00:00:52,887;59,8;59,8;33,8;69,6;54,4;30,8;43,1;
00:00:52,900;59,8;59,8;33,7;69,3;54,0;30,9;43,7;
00:00:52,912;59,5;59,5;33,7;68,9;53,8;30,6;43,1;
00:00:52,925;59,8;59,8;33,7;68,6;53,8;30,7;43,1;
00:00:52,937;59,7;59,7;33,7;69,0;54,0;30,6;43,2;
00:00:52,950;60,0;60,0;33,6;69,3;53,9;30,5;42,8;
00:00:52,962;60,0;60,0;33,7;69,1;54,0;30,9;43,1;
00:00:52,975;60,3;60,3;33,8;69,5;53,7;30,4;43,1;
00:00:52,987;59,9;59,9;33,5;69,0;54,1;30,6;43,1;
00:00:53,000;59,4;59,4;33,7;69,4;53,8;30,8;43,2;
00:00:53,012;59,7;59,7;33,7;69,0;53,6;30,9;43,2;
00:00:53,025;59,5;59,5;33,7;68,9;53,8;30,8;43,2;
00:00:53,037;59,5;59,5;34,0;69,2;54,2;30,9;43,4;
00:00:53,050;59,8;59,8;33,3;69,3;53,9;30,6;43,3;
00:00:53,062;59,7;59,7;33,7;69,4;54,0;30,4;43,1;
00:00:53,075;59,9;59,9;33,7;69,4;53,8;30,6;43,0;
00:00:53,087;59,8;59,8;33,6;69,1;53,5;30,5;43,2;
00:00:53,100;59,8;59,8;33,8;68,8;53,8;30,8;43,4;
00:00:53,112;59,7;59,7;33,7;69,0;53,7;30,8;43,1;
00:00:53,125;59,7;59,7;33,8;69,0;53,5;30,3;42,8;
00:00:53,137;59,4;59,4;33,3;69,0;53,4;30,3;43,5;
00:00:53,150;59,8;59,8;33,5;69,0;53,8;30,4;43,2;
00:00:53,162;60,1;60,1;33,8;69,0;53,7;30,7;43,2;
00:00:53,175;59,6;59,6;33,5;69,0;53,3;30,6;42,8;
00:00:53,187;59,8;59,8;33,6;69,3;53,9;30,7;43,6;
00:00:53,200;59,8;59,8;33,3;69,1;53,9;30,6;43,2;
00:00:53,212;59,8;59,8;33,6;69,3;53,9;30,6;43,4;
00:00:53,225;60,0;60,0;33,7;69,2;53,7;30,7;43,4;
00:00:53,237;59,6;59,6;33,8;69,4;54,0;30,6;43,2;
00:00:53,250;59,8;59,8;33,9;69,1;53,6;30,6;43,2;
00:00:53,262;60,0;60,0;33,5;69,0;53,9;30,6;43,2;
00:00:53,275;59,5;59,5;33,5;69,0;53,9;30,8;43,1;
00:00:53,287;59,6;59,6;33,7;69,4;53,8;30,8;43,2;
00:00:53,300;59,6;59,6;33,9;69,1;53,6;30,5;43,1;
00:00:53,312;59,9;59,9;33,5;69,0;53,7;30,6;42,7;
00:00:53,325;59,5;59,5;33,6;68,9;54,0;30,4;43,6;
00:00:53,337;59,8;59,8;33,7;68,9;53,8;30,7;43,6;
00:00:53,350;59,7;59,7;33,3;69,1;53,6;30,8;43,5;
00:00:53,362;60,0;60,0;33,5;68,6;53,9;30,7;43,0;
00:00:53,375;59,5;59,5;33,7;69,0;54,1;30,8;43,4;
00:00:53,387;59,3;59,3;33,7;69,2;54,0;30,7;43,3;
00:00:53,400;59,8;59,8;33,5;69,0;53,7;30,7;43,1;
00:00:53,412;59,9;59,9;33,5;69,0;53,6;30,5;43,3;
00:00:53,425;59,5;59,5;33,5;69,0;54,0;30,3;43,4;
00:00:53,437;59,8;59,8;33,3;69,0;53,7;30,8;43,1;
00:00:53,450;60,0;60,0;33,7;69,1;53,6;30,8;43,1;
00:00:53,462;59,6;59,6;33,6;68,9;53,6;31,0;43,2;
00:00:53,475;59,6;59,6;33,7;69,4;53,8;30,7;43,2;
00:00:53,487;59,4;59,4;33,4;68,9;53,8;30,9;43,1;
00:00:53,500;60,0;60,0;33,7;69,1;53,6;30,8;43,2;
00:00:53,512;59,9;59,9;33,5;69,0;53,7;30,8;43,6;
00:00:53,525;60,2;60,2;33,5;68,8;54,1;30,5;43,3;
00:00:53,537;59,6;59,6;33,5;69,4;53,6;30,5;43,2;
00:00:53,550;59,6;59,6;33,7;69,4;54,2;30,6;43,2;
00:00:53,562;59,8;59,8;33,7;68,7;53,5;30,6;43,6;
00:00:53,575;59,8;59,8;33,7;69,3;53,9;30,7;43,2;
00:00:53,587;59,7;59,7;33,6;69,1;54,0;31,0;43,1;
00:00:53,600;59,7;59,7;33,6;68,9;53,7;30,6;43,2;
00:00:53,612;59,4;59,4;33,8;69,1;53,6;30,7;43,4;
00:00:53,625;60,0;60,0;33,5;69,1;53,5;30,8;43,4;
00:00:53,637;60,0;60,0;33,5;69,3;53,9;30,9;42,9;
00:00:53,650;60,2;60,2;33,4;69,4;53,6;30,6;43,4;
00:00:53,662;59,6;59,6;33,6;69,3;54,0;30,8;43,6;
00:00:53,675;60,0;60,0;33,5;69,3;54,2;30,8;43,2;
00:00:53,687;60,1;60,1;33,6;69,3;54,0;30,8;43,2;
00:00:53,700;59,5;59,5;33,4;69,2;53,7;30,6;43,1;
00:00:53,712;59,9;59,9;33,4;69,3;53,7;30,7;43,3;
00:00:53,725;59,3;59,3;33,3;69,1;53,8;30,8;43,5;
00:00:53,737;60,0;60,0;33,3;69,1;53,8;30,5;43,2;
00:00:53,750;59,5;59,5;33,5;69,1;53,9;30,6;43,4;
00:00:53,762;60,0;60,0;33,7;69,1;53,9;30,7;43,1;
00:00:53,775;59,8;59,8;33,7;68,8;53,9;30,6;43,6;
00:00:53,787;60,0;60,0;34,0;69,2;54,0;30,9;43,1;
00:00:53,800;59,9;59,9;33,5;69,1;53,8;30,6;43,4;
00:00:53,812;60,1;60,1;33,7;69,4;54,1;30,8;43,2;
00:00:53,825;60,4;60,4;33,7;69,2;53,8;30,6;43,4;
00:00:53,837;60,0;60,0;33,6;69,1;53,8;30,6;43,2;
00:00:53,850;59,7;59,7;33,5;69,0;53,9;30,7;43,3;
00:00:53,862;59,8;59,8;33,6;68,9;53,7;30,8;43,4;
00:00:53,875;59,7;59,7;33,7;69,3;53,9;30,8;43,1;
00:00:53,887;59,6;59,6;33,6;69,1;53,7;30,6;43,4;
00:00:53,900;59,5;59,5;33,5;69,1;53,6;30,6;43,4;
00:00:53,912;59,4;59,4;33,9;69,4;53,9;30,7;43,2;
00:00:53,925;59,7;59,7;33,5;69,3;53,4;30,5;43,4;
00:00:53,937;59,5;59,5;33,7;69,1;53,9;30,7;43,2;
00:00:53,950;60,0;60,0;33,6;69,0;53,9;30,7;43,1;
00:00:53,962;60,3;60,3;33,7;69,4;53,9;30,7;43,4;
00:00:53,975;60,1;60,1;33,2;68,8;53,6;30,6;43,1;
00:00:53,987;59,5;59,5;33,5;69,3;53,8;30,8;43,3;
00:00:54,000;60,0;60,0;33,9;69,1;54,0;30,8;43,3;
00:00:54,012;60,1;60,1;33,7;69,1;54,0;30,8;43,5;
00:00:54,025;59,7;59,7;33,7;69,5;54,0;31,2;43,6;
00:00:54,037;60,0;60,0;33,7;69,3;54,0;30,8;43,4;
00:00:54,050;59,4;59,4;34,1;69,4;53,9;31,0;43,5;
00:00:54,062;59,8;59,8;33,7;69,2;54,0;31,1;43,6;
00:00:54,075;60,1;60,1;33,7;69,2;54,0;31,1;43,1;
00:00:54,087;60,1;60,1;33,8;69,0;54,1;31,1;43,6;
00:00:54,100;59,8;59,8;33,8;69,4;54,1;30,8;43,5;
00:00:54,112;60,3;60,3;33,8;69,2;54,0;31,4;43,6;
00:00:54,125;60,2;60,2;33,8;69,3;54,0;31,0;43,4;
00:00:54,137;60,3;60,3;33,7;69,3;54,0;31,2;43,6;
00:00:54,150;60,1;60,1;34,1;69,3;54,0;30,9;43,6;
00:00:54,162;59,9;59,9;33,9;69,3;54,0;31,1;43,9;
00:00:54,175;60,1;60,1;33,8;69,4;53,9;31,1;43,4;
00:00:54,187;60,1;60,1;34,1;69,3;54,0;30,8;43,4;
00:00:54,200;60,1;60,1;33,9;69,4;54,2;31,1;43,0;
00:00:54,212;60,0;60,0;33,7;69,4;54,0;31,1;43,6;
00:00:54,225;59,8;59,8;33,7;69,6;53,8;31,1;43,3;
00:00:54,237;59,7;59,7;34,0;69,5;54,2;31,0;43,4;
00:00:54,250;60,0;60,0;33,7;69,4;54,0;30,9;43,6;
00:00:54,262;60,0;60,0;33,9;69,5;54,1;31,0;43,4;
00:00:54,275;60,1;60,1;33,7;69,5;54,1;30,8;43,2;
00:00:54,287;59,8;59,8;33,7;69,5;54,2;31,0;43,4;
00:00:54,300;60,3;60,3;33,8;69,4;54,2;31,1;43,6;
00:00:54,312;59,8;59,8;33,7;69,0;54,0;31,2;43,7;
00:00:54,325;60,2;60,2;33,9;69,1;54,2;31,3;43,5;
00:00:54,337;60,5;60,5;33,9;69,4;54,1;31,1;44,2;
00:00:54,350;60,0;60,0;33,9;69,2;54,3;31,1;43,3;
00:00:54,362;60,1;60,1;33,7;68,9;54,0;30,9;43,4;
00:00:54,375;60,2;60,2;33,8;69,8;54,4;31,1;43,8;
00:00:54,387;60,1;60,1;33,9;69,3;54,1;31,1;43,9;
00:00:54,400;60,4;60,4;33,9;69,3;54,2;31,3;43,5;
00:00:54,412;60,3;60,3;33,9;69,5;54,1;31,0;43,7;
00:00:54,425;60,0;60,0;34,2;69,5;54,1;31,0;43,4;
00:00:54,437;60,3;60,3;33,7;69,3;54,0;31,1;43,9;
00:00:54,450;60,1;60,1;34,0;69,3;54,0;31,2;43,5;
00:00:54,462;60,2;60,2;33,7;69,4;54,3;31,0;43,9;
00:00:54,475;60,0;60,0;33,9;69,4;54,3;31,1;43,4;
00:00:54,487;60,0;60,0;33,8;69,3;54,0;31,1;43,4;
00:00:54,500;60,2;60,2;33,9;69,4;54,1;31,1;43,5;
00:00:54,512;59,6;59,6;33,7;69,4;54,0;31,1;43,7;
00:00:54,525;60,1;60,1;34,0;69,5;54,2;31,1;43,6;
00:00:54,537;60,1;60,1;33,9;69,7;54,3;31,1;43,5;
00:00:54,550;59,7;59,7;34,0;69,9;54,3;31,1;43,8;
00:00:54,562;60,1;60,1;33,9;69,4;54,2;31,1;43,7;
00:00:54,575;60,1;60,1;34,1;69,6;54,4;31,2;43,9;
00:00:54,587;60,3;60,3;33,8;69,4;54,3;31,0;44,6;
00:00:54,600;60,1;60,1;33,8;69,4;54,2;31,1;45,1;
00:00:54,612;60,3;60,3;34,0;69,6;54,4;31,2;44,8;
00:00:54,625;60,2;60,2;33,9;69,4;54,4;31,2;44,7;
00:00:54,637;60,0;60,0;34,2;69,7;53,8;31,1;44,9;
00:00:54,650;60,1;60,1;33,7;69,7;54,1;30,9;44,8;
00:00:54,662;60,0;60,0;33,8;69,6;54,1;31,0;44,9;
00:00:54,675;60,0;60,0;33,7;69,2;54,5;30,9;44,5;
00:00:54,687;60,1;60,1;34,1;69,3;54,0;31,1;44,7;
00:00:54,700;59,8;59,8;33,8;69,1;54,2;31,1;44,6;
00:00:54,712;60,1;60,1;33,8;68,9;54,1;31,1;43,3;
00:00:54,725;59,8;59,8;33,8;69,5;54,0;30,9;43,4;
00:00:54,737;60,3;60,3;33,9;69,4;54,4;31,1;42,9;
00:00:54,750;59,9;59,9;33,9;69,4;54,1;31,1;43,4;
00:00:54,762;60,2;60,2;33,7;69,5;54,1;31,2;43,4;
00:00:54,775;60,0;60,0;34,1;69,2;54,3;31,0;32,6;
00:00:54,787;60,1;60,1;34,0;69,7;54,0;31,2;32,3;
00:00:54,800;60,1;60,1;33,8;69,3;54,5;30,8;32,3;
00:00:54,812;59,8;59,8;33,8;69,5;54,6;31,2;32,4;
00:00:54,825;60,2;60,2;33,7;69,2;54,4;31,1;32,5;
00:00:54,837;60,3;60,3;33,8;69,5;54,1;30,9;32,5;
00:00:54,850;60,2;60,2;33,7;69,7;54,2;31,2;32,5;
00:00:54,862;60,2;60,2;33,9;69,8;54,1;31,1;32,3;
00:00:54,875;60,2;60,2;34,0;69,6;54,6;31,0;32,7;
00:00:54,887;60,0;60,0;34,1;69,3;54,4;31,3;32,9;
00:00:54,900;59,8;59,8;33,8;69,5;54,0;31,1;32,9;
00:00:54,912;59,9;59,9;33,7;69,8;54,0;31,3;32,8;
00:00:54,925;60,3;60,3;33,9;69,3;54,5;31,3;32,3;
00:00:54,937;60,1;60,1;33,9;69,4;53,9;31,2;32,3;
00:00:54,950;59,7;59,7;34,0;69,5;54,2;31,2;31,9;
00:00:54,962;60,3;60,3;33,9;69,7;54,3;31,2;32,3;
00:00:54,975;60,3;60,3;33,9;69,8;54,3;31,1;32,1;
00:00:54,987;60,3;60,3;33,9;69,3;54,5;31,2;32,3;
00:00:55,000;60,2;60,2;33,8;69,5;54,1;30,9;32,0;
00:00:55,012;60,2;60,2;33,9;69,7;54,5;31,2;32,0;
00:00:55,025;60,2;60,2;34,0;69,5;54,5;31,2;32,2;
00:00:55,037;60,3;60,3;33,9;69,5;54,4;31,1;31,9;
00:00:55,050;60,2;60,2;33,8;69,5;54,2;31,4;32,3;
00:00:55,062;60,2;60,2;33,9;69,4;54,4;30,9;32,2;
00:00:55,075;60,1;60,1;33,9;69,2;54,0;31,2;32,2;
00:00:55,087;60,1;60,1;33,9;69,4;54,3;31,1;32,2;
00:00:55,100;60,2;60,2;33,9;69,9;54,3;31,2;32,1;
00:00:55,112;60,0;60,0;33,9;69,5;54,2;31,1;32,1;
00:00:55,125;60,5;60,5;34,0;69,3;54,3;31,1;32,1;
00:00:55,137;60,2;60,2;33,8;69,5;54,2;31,5;32,0;
00:00:55,150;59,7;59,7;33,9;69,7;54,3;31,2;32,3;
00:00:55,162;60,3;60,3;33,8;69,6;54,2;31,5;32,3;
00:00:55,175;59,6;59,6;33,9;69,5;54,2;31,1;32,1;
00:00:55,187;60,2;60,2;33,9;69,7;54,6;31,0;32,3;
00:00:55,200;60,4;60,4;33,9;69,7;54,5;31,3;31,9;
00:00:55,212;60,4;60,4;33,7;69,5;54,3;31,5;32,3;
00:00:55,225;60,2;60,2;33,9;69,3;54,4;31,2;32,3;
00:00:55,237;60,3;60,3;33,9;69,6;54,1;31,1;32,2;
00:00:55,250;60,0;60,0;34,0;69,4;54,5;31,2;32,0;
00:00:55,262;60,2;60,2;33,8;69,5;54,3;31,5;32,3;
00:00:55,275;60,1;60,1;34,2;69,5;54,6;31,3;32,2;
00:00:55,287;60,1;60,1;33,8;69,5;54,2;31,3;32,2;
00:00:55,300;60,1;60,1;33,9;69,5;54,5;31,2;32,2;
00:00:55,312;59,8;59,8;34,0;69,7;54,0;31,0;32,2;
00:00:55,325;59,7;59,7;33,9;69,5;54,3;31,0;32,3;
00:00:55,337;60,1;60,1;33,7;69,4;54,6;31,3;31,8;
00:00:55,350;59,8;59,8;33,8;69,5;54,1;31,1;32,0;
00:00:55,362;60,3;60,3;33,9;69,8;54,1;31,2;32,2;
00:00:55,375;59,9;59,9;33,8;69,2;53,9;31,0;31,9;
00:00:55,387;60,0;60,0;33,7;69,3;54,3;30,9;31,9;
00:00:55,400;59,8;59,8;33,8;69,5;54,0;30,8;32,0;
00:00:55,412;60,1;60,1;33,6;69,5;54,0;31,4;31,9;
00:00:55,425;60,3;60,3;33,7;69,4;53,9;31,2;31,9;
00:00:55,437;60,2;60,2;33,6;69,3;54,1;31,1;32,3;
00:00:55,450;60,0;60,0;33,7;69,4;54,1;30,8;31,9;
00:00:55,462;59,9;59,9;33,5;69,5;54,1;31,2;31,9;
00:00:55,475;60,2;60,2;33,7;69,6;54,2;31,0;32,0;
00:00:55,487;59,8;59,8;34,0;69,6;54,3;31,0;32,3;
00:00:55,500;60,0;60,0;33,7;69,5;54,2;31,1;32,3;
00:00:55,512;59,7;59,7;33,6;69,4;54,3;31,1;32,0;
00:00:55,525;60,3;60,3;33,8;69,5;54,3;31,1;32,0;
00:00:55,537;60,1;60,1;33,7;69,6;54,0;30,8;32,3;
00:00:55,550;59,9;59,9;33,7;69,3;54,2;31,0;32,3;
00:00:55,562;60,1;60,1;33,6;69,2;54,0;31,2;31,8;
00:00:55,575;59,4;59,4;33,7;69,7;54,0;31,1;31,6;
00:00:55,587;59,8;59,8;33,5;69,4;54,0;30,9;32,2;
00:00:55,600;59,7;59,7;33,9;69,7;54,2;31,2;32,1;
00:00:55,612;60,1;60,1;33,6;69,2;54,0;31,1;32,0;
00:00:55,625;59,5;59,5;33,9;69,6;54,3;30,8;32,0;
00:00:55,637;60,2;60,2;33,5;69,5;53,9;30,8;32,3;
00:00:55,650;59,7;59,7;33,7;69,4;54,4;31,2;31,9;
00:00:55,662;59,8;59,8;33,7;69,5;53,7;31,1;31,9;
00:00:55,675;60,0;60,0;33,9;69,6;54,4;31,3;32,2;
00:00:55,687;60,3;60,3;33,7;69,5;54,3;31,1;32,0;
00:00:55,700;59,5;59,5;33,8;69,6;54,3;30,7;31,8;
00:00:55,712;59,7;59,7;33,5;69,4;54,0;31,0;32,0;
00:00:55,725;60,0;60,0;33,7;69,6;54,3;31,2;32,1;
00:00:55,737;60,1;60,1;33,8;69,8;54,1;31,1;32,3;
00:00:55,750;60,5;60,5;34,0;69,6;54,0;31,1;31,7;
00:00:55,762;60,0;60,0;33,7;69,5;53,9;30,9;32,0;
00:00:55,775;59,9;59,9;33,7;69,5;54,1;31,1;31,6;
00:00:55,787;60,1;60,1;33,8;69,5;54,4;31,0;31,8;
00:00:55,800;60,0;60,0;33,6;69,4;54,2;31,0;32,1;
00:00:55,812;60,2;60,2;33,6;69,6;54,0;31,2;32,2;
00:00:55,825;60,0;60,0;33,6;69,3;54,0;31,4;32,0;
00:00:55,837;60,1;60,1;33,6;69,4;53,9;31,1;31,8;
00:00:55,850;60,3;60,3;33,9;69,6;54,0;30,9;32,0;
00:00:55,862;60,4;60,4;33,8;69,6;54,0;31,1;32,2;
00:00:55,875;60,3;60,3;33,7;69,3;54,5;31,0;31,8;
00:00:55,887;60,2;60,2;33,7;69,5;54,0;30,9;32,0;
00:00:55,900;60,1;60,1;33,6;69,5;54,0;31,1;31,9;
00:00:55,912;60,0;60,0;33,8;69,5;54,0;31,2;32,0;
00:00:55,925;60,3;60,3;33,7;69,5;53,8;31,1;32,2;
00:00:55,937;60,3;60,3;33,7;69,8;54,4;31,1;32,0;
00:00:55,950;59,8;59,8;33,8;69,5;54,0;31,1;32,0;
00:00:55,962;60,0;60,0;33,6;69,7;53,9;31,1;32,0;
00:00:55,975;60,2;60,2;33,7;69,0;53,9;31,1;32,0;
00:00:55,987;59,7;59,7;33,6;69,6;54,1;30,8;31,8;
00:00:56,000;60,2;60,2;33,6;69,3;54,0;31,3;31,9;
00:00:56,012;60,0;60,0;33,9;69,1;53,9;31,2;32,1;
00:00:56,025;60,1;60,1;33,8;69,1;54,0;31,1;32,3;
00:00:56,037;60,2;60,2;33,7;69,6;53,9;31,3;32,1;
00:00:56,050;59,9;59,9;33,4;69,5;53,9;31,1;32,0;
00:00:56,062;60,0;60,0;33,3;69,4;54,1;30,8;31,7;
00:00:56,075;59,5;59,5;33,5;69,2;54,1;30,8;31,9;
00:00:56,087;60,2;60,2;33,3;69,2;53,8;31,1;32,7;
00:00:56,100;60,2;60,2;33,7;69,5;54,0;30,7;31,9;
00:00:56,112;59,5;59,5;33,7;69,7;54,5;31,1;32,0;
00:00:56,125;59,7;59,7;33,5;69,7;53,8;31,0;31,9;
00:00:56,137;60,1;60,1;33,5;69,4;53,6;31,0;31,9;
00:00:56,150;60,1;60,1;33,3;69,4;54,0;31,1;31,9;
00:00:56,162;59,8;59,8;33,9;69,1;54,1;30,9;31,9;
00:00:56,175;60,0;60,0;33,5;69,4;54,1;30,8;32,0;
00:00:56,187;60,0;60,0;33,6;69,2;54,1;31,1;32,0;
00:00:56,200;59,8;59,8;33,7;69,6;54,3;31,3;32,0;
00:00:56,212;60,0;60,0;33,7;69,5;54,3;31,0;32,0;
00:00:56,225;60,2;60,2;33,7;69,4;54,3;30,9;32,0;
00:00:56,237;59,9;59,9;33,7;69,3;54,2;31,5;31,9;
00:00:56,250;59,8;59,8;33,7;69,2;54,2;31,2;31,9;
00:00:56,262;60,2;60,2;33,5;69,1;54,2;30,8;31,9;
00:00:56,275;60,0;60,0;33,5;69,4;54,0;31,2;31,9;
00:00:56,287;60,0;60,0;33,9;69,0;54,0;31,2;31,6;
00:00:56,300;59,8;59,8;33,5;69,4;54,1;30,8;31,8;
00:00:56,312;60,0;60,0;33,8;69,3;54,0;31,0;32,2;
00:00:56,325;59,8;59,8;33,6;69,3;54,1;30,8;31,6;
00:00:56,337;60,5;60,5;33,9;69,5;54,1;31,1;32,0;
00:00:56,350;60,0;60,0;33,5;69,2;53,9;30,9;32,1;
00:00:56,362;60,3;60,3;33,7;69,2;54,1;31,2;32,0;
00:00:56,375;59,7;59,7;33,7;69,1;54,0;31,0;31,9;
00:00:56,387;60,0;60,0;33,7;69,2;54,0;31,0;32,0;
00:00:56,400;60,1;60,1;33,7;68,9;54,1;31,1;31,9;
00:00:56,412;60,0;60,0;33,5;69,0;54,0;31,5;31,9;
00:00:56,425;60,1;60,1;33,6;69,3;54,1;31,1;32,0;
00:00:56,437;59,8;59,8;33,6;69,5;54,0;31,2;32,1;
00:00:56,450;60,4;60,4;33,7;69,7;54,2;31,1;32,0;
00:00:56,462;60,2;60,2;33,6;69,3;54,3;31,1;32,3;
00:00:56,475;59,8;59,8;33,7;69,3;54,3;31,2;32,0;
00:00:56,487;60,3;60,3;33,7;69,8;53,9;31,1;32,0;
00:00:56,500;60,2;60,2;33,5;69,6;54,3;31,0;32,0;
00:00:56,512;60,0;60,0;33,8;69,5;54,5;31,2;32,0;
00:00:56,525;60,0;60,0;33,7;69,6;54,3;31,5;32,1;
00:00:56,537;60,0;60,0;33,6;69,5;54,4;31,0;32,0;
00:00:56,550;60,1;60,1;33,7;69,4;54,3;31,2;31,8;
00:00:56,562;60,0;60,0;33,7;69,4;54,3;31,1;31,8;
00:00:56,575;60,0;60,0;33,7;69,5;54,0;31,0;32,0;
00:00:56,587;60,2;60,2;33,8;69,4;54,3;30,9;32,1;
00:00:56,600;60,1;60,1;33,7;69,9;54,2;31,0;31,9;
00:00:56,612;60,3;60,3;33,5;69,5;54,0;31,1;31,8;
00:00:56,625;60,1;60,1;33,8;69,1;54,0;31,0;32,1;
00:00:56,637;59,9;59,9;33,7;69,6;54,0;31,2;31,9;
00:00:56,650;59,9;59,9;33,3;69,3;54,0;31,1;31,7;
00:00:56,662;59,5;59,5;33,8;69,6;54,0;30,9;31,6;
00:00:56,675;60,2;60,2;33,4;69,3;53,8;31,3;32,3;
00:00:56,687;59,8;59,8;33,4;69,4;54,1;31,2;32,0;
00:00:56,700;59,8;59,8;33,7;69,1;54,3;31,0;31,9;
00:00:56,712;59,9;59,9;33,6;69,0;54,1;31,2;31,8;
00:00:56,725;60,0;60,0;33,3;69,7;53,9;30,8;32,0;
00:00:56,737;59,8;59,8;33,5;69,3;54,0;31,1;31,8;
00:00:56,750;60,1;60,1;33,5;69,3;54,1;31,0;32,1;
00:00:56,762;60,2;60,2;33,5;69,7;54,0;31,1;31,6;
00:00:56,775;59,9;59,9;33,6;69,6;54,2;31,1;32,4;
00:00:56,787;59,7;59,7;33,4;69,4;54,1;31,1;31,9;
00:00:56,800;60,1;60,1;33,5;69,7;54,1;31,2;32,0;
00:00:56,812;60,0;60,0;33,7;69,5;54,0;30,9;32,0;
00:00:56,825;60,0;60,0;33,8;69,5;53,9;30,8;32,0;
00:00:56,837;60,2;60,2;33,8;69,3;54,1;31,2;32,0;
00:00:56,850;60,0;60,0;33,6;69,1;54,2;31,4;31,9;
00:00:56,862;60,0;60,0;33,5;69,3;54,1;31,2;31,9;
00:00:56,875;59,7;59,7;33,7;69,4;54,0;31,1;31,9;
00:00:56,887;60,0;60,0;33,6;69,4;54,0;31,0;31,6;
00:00:56,900;60,0;60,0;33,6;69,5;54,1;31,2;51,7;
00:00:56,912;60,0;60,0;33,4;69,2;54,3;31,0;51,9;
00:00:56,925;60,2;60,2;33,8;69,5;54,2;30,9;51,7;
00:00:56,937;60,0;60,0;33,6;69,5;54,0;30,8;51,4;
00:00:56,950;60,0;60,0;33,5;69,4;54,0;30,8;51,6;
00:00:56,962;60,0;60,0;33,3;69,2;54,0;31,1;51,8;
00:00:56,975;60,2;60,2;33,8;69,3;54,0;30,8;51,8;
00:00:56,987;60,2;60,2;33,8;69,1;54,1;30,8;51,5;
00:00:57,000;60,1;60,1;33,3;69,5;53,8;31,1;51,6;
00:00:57,012;60,1;60,1;33,6;69,5;54,1;31,1;51,8;
00:00:57,025;60,0;60,0;33,5;69,5;53,8;30,9;51,9;
00:00:57,037;60,2;60,2;33,6;69,4;54,1;31,1;51,4;
00:00:57,050;59,7;59,7;33,4;69,4;54,2;30,9;51,7;
00:00:57,062;60,1;60,1;33,4;69,4;54,1;31,4;51,7;
00:00:57,075;59,9;59,9;33,6;69,5;54,1;31,5;51,6;
00:00:57,087;60,2;60,2;33,4;69,3;54,1;31,1;51,9;
00:00:57,100;60,2;60,2;33,3;69,3;54,0;31,1;51,7;
00:00:57,112;60,1;60,1;33,8;69,5;54,1;31,2;51,9;
00:00:57,125;59,9;59,9;33,3;69,4;53,8;31,2;51,9;
00:00:57,137;60,1;60,1;33,5;69,7;53,9;30,9;51,6;
00:00:57,150;59,9;59,9;33,6;69,3;54,1;31,1;51,9;
00:00:57,162;60,1;60,1;33,3;69,3;54,0;30,8;51,8;
00:00:57,175;59,8;59,8;33,5;69,5;53,8;30,8;51,6;
00:00:57,187;60,2;60,2;33,5;69,3;54,1;31,0;51,6;
00:00:57,200;60,1;60,1;33,3;69,5;53,7;30,7;51,7;
00:00:57,212;59,7;59,7;33,4;69,5;54,0;30,8;51,7;
00:00:57,225;60,3;60,3;33,7;69,1;53,8;30,7;51,6;
00:00:57,237;60,3;60,3;33,7;69,3;53,7;30,8;51,6;
00:00:57,250;59,7;59,7;33,6;69,4;54,1;30,9;51,5;
00:00:57,262;59,8;59,8;33,3;69,4;53,8;30,8;51,8;
00:00:57,275;59,8;59,8;33,3;69,1;54,1;31,0;51,8;
00:00:57,287;60,0;60,0;33,3;69,1;54,1;30,7;51,9;
00:00:57,300;59,9;59,9;33,3;69,3;53,9;30,8;51,6;
00:00:57,312;59,8;59,8;33,5;69,1;54,0;31,1;51,7;
00:00:57,325;59,8;59,8;33,2;69,2;54,0;31,0;51,8;
00:00:57,337;59,8;59,8;33,2;69,2;54,0;30,9;51,7;
00:00:57,350;59,7;59,7;33,3;69,3;53,6;30,6;51,6;
00:00:57,362;59,7;59,7;33,2;69,1;54,3;30,6;51,7;
00:00:57,375;59,9;59,9;33,1;69,0;53,9;30,8;51,5;
00:00:57,387;59,6;59,6;33,3;69,0;54,1;30,8;51,5;
00:00:57,400;59,8;59,8;33,2;69,2;54,3;31,3;51,6;
00:00:57,412;59,7;59,7;33,3;69,4;53,9;31,1;51,8;
00:00:57,425;59,7;59,7;33,2;69,5;54,0;31,1;52,1;
00:00:57,437;60,0;60,0;33,2;69,3;54,0;30,9;51,6;
00:00:57,450;59,6;59,6;33,3;69,1;54,1;30,8;51,6;
00:00:57,462;60,2;60,2;33,3;69,5;53,9;30,9;51,4;
00:00:57,475;59,8;59,8;33,5;69,6;54,0;30,8;51,6;
00:00:57,487;60,1;60,1;33,3;69,5;54,0;31,1;51,7;
00:00:57,500;60,0;60,0;33,2;69,3;53,8;30,9;51,6;
00:00:57,512;60,0;60,0;33,3;69,2;54,0;31,0;51,5;
00:00:57,525;59,8;59,8;33,1;69,2;53,6;30,9;51,6;
00:00:57,537;59,5;59,5;33,3;69,4;53,8;30,6;51,5;
00:00:57,550;59,8;59,8;33,3;69,3;53,9;30,9;51,6;
00:00:57,562;59,8;59,8;33,0;69,4;54,0;30,8;51,8;
00:00:57,575;59,7;59,7;33,1;69,5;53,7;30,5;51,6;
00:00:57,587;59,7;59,7;33,2;69,3;54,0;30,7;51,9;
00:00:57,600;59,8;59,8;33,2;69,4;53,9;30,7;51,8;
00:00:57,612;59,9;59,9;33,3;69,2;53,6;30,7;51,6;
00:00:57,625;60,0;60,0;33,5;69,7;53,8;31,3;51,6;
00:00:57,637;59,6;59,6;33,2;69,2;53,8;30,7;51,6;
00:00:57,650;60,1;60,1;33,3;69,5;54,1;30,8;51,7;
00:00:57,662;60,0;60,0;33,3;69,3;53,8;30,8;51,7;
00:00:57,675;59,7;59,7;33,2;69,5;53,9;30,8;51,6;
00:00:57,687;59,8;59,8;33,4;69,3;53,9;30,6;51,7;
00:00:57,700;59,5;59,5;33,1;69,3;53,7;30,9;51,6;
00:00:57,712;60,2;60,2;33,2;69,5;54,0;31,1;51,7;
00:00:57,725;59,8;59,8;33,5;69,2;53,9;30,6;51,7;
00:00:57,737;59,8;59,8;33,3;69,1;54,0;30,8;51,6;
00:00:57,750;59,5;59,5;33,3;69,3;53,8;30,9;51,8;
00:00:57,762;59,7;59,7;33,5;69,0;53,5;30,9;51,8;
00:00:57,775;59,7;59,7;33,8;69,6;53,8;30,9;51,7;
00:00:57,787;59,8;59,8;33,3;69,1;53,6;30,8;51,6;
00:00:57,800;60,2;60,2;33,2;69,0;53,9;31,1;51,9;
00:00:57,812;60,0;60,0;33,0;69,1;53,8;31,2;51,6;
00:00:57,825;60,1;60,1;33,2;69,2;54,0;30,8;51,4;
00:00:57,837;59,6;59,6;33,6;68,8;54,0;30,6;51,5;
00:00:57,850;59,7;59,7;33,1;69,5;53,9;30,6;51,5;
00:00:57,862;59,9;59,9;33,1;69,1;54,0;31,1;51,7;
00:00:57,875;60,1;60,1;33,1;69,1;53,8;30,5;51,6;
00:00:57,887;59,7;59,7;33,2;69,1;53,8;30,6;51,6;
00:00:57,900;59,7;59,7;33,2;69,1;53,9;30,7;51,7;
00:00:57,912;60,1;60,1;33,1;69,5;53,8;31,1;51,8;
00:00:57,925;59,9;59,9;33,8;69,3;54,3;31,1;51,6;
00:00:57,937;59,6;59,6;33,1;69,3;54,0;30,9;51,9;
00:00:57,950;59,8;59,8;33,3;69,7;54,4;30,7;51,6;
00:00:57,962;59,8;59,8;33,4;69,3;54,0;31,1;51,8;
00:00:57,975;60,0;60,0;33,1;69,5;53,8;30,7;51,7;
00:00:57,987;59,9;59,9;33,2;69,1;54,1;30,9;51,8;
00:00:58,000;59,8;59,8;33,3;69,2;53,5;30,7;51,7;
00:00:58,012;59,8;59,8;33,5;69,2;53,8;31,1;52,1;
00:00:58,025;60,0;60,0;33,2;69,5;53,9;31,1;51,7;
00:00:58,037;59,8;59,8;33,2;69,0;54,2;31,2;51,8;
00:00:58,050;60,0;60,0;33,1;69,5;54,4;30,8;51,9;
00:00:58,062;60,1;60,1;33,2;69,2;54,0;30,9;51,8;
00:00:58,075;60,3;60,3;33,1;69,3;54,2;31,0;51,8;
00:00:58,087;59,9;59,9;33,5;69,3;54,1;30,8;51,6;
00:00:58,100;59,8;59,8;33,3;69,0;54,0;30,9;51,7;
00:00:58,112;59,7;59,7;33,3;69,3;53,8;30,8;51,6;
00:00:58,125;59,6;59,6;33,3;69,2;54,0;31,1;51,8;
00:00:58,137;59,9;59,9;33,1;69,3;53,8;30,6;51,6;
00:00:58,150;59,9;59,9;33,3;69,1;53,9;30,7;51,6;
00:00:58,162;59,8;59,8;33,1;69,1;53,9;30,8;51,7;
00:00:58,175;59,6;59,6;33,1;69,1;54,0;30,9;51,7;
00:00:58,187;60,0;60,0;33,3;69,4;54,1;30,9;51,5;
00:00:58,200;59,9;59,9;33,3;69,3;54,1;30,8;51,5;
00:00:58,212;59,8;59,8;33,1;69,3;53,9;31,0;51,7;
00:00:58,225;60,2;60,2;33,3;69,3;53,8;30,9;51,6;
00:00:58,237;59,8;59,8;33,3;69,2;54,0;30,9;51,6;
00:00:58,250;59,8;59,8;33,3;69,1;53,6;30,8;52,0;
00:00:58,262;60,0;60,0;33,3;69,4;53,9;31,1;51,6;
00:00:58,275;60,1;60,1;33,4;69,1;54,0;30,9;51,8;
00:00:58,287;60,0;60,0;33,1;69,3;53,8;30,9;52,1;
00:00:58,300;60,0;60,0;33,2;69,1;53,8;30,8;51,7;
00:00:58,312;60,1;60,1;33,2;69,6;53,9;31,1;51,6;
00:00:58,325;59,7;59,7;33,2;69,5;53,9;30,9;51,6;
00:00:58,337;59,8;59,8;33,2;69,0;53,8;31,0;51,3;
00:00:58,350;60,0;60,0;33,3;69,3;53,9;30,7;51,7;
00:00:58,362;59,7;59,7;33,3;69,4;54,1;30,8;51,7;
00:00:58,375;60,0;60,0;33,1;69,6;54,0;30,9;51,9;
00:00:58,387;60,1;60,1;33,3;69,4;53,7;30,8;51,7;
00:00:58,400;59,9;59,9;33,2;69,1;53,8;30,7;51,7;
00:00:58,412;59,6;59,6;33,3;69,5;54,0;30,8;51,8;
00:00:58,425;59,9;59,9;33,2;69,3;54,3;30,8;51,9;
00:00:58,437;60,2;60,2;33,2;69,4;53,9;30,9;52,1;
00:00:58,450;60,1;60,1;33,1;69,5;54,0;30,9;51,7;
00:00:58,462;59,9;59,9;33,1;69,7;54,0;30,8;51,8;
00:00:58,475;60,0;60,0;33,3;69,2;54,2;30,9;51,8;
00:00:58,487;60,2;60,2;33,3;69,5;53,8;30,8;52,1;
00:00:58,500;59,8;59,8;33,1;69,5;54,2;31,0;51,7;
00:00:58,512;60,1;60,1;33,1;69,1;53,8;30,9;51,9;
00:00:58,525;59,8;59,8;33,2;69,4;53,6;30,7;51,8;
00:00:58,537;60,0;60,0;33,2;69,3;54,3;30,8;51,5;
00:00:58,550;59,7;59,7;33,3;69,3;53,9;30,8;51,8;
00:00:58,562;59,9;59,9;33,3;69,3;54,0;30,8;51,6;
00:00:58,575;59,9;59,9;33,5;69,4;54,1;31,1;52,0;
00:00:58,587;59,8;59,8;33,1;69,1;53,8;31,2;51,6;
00:00:58,600;60,0;60,0;33,1;69,3;54,1;30,8;51,6;
00:00:58,612;59,7;59,7;33,3;69,4;53,9;31,0;51,9;
00:00:58,625;59,8;59,8;33,3;69,3;53,9;30,8;51,7;
00:00:58,637;60,1;60,1;33,3;69,3;54,0;31,0;51,6;
00:00:58,650;60,1;60,1;33,3;69,2;53,9;30,8;51,6;
00:00:58,662;59,7;59,7;33,2;69,2;54,1;31,0;51,6;
00:00:58,675;60,1;60,1;33,3;69,3;54,0;31,0;51,8;
00:00:58,687;60,1;60,1;33,1;69,4;53,9;30,9;51,7;
00:00:58,700;59,7;59,7;33,6;69,2;53,9;31,0;52,0;
00:00:58,712;60,2;60,2;33,3;69,3;53,8;31,0;51,7;
00:00:58,725;60,1;60,1;33,3;69,5;53,8;31,2;51,9;
00:00:58,737;60,1;60,1;33,2;69,3;54,1;30,8;51,7;
00:00:58,750;60,2;60,2;33,4;69,1;54,1;31,1;51,9;
00:00:58,762;60,1;60,1;33,3;69,6;54,2;30,9;51,7;
00:00:58,775;59,7;59,7;33,2;69,5;54,0;31,1;52,1;
00:00:58,787;60,0;60,0;33,4;69,1;54,2;31,2;51,7;
00:00:58,800;60,3;60,3;33,3;69,5;53,9;30,9;51,8;
00:00:58,812;59,9;59,9;33,7;69,7;54,5;31,2;51,9;
00:00:58,825;60,1;60,1;33,3;69,5;54,0;31,1;51,7;
00:00:58,837;60,1;60,1;33,6;69,4;54,1;31,2;51,6;
00:00:58,850;59,9;59,9;33,3;69,1;54,1;30,9;51,9;
00:00:58,862;60,3;60,3;33,3;69,3;54,2;31,1;51,8;
00:00:58,875;59,9;59,9;33,1;69,6;54,2;30,8;51,7;
00:00:58,887;60,0;60,0;33,1;69,2;53,9;31,2;51,9;
00:00:58,900;60,0;60,0;33,0;69,1;54,1;30,7;52,0;
00:00:58,912;59,7;59,7;33,3;69,3;54,0;31,1;51,6;
00:00:58,925;59,8;59,8;33,3;69,3;53,8;31,0;51,9;
00:00:58,937;59,9;59,9;33,3;69,5;54,1;30,8;51,7;
00:00:58,950;59,8;59,8;33,4;69,1;54,1;31,1;51,9;
00:00:58,962;60,0;60,0;33,1;69,2;54,0;30,9;51,7;
00:00:58,975;59,5;59,5;33,1;69,0;53,8;30,8;51,8;
00:00:58,987;60,0;60,0;33,3;69,4;54,1;31,0;51,7;
00:00:59,000;60,0;60,0;33,3;69,4;54,0;31,0;51,9;
00:00:59,012;59,8;59,8;33,2;69,4;54,5;30,8;51,9;
00:00:59,025;60,1;60,1;33,2;69,6;53,9;31,1;52,0;
00:00:59,037;59,8;59,8;33,3;69,3;54,0;30,8;51,9;
00:00:59,050;60,0;60,0;33,2;69,3;53,9;30,8;51,9;
00:00:59,062;59,9;59,9;33,3;69,6;54,3;30,9;51,9;
00:00:59,075;59,8;59,8;33,2;69,4;53,9;30,9;51,8;
00:00:59,087;60,0;60,0;33,3;69,3;53,9;31,1;51,9;
00:00:59,100;60,0;60,0;33,3;69,1;54,2;30,8;52,0;
00:00:59,112;60,1;60,1;33,3;69,4;54,0;31,2;51,9;
00:00:59,125;60,4;60,4;33,1;69,7;54,3;31,1;51,9;
00:00:59,137;60,2;60,2;33,2;69,1;54,0;31,1;51,8;
00:00:59,150;59,8;59,8;33,4;69,5;53,9;30,9;51,8;
00:00:59,162;60,2;60,2;33,2;69,4;54,3;31,3;52,1;
00:00:59,175;60,2;60,2;33,2;69,1;54,3;31,1;52,2;
00:00:59,187;59,7;59,7;33,3;69,8;54,4;31,0;51,7;
00:00:59,200;60,0;60,0;33,2;69,6;54,1;31,2;51,6;
00:00:59,212;60,0;60,0;33,3;69,3;54,0;31,0;51,9;
00:00:59,225;59,9;59,9;33,1;69,3;54,1;31,0;51,9;
00:00:59,237;59,6;59,6;32,9;69,1;53,9;30,9;51,7;
00:00:59,250;60,1;60,1;33,5;69,1;53,8;31,0;51,7;
00:00:59,262;60,0;60,0;33,2;69,4;53,8;30,7;51,7;
00:00:59,275;60,0;60,0;33,1;69,3;54,3;31,3;51,8;
00:00:59,287;60,2;60,2;33,2;69,5;54,0;30,9;51,7;
00:00:59,300;59,8;59,8;33,0;69,3;54,3;31,0;51,7;
00:00:59,312;60,2;60,2;33,2;69,4;54,0;31,2;52,0;
00:00:59,325;60,1;60,1;33,2;69,5;54,1;31,1;51,7;
00:00:59,337;60,3;60,3;33,3;69,6;54,2;31,0;51,8;
00:00:59,350;59,8;59,8;33,3;69,5;54,1;31,0;51,6;
00:00:59,362;60,0;60,0;33,4;69,3;54,0;30,7;51,5;
00:00:59,375;60,2;60,2;33,3;69,5;53,9;30,8;51,6;
00:00:59,387;60,3;60,3;33,3;69,5;54,1;31,1;51,7;
00:00:59,400;59,9;59,9;33,1;69,4;53,8;30,9;51,7;
00:00:59,412;60,2;60,2;33,3;69,1;54,1;31,1;51,6;
00:00:59,425;59,8;59,8;33,2;69,6;54,0;31,0;51,9;
00:00:59,437;60,1;60,1;33,1;69,0;54,1;30,8;51,8;
00:00:59,450;60,0;60,0;33,2;69,0;54,1;31,1;51,7;
00:00:59,462;60,0;60,0;33,3;69,5;54,3;31,1;51,9;
00:00:59,475;59,8;59,8;33,3;69,0;54,0;31,2;51,9;
00:00:59,487;59,8;59,8;33,3;69,4;54,0;30,8;51,8;
00:00:59,500;60,0;60,0;33,0;69,3;54,1;31,1;51,7;
00:00:59,512;60,0;60,0;33,3;69,5;53,9;30,8;51,7;
00:00:59,525;59,9;59,9;33,1;69,1;54,1;30,8;52,1;
00:00:59,537;60,1;60,1;33,3;69,4;53,8;31,1;51,9;
00:00:59,550;59,8;59,8;33,3;69,1;53,8;30,8;51,7;
00:00:59,562;60,2;60,2;33,2;69,2;54,1;31,2;52,0;
00:00:59,575;59,8;59,8;33,3;69,2;54,1;31,0;51,7;
00:00:59,587;60,1;60,1;33,1;69,3;54,0;30,9;51,7;
00:00:59,600;60,1;60,1;33,2;69,3;53,9;31,0;51,8;
00:00:59,612;59,8;59,8;33,1;69,5;54,1;31,0;51,8;
00:00:59,625;59,8;59,8;33,0;69,5;54,0;31,1;51,7;
00:00:59,637;60,1;60,1;33,1;69,4;54,1;30,9;51,5;
00:00:59,650;60,0;60,0;33,2;69,2;53,8;30,8;51,6;
00:00:59,662;60,1;60,1;33,3;69,4;53,9;30,9;51,7;
00:00:59,675;60,1;60,1;33,2;69,5;54,3;31,2;51,7;
00:00:59,687;60,0;60,0;33,3;69,5;54,0;31,2;51,9;
00:00:59,700;60,1;60,1;33,0;69,0;53,8;30,9;51,6;
00:00:59,712;60,1;60,1;33,2;69,3;53,8;30,9;51,6;
00:00:59,725;60,1;60,1;33,3;69,7;54,1;31,0;51,7;
00:00:59,737;60,1;60,1;33,2;69,5;54,0;30,8;51,9;
00:00:59,750;60,1;60,1;33,2;69,9;54,2;31,1;51,5;
00:00:59,762;60,1;60,1;33,1;69,3;54,1;31,1;51,7;
00:00:59,775;59,8;59,8;33,4;69,5;53,9;31,1;51,9;
00:00:59,787;60,0;60,0;33,3;69,4;54,1;31,1;51,6;
00:00:59,800;60,1;60,1;33,1;69,5;54,2;30,7;51,6;
00:00:59,812;60,1;60,1;33,2;69,2;54,1;30,9;51,7;
00:00:59,825;60,2;60,2;33,3;69,6;54,0;31,1;51,8;
00:00:59,837;59,8;59,8;33,2;69,5;53,9;31,1;51,4;
00:00:59,850;60,3;60,3;33,2;69,1;53,9;30,9;51,7;
00:00:59,862;60,2;60,2;33,1;69,6;54,0;31,5;51,6;
00:00:59,875;59,8;59,8;33,1;69,4;54,0;31,2;51,8;
00:00:59,887;60,1;60,1;33,5;69,4;54,0;30,8;51,7;
00:00:59,900;59,9;59,9;33,0;69,0;54,5;30,8;51,6;
00:00:59,912;60,2;60,2;33,2;69,5;54,2;31,1;51,9;
00:00:59,925;60,0;60,0;33,3;69,4;54,1;31,2;52,1;
00:00:59,937;59,8;59,8;33,4;69,5;53,9;31,0;51,8;
00:00:59,950;60,1;60,1;33,1;69,4;54,0;31,2;51,6;
00:00:59,962;60,0;60,0;33,0;69,6;54,0;31,1;51,7;
00:00:59,975;60,3;60,3;33,4;69,7;54,0;31,2;51,7;
00:00:59,987;60,3;60,3;33,3;69,6;53,9;31,1;51,6;
00:01:00,000;60,0;60,0;33,3;69,1;53,9;31,0;51,7;
00:01:00,012;60,1;60,1;33,5;69,5;54,3;31,5;52,1;
00:01:00,025;60,0;60,0;33,1;69,6;54,1;31,3;51,7;
00:01:00,037;60,1;60,1;33,5;69,5;54,3;31,1;52,0;
00:01:00,050;60,1;60,1;33,3;69,5;54,0;30,8;51,6;
00:01:00,062;60,2;60,2;33,1;69,3;54,0;31,3;51,7;
00:01:00,075;59,9;59,9;33,1;69,1;54,3;30,8;51,7;
00:01:00,087;60,0;60,0;33,1;69,6;54,2;31,0;51,7;
00:01:00,100;59,8;59,8;33,2;69,4;53,9;30,9;51,9;
00:01:00,112;60,0;60,0;33,1;69,4;53,9;31,0;51,6;
00:01:00,125;60,1;60,1;33,1;69,3;54,0;31,0;51,9;
00:01:00,137;60,0;60,0;33,2;69,4;54,1;30,9;52,0;
00:01:00,150;60,2;60,2;33,3;69,4;53,9;31,1;51,5;
00:01:00,162;60,1;60,1;33,1;69,7;54,0;31,1;51,8;
00:01:00,175;60,2;60,2;33,1;69,4;54,0;31,1;51,9;
00:01:00,187;59,8;59,8;33,3;69,4;54,5;31,4;51,8;
00:01:00,200;60,1;60,1;33,2;69,6;54,1;31,1;51,8;
00:01:00,212;60,0;60,0;33,1;69,1;54,3;31,2;51,6;
00:01:00,225;60,1;60,1;33,1;69,5;53,9;31,1;51,8;
00:01:00,237;60,3;60,3;33,0;69,4;53,8;31,1;51,7;
00:01:00,250;59,9;59,9;33,0;69,4;53,8;31,1;51,5;
00:01:00,262;60,0;60,0;33,1;69,3;54,1;30,8;51,6;
00:01:00,275;60,0;60,0;33,0;69,5;53,9;31,0;51,6;
00:01:00,287;59,8;59,8;33,2;69,2;54,1;30,9;51,6;
00:01:00,300;60,1;60,1;33,2;69,6;54,1;31,2;51,8;
00:01:00,312;60,1;60,1;33,2;69,7;54,1;30,8;51,8;
00:01:00,325;60,1;60,1;33,2;69,3;53,9;31,5;51,7;
00:01:00,337;59,9;59,9;33,1;69,3;54,1;31,0;51,7;
00:01:00,350;60,0;60,0;33,1;69,5;54,0;31,3;51,7;
00:01:00,362;60,0;60,0;33,0;69,4;54,0;31,1;51,6;
00:01:00,375;60,1;60,1;33,1;69,0;54,0;30,8;51,7;
00:01:00,387;60,1;60,1;33,1;69,5;54,4;30,9;51,6;
00:01:00,400;60,1;60,1;33,2;69,4;54,1;31,1;51,6;
00:01:00,412;60,1;60,1;32,9;69,4;54,1;31,1;51,7;
00:01:00,425;60,3;60,3;33,0;69,4;54,0;30,9;51,7;
00:01:00,437;60,0;60,0;33,1;69,4;54,1;30,8;51,4;
00:01:00,450;60,1;60,1;32,9;69,4;54,0;31,6;51,6;
00:01:00,462;59,8;59,8;33,2;69,3;54,1;31,1;51,5;
00:01:00,475;60,5;60,5;33,1;69,4;54,0;30,9;51,8;
00:01:00,487;60,1;60,1;32,9;69,6;54,0;31,2;51,6;
00:01:00,500;60,1;60,1;33,1;69,5;54,0;31,0;51,6;
00:01:00,512;60,1;60,1;33,1;69,3;54,0;30,9;51,9;
00:01:00,525;60,1;60,1;33,1;69,5;53,8;31,1;51,8;
00:01:00,537;60,2;60,2;33,0;69,5;53,9;31,3;51,7;
00:01:00,550;60,3;60,3;33,1;69,6;54,0;31,2;51,7;
00:01:00,562;60,3;60,3;33,4;69,4;54,0;31,0;51,9;
00:01:00,575;59,9;59,9;33,1;69,3;54,1;31,1;51,8;
00:01:00,587;60,1;60,1;33,1;69,3;54,1;31,2;51,8;
00:01:00,600;60,1;60,1;33,0;69,5;53,9;31,2;51,5;
00:01:00,612;60,2;60,2;33,6;69,6;54,0;30,9;51,6;
00:01:00,625;60,0;60,0;33,3;69,6;54,3;30,9;51,6;
00:01:00,637;60,3;60,3;33,3;69,5;54,2;30,8;52,1;
00:01:00,650;60,1;60,1;33,3;69,3;54,0;31,1;51,6;
00:01:00,662;60,0;60,0;32,9;69,4;54,0;31,2;51,7;
00:01:00,675;60,3;60,3;33,0;69,6;53,9;31,1;51,6;
00:01:00,687;60,0;60,0;33,1;69,3;54,2;30,8;51,6;
00:01:00,700;60,2;60,2;33,0;69,4;53,9;30,8;51,7;
00:01:00,712;60,0;60,0;33,1;69,6;54,0;30,9;51,6;
00:01:00,725;60,3;60,3;33,1;69,3;54,0;31,1;51,6;
00:01:00,737;60,2;60,2;33,1;69,5;53,8;31,1;51,6;
00:01:00,750;60,2;60,2;33,1;69,4;53,9;31,0;51,7;
00:01:00,762;59,7;59,7;33,1;69,2;53,9;30,9;51,5;
00:01:00,775;59,8;59,8;33,1;69,3;53,6;30,8;51,6;
00:01:00,787;60,1;60,1;33,1;69,5;54,0;31,0;51,6;
00:01:00,800;60,4;60,4;33,1;69,5;54,0;30,8;51,7;
00:01:00,812;60,0;60,0;32,9;69,5;54,6;30,9;51,5;
00:01:00,825;60,1;60,1;32,9;69,4;54,1;31,0;51,7;
00:01:00,837;60,0;60,0;33,1;69,4;54,0;30,9;51,6;
00:01:00,850;59,5;59,5;32,9;69,5;53,7;30,8;51,7;
00:01:00,862;59,7;59,7;33,0;69,3;54,0;31,0;51,9;
00:01:00,875;59,8;59,8;32,9;69,1;53,9;30,8;51,6;
00:01:00,887;60,1;60,1;32,8;69,5;54,0;30,7;51,6;
00:01:00,900;60,0;60,0;33,2;69,5;54,0;31,0;51,4;
00:01:00,912;60,0;60,0;33,0;69,3;54,1;30,7;51,6;
00:01:00,925;60,2;60,2;33,0;69,2;53,8;31,2;51,6;
00:01:00,937;60,2;60,2;33,1;69,5;53,6;31,2;51,7;
00:01:00,950;59,8;59,8;33,2;69,3;53,9;31,1;51,9;
00:01:00,962;60,3;60,3;32,9;69,2;54,3;31,0;51,4;
00:01:00,975;60,2;60,2;33,1;69,8;54,1;31,2;51,6;
00:01:00,987;60,2;60,2;33,1;69,4;53,7;31,0;51,6;
00:01:01,000;59,9;59,9;33,1;69,3;53,9;31,1;51,8;
00:01:01,012;59,9;59,9;32,9;69,3;54,0;30,7;51,7;
00:01:01,025;59,8;59,8;32,9;69,1;54,1;30,9;51,4;
00:01:01,037;60,0;60,0;32,9;69,5;54,1;31,2;51,6;
00:01:01,050;59,7;59,7;33,0;69,2;54,1;31,0;51,3;
00:01:01,062;59,9;59,9;33,1;69,1;53,7;31,1;51,5;
00:01:01,075;59,5;59,5;33,1;69,4;54,0;31,1;51,7;
00:01:01,087;59,8;59,8;33,2;69,4;53,8;31,2;51,6;
00:01:01,100;60,2;60,2;33,0;69,5;53,6;30,8;51,6;
00:01:01,112;60,1;60,1;33,0;69,6;54,0;31,0;51,4;
00:01:01,125;59,8;59,8;33,1;69,6;54,1;30,6;51,6;
00:01:01,137;60,1;60,1;33,3;69,5;53,8;31,3;51,4;
00:01:01,150;59,8;59,8;32,9;69,4;54,1;30,8;51,4;
00:01:01,162;60,0;60,0;32,9;68,8;53,8;31,1;51,6;
00:01:01,175;59,8;59,8;32,9;69,0;53,9;31,0;51,4;
00:01:01,187;60,0;60,0;33,0;69,6;54,1;31,1;51,3;
00:01:01,200;60,0;60,0;32,9;69,0;53,8;30,8;51,7;
00:01:01,212;60,0;60,0;33,1;69,1;54,0;31,0;51,7;
00:01:01,225;59,7;59,7;32,9;69,4;53,9;30,8;51,6;
00:01:01,237;59,9;59,9;32,9;69,1;53,7;30,8;51,6;
00:01:01,250;60,2;60,2;33,1;69,3;54,1;31,1;51,6;
00:01:01,262;59,8;59,8;33,1;69,6;53,8;30,8;51,6;
00:01:01,275;59,8;59,8;32,9;69,3;53,8;31,0;51,4;
00:01:01,287;59,9;59,9;33,1;69,1;53,8;30,7;51,5;
00:01:01,300;59,7;59,7;32,9;69,1;54,0;30,9;51,5;
00:01:01,312;60,0;60,0;32,9;69,4;53,7;31,1;51,6;
00:01:01,325;59,8;59,8;32,9;69,3;54,0;30,6;51,3;
00:01:01,337;60,3;60,3;33,0;69,6;54,1;30,8;51,4;
00:01:01,350;60,0;60,0;33,1;69,7;53,9;31,1;51,5;
00:01:01,362;59,8;59,8;33,1;69,1;54,0;31,1;51,6;
00:01:01,375;60,1;60,1;32,9;69,3;53,7;30,8;51,3;
00:01:01,387;60,0;60,0;32,8;69,7;53,9;30,7;51,5;
00:01:01,400;60,0;60,0;32,8;69,4;54,3;30,8;51,7;
00:01:01,412;60,3;60,3;32,7;69,5;53,6;31,1;51,6;
00:01:01,425;59,8;59,8;32,8;69,3;53,8;30,6;51,6;
00:01:01,437;59,8;59,8;32,9;69,2;54,0;30,6;51,4;
00:01:01,450;60,1;60,1;33,0;69,4;53,9;30,8;51,4;
00:01:01,462;60,2;60,2;33,1;69,2;53,9;31,0;51,6;
00:01:01,475;59,7;59,7;32,9;68,9;54,0;30,7;51,2;
00:01:01,487;60,0;60,0;33,0;69,0;54,3;31,0;51,7;
00:01:01,500;60,0;60,0;32,9;69,2;53,6;31,0;51,4;
00:01:01,512;59,8;59,8;32,9;69,0;54,0;30,7;51,3;
00:01:01,525;59,4;59,4;33,3;69,5;53,9;30,8;51,4;
00:01:01,537;59,8;59,8;32,8;69,2;53,9;31,1;51,5;
00:01:01,550;59,8;59,8;32,7;69,6;53,9;31,0;51,6;
00:01:01,562;59,9;59,9;33,0;69,5;54,1;31,1;51,3;
00:01:01,575;60,2;60,2;33,0;69,5;54,0;30,9;51,6;
00:01:01,587;60,2;60,2;32,9;69,3;54,0;30,8;51,6;
00:01:01,600;59,7;59,7;32,8;69,1;53,9;31,0;51,6;
00:01:01,612;59,7;59,7;32,9;69,4;54,4;30,7;51,7;
00:01:01,625;59,9;59,9;32,9;69,0;54,1;31,1;51,4;
00:01:01,637;60,1;60,1;32,9;69,6;54,2;31,2;51,6;
00:01:01,650;59,8;59,8;32,9;69,2;53,9;31,2;51,6;
00:01:01,662;60,2;60,2;32,9;69,3;54,0;30,9;51,6;
00:01:01,675;59,9;59,9;32,9;69,3;54,2;31,1;51,5;
00:01:01,687;60,1;60,1;33,0;69,7;53,7;31,0;51,4;
00:01:01,700;59,9;59,9;32,9;69,4;54,0;31,1;51,5;
00:01:01,712;60,0;60,0;32,9;69,5;54,1;30,8;51,6;
00:01:01,725;59,8;59,8;32,9;69,7;54,0;31,4;51,3;
00:01:01,737;60,2;60,2;33,3;69,4;54,2;30,8;51,7;
00:01:01,750;60,0;60,0;32,9;69,5;53,7;31,1;51,7;
00:01:01,762;59,8;59,8;32,9;69,3;54,1;30,8;51,6;
00:01:01,775;59,7;59,7;33,0;69,4;53,7;31,2;51,9;
00:01:01,787;60,0;60,0;33,0;69,3;53,9;31,0;51,5;
00:01:01,800;60,0;60,0;32,9;69,4;54,0;30,8;51,4;
00:01:01,812;60,3;60,3;33,1;69,6;54,0;30,8;51,6;
00:01:01,825;59,8;59,8;32,8;69,6;54,3;30,9;51,6;
00:01:01,837;60,3;60,3;33,1;69,1;54,0;31,2;51,6;
00:01:01,850;60,3;60,3;32,8;69,7;53,8;31,0;51,4;
00:01:01,862;60,1;60,1;33,0;69,8;54,0;31,0;51,3;
00:01:01,875;59,7;59,7;32,9;69,5;53,9;31,0;51,4;
00:01:01,887;60,3;60,3;32,7;69,2;54,1;30,6;51,3;
00:01:01,900;59,7;59,7;32,8;69,4;54,0;31,0;51,5;
00:01:01,912;60,0;60,0;33,0;69,5;53,9;31,0;51,4;
00:01:01,925;59,7;59,7;33,0;69,2;53,9;30,9;51,6;
00:01:01,937;60,2;60,2;32,9;69,1;54,0;31,1;51,4;
00:01:01,950;59,9;59,9;33,0;69,5;54,1;31,0;51,4;
00:01:01,962;60,3;60,3;33,1;69,5;54,0;31,2;51,9;
00:01:01,975;59,8;59,8;32,9;69,3;54,4;30,9;51,6;
00:01:01,987;59,5;59,5;32,9;69,2;53,9;30,8;51,5;
00:01:02,000;60,0;60,0;32,9;69,5;53,8;30,8;51,5;
00:01:02,012;60,2;60,2;32,9;69,4;53,7;31,1;51,4;
00:01:02,025;60,5;60,5;32,9;69,1;54,0;31,1;51,7;
00:01:02,037;60,2;60,2;32,9;69,7;53,9;30,7;51,7;
00:01:02,050;60,1;60,1;32,9;69,5;54,0;30,8;51,4;
00:01:02,062;60,1;60,1;32,9;69,4;54,1;30,8;51,6;
00:01:02,075;60,3;60,3;33,1;69,5;54,3;31,0;51,4;
00:01:02,087;60,3;60,3;32,9;69,6;53,9;31,2;51,4;
00:01:02,100;60,0;60,0;32,8;69,3;54,1;31,0;51,6;
00:01:02,112;60,1;60,1;33,1;69,4;54,1;30,9;51,6;
00:01:02,125;60,1;60,1;32,9;69,4;54,4;31,1;51,4;
00:01:02,137;59,9;59,9;32,8;69,6;54,0;31,0;51,4;
00:01:02,150;60,0;60,0;32,9;69,2;54,0;30,9;51,9;
00:01:02,162;59,8;59,8;32,8;69,2;54,0;30,8;51,4;
00:01:02,175;59,8;59,8;32,7;69,4;54,0;30,8;51,6;
00:01:02,187;59,9;59,9;32,9;69,1;53,9;30,8;51,3;
00:01:02,200;60,0;60,0;32,9;69,3;54,2;30,7;51,6;
00:01:02,212;59,7;59,7;32,8;69,5;53,5;30,6;51,3;
00:01:02,225;60,2;60,2;32,9;69,3;54,0;31,4;51,3;
00:01:02,237;60,2;60,2;33,0;69,3;53,9;30,8;51,6;
00:01:02,250;60,2;60,2;32,9;69,1;53,8;30,8;51,5;
00:01:02,262;60,0;60,0;32,9;69,4;54,0;31,1;51,3;
00:01:02,275;60,0;60,0;32,8;69,4;54,1;30,7;51,3;
00:01:02,287;60,2;60,2;32,9;69,6;53,8;30,8;51,3;
00:01:02,300;59,8;59,8;32,9;69,1;53,9;31,2;51,1;
00:01:02,312;60,0;60,0;32,9;69,0;54,1;31,1;51,0;
00:01:02,325;60,4;60,4;32,9;69,2;53,9;30,8;51,4;
00:01:02,337;60,1;60,1;33,1;69,3;54,0;30,8;51,3;
00:01:02,350;59,6;59,6;33,0;69,2;54,0;31,1;51,1;
00:01:02,362;59,8;59,8;32,8;69,4;54,0;30,9;51,3;
00:01:02,375;59,9;59,9;32,9;69,5;53,9;31,1;51,4;
00:01:02,387;60,1;60,1;32,9;69,4;54,3;31,0;51,5;
00:01:02,400;60,2;60,2;32,8;69,3;54,1;30,9;51,1;
00:01:02,412;60,1;60,1;32,9;69,4;54,0;31,0;51,6;
00:01:02,425;60,3;60,3;32,9;69,3;54,0;31,1;51,3;
00:01:02,437;60,0;60,0;32,9;69,4;54,1;30,8;51,1;
00:01:02,450;60,0;60,0;32,9;69,3;53,7;30,9;51,5;
00:01:02,462;60,2;60,2;33,0;69,1;53,9;30,8;51,3;
00:01:02,475;60,2;60,2;32,8;69,6;54,0;31,1;51,1;
00:01:02,487;60,0;60,0;32,8;69,2;53,7;30,8;51,3;
00:01:02,500;59,8;59,8;33,1;69,1;53,8;31,0;51,0;
00:01:02,512;60,2;60,2;32,9;69,3;53,6;31,1;51,3;
00:01:02,525;59,9;59,9;32,8;69,3;53,9;31,1;51,4;
00:01:02,537;60,1;60,1;32,8;69,6;54,1;31,1;51,1;
00:01:02,550;59,7;59,7;32,7;69,3;53,9;30,8;51,0;
00:01:02,562;60,4;60,4;32,7;69,5;53,9;31,0;51,1;
00:01:02,575;59,8;59,8;32,9;69,1;53,9;30,8;51,0;
00:01:02,587;59,9;59,9;32,9;69,3;53,9;31,0;51,2;
00:01:02,600;59,8;59,8;32,9;69,7;54,3;30,8;51,2;
00:01:02,612;60,1;60,1;32,9;69,2;54,2;31,0;51,3;
00:01:02,625;60,1;60,1;32,9;69,8;53,8;31,1;51,4;
00:01:02,637;59,9;59,9;33,0;69,6;54,1;31,1;51,2;
00:01:02,650;60,2;60,2;32,9;69,5;54,0;30,9;51,3;
00:01:02,662;60,1;60,1;33,1;69,4;54,0;31,4;50,9;
00:01:02,675;60,1;60,1;32,9;69,3;54,0;31,0;51,3;
00:01:02,687;59,9;59,9;32,7;69,3;53,6;31,1;51,2;
00:01:02,700;60,1;60,1;33,1;69,7;54,0;30,9;51,4;
00:01:02,712;59,9;59,9;33,1;69,6;54,0;30,8;51,3;
00:01:02,725;60,0;60,0;32,9;69,1;53,8;30,8;51,3;
00:01:02,737;60,2;60,2;32,9;69,4;54,0;31,1;51,3;
00:01:02,750;60,1;60,1;32,9;69,5;53,9;31,2;51,1;
00:01:02,762;60,3;60,3;33,1;69,6;54,0;31,1;51,4;
00:01:02,775;59,8;59,8;32,9;69,1;54,0;31,0;51,3;
00:01:02,787;60,5;60,5;33,3;69,5;54,1;30,8;51,5;
00:01:02,800;60,0;60,0;32,8;69,3;54,0;30,9;51,6;
00:01:02,812;60,1;60,1;33,0;69,4;54,1;31,2;51,3;
00:01:02,825;60,0;60,0;33,3;69,3;54,4;31,2;51,4;
00:01:02,837;60,0;60,0;32,9;69,5;54,2;30,8;51,4;
00:01:02,850;59,8;59,8;32,7;69,5;53,8;30,9;51,3;
00:01:02,862;60,0;60,0;32,9;69,3;54,0;31,2;51,2;
00:01:02,875;60,1;60,1;32,8;69,5;53,7;31,1;51,1;
00:01:02,887;60,2;60,2;32,8;69,3;54,0;30,8;51,1;
00:01:02,900;59,7;59,7;32,9;69,5;53,8;31,0;51,1;
00:01:02,912;60,2;60,2;32,9;69,4;54,1;31,1;51,3;
00:01:02,925;59,8;59,8;32,9;69,7;54,0;31,1;51,0;
00:01:02,937;59,8;59,8;33,1;69,3;54,3;31,1;51,1;
00:01:02,950;59,8;59,8;32,9;69,4;54,0;31,0;51,2;
00:01:02,962;60,2;60,2;32,9;69,6;54,1;31,0;51,3;
00:01:02,975;60,1;60,1;33,0;69,9;53,9;31,2;51,1;
00:01:02,987;59,9;59,9;32,8;69,6;54,6;31,1;51,0;
00:01:03,000;60,2;60,2;32,9;69,6;54,0;30,7;51,4;
00:01:03,012;59,9;59,9;33,0;69,3;53,8;30,7;51,0;
00:01:03,025;59,9;59,9;32,7;69,4;54,0;31,0;51,1;
00:01:03,037;60,3;60,3;32,9;69,7;54,1;31,1;51,0;
00:01:03,050;59,6;59,6;32,7;69,3;54,2;31,0;51,0;
00:01:03,062;59,8;59,8;32,8;69,6;54,2;30,8;48,6;
00:01:03,075;59,8;59,8;33,1;69,1;54,0;31,0;48,6;
00:01:03,087;60,1;60,1;32,9;69,1;54,1;30,9;48,6;
00:01:03,100;60,0;60,0;32,8;69,4;53,9;31,1;48,2;
00:01:03,112;59,9;59,9;32,7;69,5;53,6;31,0;48,6;
00:01:03,125;60,0;60,0;32,9;69,3;53,6;30,6;48,5;
00:01:03,137;60,0;60,0;32,8;69,6;53,9;31,1;48,6;
00:01:03,150;60,0;60,0;32,9;69,4;54,2;30,9;48,9;
00:01:03,162;60,2;60,2;32,7;69,4;54,0;31,0;48,3;
00:01:03,175;59,7;59,7;32,7;69,6;54,0;31,1;48,3;
00:01:03,187;59,7;59,7;32,8;69,2;54,0;31,1;48,6;
00:01:03,200;60,1;60,1;32,7;68,9;53,9;31,2;48,3;
00:01:03,212;60,1;60,1;33,1;69,5;54,3;31,1;48,5;
00:01:03,225;59,8;59,8;32,7;69,4;53,8;31,2;48,5;
00:01:03,237;59,7;59,7;32,9;69,5;53,8;31,1;48,2;
00:01:03,250;60,2;60,2;32,8;69,5;53,9;30,9;48,6;
00:01:03,262;59,9;59,9;32,9;69,6;54,0;31,1;48,5;
00:01:03,275;60,1;60,1;32,7;69,4;53,9;31,0;48,2;
00:01:03,287;60,1;60,1;32,8;69,4;54,0;31,1;48,5;
00:01:03,300;59,8;59,8;32,7;69,5;54,3;31,1;48,6;
00:01:03,312;60,5;60,5;32,9;69,5;53,9;31,1;48,5;
00:01:03,325;60,0;60,0;32,7;69,3;54,0;31,0;48,6;
00:01:03,337;59,5;59,5;32,8;69,6;53,8;31,0;49,0;
00:01:03,350;60,0;60,0;32,6;69,4;53,8;30,9;48,5;
00:01:03,362;59,9;59,9;32,7;69,3;54,1;30,6;48,2;
00:01:03,375;59,8;59,8;32,8;69,3;54,2;30,8;48,6;
00:01:03,387;59,7;59,7;32,6;69,6;53,9;30,9;48,5;
00:01:03,400;59,7;59,7;32,9;69,5;53,9;31,0;48,6;
00:01:03,412;59,9;59,9;32,8;69,7;53,9;30,8;48,5;
00:01:03,425;59,8;59,8;32,9;69,1;53,7;31,1;48,5;
00:01:03,437;60,1;60,1;32,8;69,4;53,8;30,9;48,5;
00:01:03,450;59,8;59,8;32,7;69,5;53,8;30,8;48,2;
00:01:03,462;60,0;60,0;32,9;69,6;53,9;31,0;48,3;
00:01:03,475;59,9;59,9;32,9;69,6;53,9;30,9;48,2;
00:01:03,487;60,3;60,3;32,9;69,3;54,1;31,1;48,6;
00:01:03,500;60,1;60,1;32,8;69,0;53,9;30,8;48,5;
00:01:03,512;60,1;60,1;32,8;69,6;54,0;31,1;48,6;
00:01:03,525;60,0;60,0;32,9;69,4;54,1;30,8;48,6;
00:01:03,537;59,9;59,9;32,9;69,5;53,8;30,9;48,0;
00:01:03,550;60,1;60,1;32,8;69,4;53,6;31,0;48,2;
00:01:03,562;60,0;60,0;33,0;68,8;53,9;30,8;48,3;
00:01:03,575;60,0;60,0;32,7;69,1;53,9;30,6;48,6;
00:01:03,587;59,7;59,7;32,8;69,3;54,0;30,9;48,3;
00:01:03,600;60,1;60,1;32,7;69,5;53,9;31,1;48,5;
00:01:03,612;59,9;59,9;32,7;69,1;53,8;31,1;48,8;
00:01:03,625;60,1;60,1;32,6;69,4;53,8;30,8;48,3;
00:01:03,637;59,8;59,8;32,8;69,0;53,8;30,8;48,3;
00:01:03,650;59,8;59,8;32,7;69,5;53,6;30,7;48,3;
00:01:03,662;59,8;59,8;32,5;69,4;53,9;30,7;48,1;
00:01:03,675;60,1;60,1;32,9;69,1;54,0;30,9;48,2;
00:01:03,687;60,1;60,1;32,8;69,0;54,3;31,0;48,3;
00:01:03,700;60,1;60,1;32,8;69,6;54,0;30,7;48,6;
00:01:03,712;59,7;59,7;32,8;69,3;54,0;31,3;48,7;
00:01:03,725;60,2;60,2;32,8;69,5;54,3;31,3;48,3;
00:01:03,737;59,8;59,8;32,9;69,9;54,1;31,2;48,5;
00:01:03,750;59,7;59,7;32,7;69,2;53,8;31,0;48,8;
00:01:03,762;59,9;59,9;32,7;69,4;54,0;30,8;48,3;
00:01:03,775;60,0;60,0;32,7;69,2;53,9;30,8;48,5;
00:01:03,787;59,8;59,8;32,7;69,4;54,1;30,9;48,6;
00:01:03,800;59,9;59,9;32,7;69,6;54,3;31,0;48,5;
00:01:03,812;59,9;59,9;32,8;69,6;53,8;30,8;48,3;
00:01:03,825;60,1;60,1;32,8;69,4;54,2;31,1;48,3;
00:01:03,837;59,9;59,9;32,7;69,2;53,8;30,7;48,6;
00:01:03,850;59,9;59,9;32,7;69,5;54,0;30,9;48,8;
00:01:03,862;60,3;60,3;32,7;69,1;54,0;31,2;48,5;
00:01:03,875;59,7;59,7;32,7;69,7;54,1;30,9;48,2;
00:01:03,887;60,0;60,0;32,8;69,0;53,9;31,0;48,3;
00:01:03,900;60,0;60,0;32,7;69,2;54,1;31,0;48,2;
00:01:03,912;59,9;59,9;32,8;69,4;53,9;30,7;48,5;
00:01:03,925;60,0;60,0;32,8;69,6;53,9;30,8;48,3;
00:01:03,937;60,3;60,3;32,8;69,5;53,9;30,8;48,2;
00:01:03,950;59,7;59,7;32,7;69,1;54,0;30,8;48,8;
00:01:03,962;59,9;59,9;32,7;69,1;53,8;30,8;48,6;
00:01:03,975;60,2;60,2;32,7;69,2;54,1;30,9;48,2;
00:01:03,987;60,1;60,1;32,7;69,1;53,8;30,9;48,5;
00:01:04,000;60,1;60,1;32,9;69,3;54,0;31,0;48,2;
00:01:04,012;59,8;59,8;32,7;69,4;54,1;30,8;48,3;
00:01:04,025;59,7;59,7;32,7;69,0;53,4;30,8;48,2;
00:01:04,037;60,2;60,2;32,6;69,5;53,8;30,8;48,2;
00:01:04,050;60,2;60,2;32,6;69,5;53,8;30,8;48,2;
00:01:04,062;60,0;60,0;32,8;69,0;53,8;31,0;48,3;
00:01:04,075;59,9;59,9;32,5;69,4;54,1;30,8;48,5;
00:01:04,087;60,0;60,0;32,7;69,2;53,8;31,1;48,2;
00:01:04,100;59,9;59,9;32,6;69,5;53,8;30,7;48,8;
00:01:04,112;59,9;59,9;32,6;69,5;53,8;30,7;48,8;
00:01:04,125;60,0;60,0;32,8;68,9;53,6;30,9;48,8;
00:01:04,137;59,9;59,9;32,9;69,1;53,9;31,2;48,6;
00:01:04,150;60,0;60,0;32,7;69,4;53,9;31,0;48,5;
00:01:04,162;60,2;60,2;32,8;69,3;54,1;30,9;48,6;
00:01:04,175;60,2;60,2;32,8;69,3;54,1;30,9;48,6;
00:01:04,187;60,0;60,0;32,7;69,4;53,7;31,0;48,6;
00:01:04,200;59,4;59,4;32,6;69,3;54,1;30,8;48,3;
00:01:04,212;60,0;60,0;32,7;69,3;54,2;30,9;48,3;
00:01:04,225;60,0;60,0;32,9;69,3;53,8;30,8;48,2;
00:01:04,237;60,0;60,0;32,9;69,3;53,8;30,8;48,2;
00:01:04,250;59,5;59,5;32,7;69,3;54,0;30,8;48,6;
00:01:04,262;60,0;60,0;32,7;69,4;54,0;30,8;48,2;
00:01:04,275;60,4;60,4;32,8;69,2;53,9;31,1;48,6;
00:01:04,287;60,1;60,1;32,9;69,4;54,1;31,1;48,9;
00:01:04,300;60,1;60,1;32,9;69,4;54,1;31,1;48,9;
00:01:04,312;60,1;60,1;33,0;69,5;53,5;30,8;48,3;
00:01:04,325;59,7;59,7;32,9;69,4;54,0;30,9;48,5;
00:01:04,337;60,1;60,1;32,7;69,6;54,0;30,8;48,3;
00:01:04,350;60,0;60,0;32,7;69,4;54,3;31,1;48,5;
00:01:04,362;60,0;60,0;32,7;69,4;54,3;31,1;48,5;
00:01:04,375;59,7;59,7;32,5;69,0;53,7;30,9;48,3;
00:01:04,387;59,7;59,7;32,7;69,3;54,0;31,1;48,5;
00:01:04,400;60,2;60,2;32,7;69,4;54,0;30,8;48,6;
00:01:04,412;59,7;59,7;32,8;69,1;53,8;30,6;48,7;
00:01:04,425;59,7;59,7;32,8;69,1;53,8;30,6;48,7;
00:01:04,437;60,1;60,1;32,7;69,3;54,0;31,2;48,4;
00:01:04,450;59,9;59,9;32,9;69,5;53,9;30,9;48,8;
00:01:04,462;59,8;59,8;32,7;69,4;53,8;30,8;48,2;
00:01:04,475;60,0;60,0;32,9;69,6;54,0;30,9;48,2;
00:01:04,487;60,0;60,0;32,9;69,6;54,0;30,9;48,2;
00:01:04,500;60,0;60,0;32,9;69,6;53,9;31,0;48,8;
00:01:04,512;60,1;60,1;32,7;69,3;54,2;30,8;48,3;
00:01:04,525;60,0;60,0;32,7;69,5;53,6;30,8;48,3;
00:01:04,537;60,2;60,2;32,7;69,3;54,0;31,1;48,5;
00:01:04,550;60,2;60,2;32,7;69,3;54,0;31,1;48,5;
00:01:04,562;59,9;59,9;32,6;69,4;53,6;31,0;48,4;
00:01:04,575;60,2;60,2;32,9;69,4;53,8;30,9;48,3;
00:01:04,587;60,2;60,2;32,6;69,2;54,1;30,8;48,7;
00:01:04,600;60,0;60,0;32,6;69,1;54,0;31,1;48,5;
00:01:04,612;60,0;60,0;32,6;69,1;54,0;31,1;48,5;
00:01:04,625;59,7;59,7;32,7;69,7;53,8;30,6;48,6;
00:01:04,637;60,1;60,1;32,8;69,6;53,8;30,7;48,3;
00:01:04,650;60,2;60,2;32,6;69,5;53,6;30,6;48,3;
00:01:04,662;60,0;60,0;32,6;69,5;54,0;31,1;48,3;
00:01:04,675;60,0;60,0;32,6;69,5;54,0;31,1;48,3;
00:01:04,687;60,1;60,1;32,5;69,2;53,6;31,0;48,5;
00:01:04,700;60,1;60,1;32,7;69,4;53,8;31,0;48,6;
00:01:04,712;60,0;60,0;32,7;69,4;53,8;30,5;48,3;
00:01:04,725;60,2;60,2;32,5;69,0;53,7;30,8;48,0;
00:01:04,737;60,2;60,2;32,5;69,0;53,7;30,8;48,0;
00:01:04,750;60,0;60,0;32,7;69,1;53,9;30,9;48,5;
00:01:04,762;60,0;60,0;32,7;69,5;54,2;31,1;48,6;
00:01:04,775;60,2;60,2;32,7;69,3;53,6;31,1;48,0;
00:01:04,787;60,3;60,3;32,8;69,5;54,0;31,2;48,5;
00:01:04,800;60,3;60,3;32,8;69,5;54,0;31,2;48,5;
00:01:04,812;60,0;60,0;32,7;69,3;53,8;30,8;48,5;
00:01:04,825;59,5;59,5;32,5;69,4;54,0;30,8;48,3;
00:01:04,837;59,8;59,8;32,6;69,1;53,8;31,1;48,5;
00:01:04,850;59,8;59,8;32,7;69,2;53,7;31,0;48,4;
00:01:04,862;59,8;59,8;32,7;69,2;53,7;31,0;48,4;
00:01:04,875;60,3;60,3;32,6;69,7;53,9;31,0;48,5;
00:01:04,887;60,0;60,0;32,7;69,1;53,9;31,0;48,9;
00:01:04,900;59,8;59,8;33,0;69,5;54,1;30,8;48,3;
00:01:04,912;60,0;60,0;32,5;69,5;54,0;31,0;48,2;
00:01:04,925;60,0;60,0;32,5;69,5;54,0;31,0;48,2;
00:01:04,937;60,2;60,2;32,6;69,6;53,7;30,8;48,1;
00:01:04,950;60,1;60,1;32,5;69,3;53,8;30,6;48,5;
00:01:04,962;59,7;59,7;32,3;69,1;53,6;31,2;48,6;
00:01:04,975;59,5;59,5;32,5;69,5;53,9;31,1;48,8;
00:01:04,987;59,5;59,5;32,5;69,5;53,9;31,1;48,8;
00:01:05,000;59,8;59,8;32,4;69,4;53,9;31,1;48,2;
00:01:05,012;60,0;60,0;32,5;69,4;53,7;30,8;48,2;
00:01:05,025;59,7;59,7;32,4;69,4;54,0;31,0;48,6;
00:01:05,037;59,8;59,8;32,7;69,2;54,1;31,1;48,4;
00:01:05,050;59,8;59,8;32,7;69,2;54,1;31,1;48,4;
00:01:05,062;59,9;59,9;32,6;69,1;54,0;30,6;48,3;
00:01:05,075;59,8;59,8;32,3;69,4;53,8;30,7;48,3;
00:01:05,087;60,0;60,0;32,7;69,5;53,8;31,0;48,5;
00:01:05,100;60,0;60,0;32,5;69,1;53,8;30,9;48,3;
00:01:05,112;60,0;60,0;32,5;69,1;53,8;30,9;48,3;
00:01:05,125;59,8;59,8;32,3;69,5;53,7;30,6;48,5;
00:01:05,137;59,4;59,4;32,4;69,3;53,4;30,6;48,2;
00:01:05,150;59,8;59,8;32,5;69,4;53,9;31,1;48,5;
00:01:05,162;60,4;60,4;32,5;69,0;54,0;30,8;48,3;
00:01:05,175;60,4;60,4;32,5;69,0;54,0;30,8;48,3;
00:01:05,187;59,7;59,7;32,9;69,3;53,7;30,7;48,1;
00:01:05,200;59,7;59,7;32,4;69,5;53,9;30,6;48,2;
00:01:05,212;59,9;59,9;32,5;69,4;53,9;31,1;48,1;
00:01:05,225;59,8;59,8;32,7;69,2;53,7;30,8;48,2;
00:01:05,237;59,8;59,8;32,7;69,2;53,7;30,8;48,2;
00:01:05,250;59,8;59,8;32,5;69,3;53,9;30,8;48,3;
00:01:05,262;59,7;59,7;32,6;69,3;53,7;31,2;48,3;
00:01:05,275;59,9;59,9;32,7;69,7;54,1;30,8;48,4;
00:01:05,287;60,1;60,1;32,7;69,5;54,0;30,7;48,6;
00:01:05,300;60,1;60,1;32,7;69,5;54,0;30,7;48,6;
00:01:05,312;60,3;60,3;32,3;69,5;54,0;30,9;48,7;
00:01:05,325;60,0;60,0;32,5;69,2;53,9;30,8;48,5;
00:01:05,337;60,0;60,0;32,6;69,3;53,7;31,0;48,0;
00:01:05,350;60,3;60,3;32,5;69,5;54,0;30,7;48,2;
00:01:05,362;60,3;60,3;32,5;69,5;54,0;30,7;48,2;
00:01:05,375;60,0;60,0;32,5;69,1;53,9;31,1;48,1;
00:01:05,387;60,2;60,2;32,7;69,1;54,2;30,8;48,2;
00:01:05,400;59,5;59,5;32,3;68,9;53,9;30,8;48,4;
00:01:05,412;60,1;60,1;32,7;69,6;54,0;30,9;48,3;
00:01:05,425;60,1;60,1;32,7;69,6;54,0;30,9;48,3;
00:01:05,437;60,1;60,1;32,8;69,4;53,8;31,1;48,5;
00:01:05,450;60,3;60,3;32,6;69,6;54,1;31,0;48,3;
00:01:05,462;59,5;59,5;32,6;69,4;53,7;30,8;48,6;
00:01:05,475;59,8;59,8;32,7;69,4;53,8;31,0;48,3;
00:01:05,487;59,8;59,8;32,7;69,4;53,8;31,0;48,3;
00:01:05,500;60,0;60,0;32,7;69,5;54,0;30,8;48,6;
00:01:05,512;59,7;59,7;32,7;69,5;53,9;30,8;48,8;
00:01:05,525;60,1;60,1;32,7;69,4;53,8;30,8;48,9;
00:01:05,537;60,0;60,0;32,5;69,4;54,1;31,0;48,6;
00:01:05,550;60,0;60,0;32,5;69,4;54,1;31,0;48,6;
00:01:05,562;59,9;59,9;32,9;69,4;54,1;30,8;48,8;
00:01:05,575;59,8;59,8;32,7;69,4;54,1;30,8;48,5;
00:01:05,587;60,0;60,0;32,5;69,4;53,9;31,0;48,5;
00:01:05,600;60,0;60,0;32,7;69,5;53,9;30,8;48,5;
00:01:05,612;60,0;60,0;32,7;69,5;53,9;30,8;48,5;
00:01:05,625;60,0;60,0;32,7;69,3;53,9;30,8;48,7;
00:01:05,637;59,9;59,9;32,8;69,5;54,1;31,0;48,6;
00:01:05,650;59,9;59,9;32,9;69,4;54,0;31,0;48,5;
00:01:05,662;59,9;59,9;32,8;69,7;53,7;31,0;48,5;
00:01:05,675;59,9;59,9;32,8;69,7;53,7;31,0;48,5;
00:01:05,687;59,7;59,7;32,7;69,7;53,6;31,1;48,9;
00:01:05,700;59,9;59,9;32,7;69,6;53,9;31,1;48,5;
00:01:05,712;60,0;60,0;32,9;69,2;53,9;31,0;48,5;
00:01:05,725;60,2;60,2;32,7;69,5;53,8;31,0;48,5;
00:01:05,737;60,2;60,2;32,7;69,5;53,8;31,0;48,5;
00:01:05,750;60,1;60,1;32,7;69,3;53,7;31,0;48,3;
00:01:05,762;59,9;59,9;32,7;69,0;54,0;30,8;48,3;
00:01:05,775;60,3;60,3;32,8;69,4;54,0;30,9;48,1;
00:01:05,787;60,0;60,0;32,6;69,0;54,0;31,0;48,3;
00:01:05,800;60,0;60,0;32,6;69,0;54,0;31,0;48,3;
00:01:05,812;60,0;60,0;32,5;69,4;53,7;30,7;48,2;
00:01:05,825;59,8;59,8;32,5;69,1;53,8;31,2;48,5;
00:01:05,837;60,2;60,2;32,3;69,1;54,0;30,9;48,3;
00:01:05,850;60,2;60,2;32,7;69,3;54,1;31,2;48,6;
00:01:05,862;60,2;60,2;32,7;69,3;54,1;31,2;48,6;
00:01:05,875;59,9;59,9;32,6;69,1;53,9;31,1;48,3;
00:01:05,887;60,0;60,0;32,5;69,2;53,7;30,8;48,6;
00:01:05,900;59,9;59,9;32,9;69,3;53,9;31,1;48,6;
00:01:05,912;60,2;60,2;32,6;69,4;53,8;31,1;48,7;
00:01:05,925;60,2;60,2;32,6;69,4;53,8;31,1;48,7;
00:01:05,937;60,1;60,1;32,6;69,4;54,0;31,5;48,3;
00:01:05,950;59,8;59,8;32,6;69,4;54,1;30,8;48,7;
00:01:05,962;60,3;60,3;32,7;69,4;53,9;31,0;49,1;
00:01:05,975;60,0;60,0;32,7;69,4;54,2;30,9;48,7;
00:01:05,987;60,0;60,0;32,7;69,4;54,2;30,9;48,7;
00:01:06,000;59,8;59,8;32,7;69,5;53,7;31,1;48,7;
00:01:06,012;60,0;60,0;32,7;69,1;53,7;30,8;48,8;
00:01:06,025;60,0;60,0;32,5;69,5;53,7;31,1;48,5;
00:01:06,037;60,3;60,3;32,5;69,4;53,7;30,9;48,4;
00:01:06,050;60,3;60,3;32,5;69,4;53,7;30,9;48,4;
00:01:06,062;60,0;60,0;32,5;69,6;53,6;31,0;48,6;
00:01:06,075;59,7;59,7;32,5;69,4;53,8;30,8;48,6;
00:01:06,087;60,1;60,1;32,5;69,4;54,0;31,1;48,3;
00:01:06,100;59,5;59,5;32,5;69,4;53,8;31,0;48,5;
00:01:06,112;59,5;59,5;32,5;69,4;53,8;31,0;48,5;
00:01:06,125;60,0;60,0;32,3;69,0;54,0;30,8;48,5;
00:01:06,137;60,0;60,0;32,5;69,6;53,7;30,9;48,3;
00:01:06,150;59,8;59,8;32,4;69,0;53,9;30,9;48,8;
00:01:06,162;59,7;59,7;32,4;69,7;54,0;30,6;48,6;
00:01:06,175;59,7;59,7;32,4;69,7;54,0;30,6;48,6;
00:01:06,187;59,5;59,5;32,4;69,4;53,7;30,6;48,8;
00:01:06,200;59,8;59,8;32,3;69,5;53,8;30,8;48,7;
00:01:06,212;59,8;59,8;32,5;69,3;53,7;31,0;48,3;
00:01:06,225;60,1;60,1;32,4;69,3;53,7;30,9;48,6;
00:01:06,237;60,1;60,1;32,4;69,3;53,7;30,9;48,6;
00:01:06,250;60,1;60,1;32,7;69,2;54,1;31,0;48,2;
00:01:06,262;59,7;59,7;32,6;69,6;54,2;30,8;48,5;
00:01:06,275;60,0;60,0;32,3;69,4;54,4;30,8;48,7;
00:01:06,287;59,9;59,9;32,5;69,4;53,9;31,2;48,2;
00:01:06,300;59,9;59,9;32,5;69,4;53,9;31,2;48,2;
00:01:06,312;60,1;60,1;32,5;69,3;54,1;30,8;48,8;
00:01:06,325;59,8;59,8;32,8;69,6;53,8;31,1;48,2;
00:01:06,337;60,1;60,1;32,5;69,3;53,9;30,6;48,6;
00:01:06,350;60,0;60,0;32,7;69,7;54,1;31,1;48,5;
00:01:06,362;60,0;60,0;32,7;69,7;54,1;31,1;48,5;
00:01:06,375;59,7;59,7;32,5;69,5;53,6;31,0;48,5;
00:01:06,387;60,0;60,0;32,5;69,7;54,1;31,3;48,6;
00:01:06,400;59,8;59,8;32,7;69,3;54,1;31,0;48,3;
00:01:06,412;60,1;60,1;32,7;69,4;54,1;30,7;48,3;
00:01:06,425;60,1;60,1;32,7;69,4;54,1;30,7;48,3;
00:01:06,437;60,1;60,1;32,3;69,4;53,7;31,1;48,9;
00:01:06,450;60,1;60,1;32,5;68,9;53,8;30,7;48,7;
00:01:06,462;60,1;60,1;32,9;69,4;53,9;31,2;48,6;
00:01:06,475;59,9;59,9;32,8;69,1;53,8;31,1;48,6;
00:01:06,487;59,9;59,9;32,8;69,1;53,8;31,1;48,6;
00:01:06,500;59,8;59,8;32,5;69,1;53,8;30,8;48,2;
00:01:06,512;60,0;60,0;32,4;69,3;53,8;30,8;48,5;
00:01:06,525;60,2;60,2;32,6;69,5;54,1;30,9;48,5;
00:01:06,537;60,0;60,0;32,7;69,1;54,1;31,2;48,7;
00:01:06,550;60,0;60,0;32,7;69,1;54,1;31,2;48,7;
00:01:06,562;60,0;60,0;32,5;69,7;54,4;30,9;48,4;
00:01:06,575;60,0;60,0;32,9;69,3;53,9;31,2;48,6;
00:01:06,587;60,0;60,0;32,7;69,3;53,9;30,8;48,3;
00:01:06,600;60,2;60,2;32,4;69,7;54,1;31,2;48,5;
00:01:06,612;60,2;60,2;32,4;69,7;54,1;31,2;48,5;
00:01:06,625;60,1;60,1;32,4;69,2;54,0;30,6;48,5;
00:01:06,637;60,0;60,0;32,5;69,3;53,9;30,8;48,8;
00:01:06,650;59,7;59,7;32,5;69,5;53,9;30,8;48,0;
00:01:06,662;60,2;60,2;32,5;69,3;54,0;30,7;48,8;
00:01:06,675;60,2;60,2;32,5;69,3;54,0;30,7;48,8;
00:01:06,687;60,0;60,0;32,4;69,4;53,9;30,8;48,8;
00:01:06,700;60,2;60,2;32,5;69,7;54,0;30,9;48,6;
00:01:06,712;59,8;59,8;32,4;69,3;54,1;30,9;48,5;
00:01:06,725;59,7;59,7;32,4;69,4;53,8;31,1;48,3;
00:01:06,737;59,7;59,7;32,4;69,4;53,8;31,1;48,3;
00:01:06,750;59,7;59,7;32,2;69,6;54,0;30,5;48,0;
00:01:06,762;59,6;59,6;32,2;69,2;53,7;30,6;48,3;
00:01:06,775;59,5;59,5;32,2;69,4;53,5;30,4;48,0;
00:01:06,787;59,4;59,4;32,0;69,4;53,6;30,4;48,1;
00:01:06,800;59,4;59,4;32,0;69,4;53,6;30,4;48,1;
00:01:06,812;59,3;59,3;32,0;68,9;53,4;30,4;48,0;
00:01:06,825;59,4;59,4;32,0;68,9;53,7;30,6;47,9;
00:01:06,837;59,5;59,5;31,9;68,9;53,6;30,6;48,0;
00:01:06,850;59,5;59,5;32,0;68,8;53,7;30,3;48,3;
00:01:06,862;59,5;59,5;32,0;68,8;53,7;30,3;48,3;
00:01:06,875;59,7;59,7;31,9;69,0;53,6;30,6;48,3;
00:01:06,887;59,7;59,7;32,0;69,0;53,3;30,3;48,0;
00:01:06,900;59,7;59,7;32,0;69,3;53,6;30,6;48,0;
00:01:06,912;59,7;59,7;32,0;68,7;53,4;30,3;48,3;
00:01:06,925;59,7;59,7;32,0;68,7;53,4;30,3;48,3;
00:01:06,937;59,5;59,5;32,0;69,2;53,5;30,8;48,2;
00:01:06,950;59,7;59,7;32,0;69,3;54,0;30,6;48,2;
00:01:06,962;59,5;59,5;32,2;69,3;53,7;30,8;48,3;
00:01:06,975;60,0;60,0;32,0;69,5;53,8;30,8;48,2;
00:01:06,987;60,0;60,0;32,0;69,5;53,8;30,8;48,2;
00:01:07,000;59,8;59,8;32,0;69,3;53,6;30,6;47,8;
00:01:07,012;60,0;60,0;32,0;69,2;54,0;30,3;48,3;
00:01:07,025;59,8;59,8;32,0;69,1;53,9;30,7;48,3;
00:01:07,037;59,7;59,7;32,2;69,0;53,7;30,5;48,3;
00:01:07,050;59,7;59,7;32,2;69,0;53,7;30,5;48,3;
00:01:07,062;59,8;59,8;32,0;69,3;53,3;30,7;48,3;
00:01:07,075;59,4;59,4;31,9;69,0;53,4;30,4;47,8;
00:01:07,087;59,7;59,7;32,1;69,0;53,6;30,3;48,3;
00:01:07,100;59,6;59,6;32,1;69,0;53,5;30,3;48,0;
00:01:07,112;59,6;59,6;32,1;69,0;53,5;30,3;48,0;
00:01:07,125;59,6;59,6;32,0;69,1;53,5;30,6;48,2;
00:01:07,137;59,8;59,8;32,1;69,0;53,6;30,6;48,5;
00:01:07,150;59,4;59,4;32,2;69,2;53,6;30,5;48,0;
00:01:07,162;59,6;59,6;32,0;69,4;54,0;30,3;47,8;
00:01:07,175;59,6;59,6;32,0;69,4;54,0;30,3;47,8;
00:01:07,187;59,7;59,7;32,0;69,0;53,8;30,5;48,2;
00:01:07,200;59,6;59,6;32,3;69,3;53,7;30,6;48,3;
00:01:07,212;59,7;59,7;32,0;69,5;53,9;30,7;47,8;
00:01:07,225;59,7;59,7;32,3;69,0;53,6;30,4;48,3;
00:01:07,237;59,7;59,7;32,3;69,0;53,6;30,4;48,3;
00:01:07,250;59,6;59,6;32,0;68,7;53,7;30,3;47,9;
00:01:07,262;59,8;59,8;32,0;68,8;54,0;30,6;48,1;
00:01:07,275;59,4;59,4;32,0;69,3;53,6;30,5;48,0;
00:01:07,287;59,8;59,8;32,0;68,8;53,5;30,3;48,2;
00:01:07,300;59,8;59,8;32,0;68,8;53,5;30,3;48,2;
00:01:07,312;59,6;59,6;32,0;68,9;53,6;30,4;48,2;
00:01:07,325;59,3;59,3;32,0;68,9;53,5;30,7;48,3;
00:01:07,337;59,9;59,9;32,2;69,6;53,5;30,3;48,2;
00:01:07,350;59,8;59,8;31,9;69,3;54,1;30,8;47,9;
00:01:07,362;59,8;59,8;31,9;69,3;54,1;30,8;47,9;
00:01:07,375;59,5;59,5;32,0;69,0;53,4;30,6;48,1;
00:01:07,387;59,9;59,9;32,2;69,5;53,6;30,6;48,2;
00:01:07,400;59,8;59,8;32,1;69,0;53,6;30,6;47,9;
00:01:07,412;60,2;60,2;32,0;68,7;53,4;31,1;48,6;
00:01:07,425;60,2;60,2;32,0;68,7;53,4;31,1;48,6;
00:01:07,437;59,6;59,6;32,7;69,0;54,0;31,1;48,0;
00:01:07,450;59,5;59,5;32,3;69,2;53,7;30,9;48,5;
00:01:07,462;59,8;59,8;32,0;69,3;53,7;30,8;48,5;
00:01:07,475;59,5;59,5;32,0;69,1;53,3;30,8;48,5;
00:01:07,487;59,5;59,5;32,0;69,1;53,3;30,8;48,5;
00:01:07,500;59,8;59,8;32,1;69,2;53,7;41,9;48,3;
00:01:07,512;59,7;59,7;32,4;69,1;53,7;42,0;48,2;
00:01:07,525;59,5;59,5;31,9;69,3;53,7;42,5;48,3;
00:01:07,537;59,8;59,8;32,2;69,0;53,8;42,0;48,1;
00:01:07,550;59,8;59,8;32,2;69,0;53,8;42,0;48,1;
00:01:07,562;59,6;59,6;31,9;69,1;54,0;42,3;48,3;
00:01:07,575;59,7;59,7;32,0;69,1;53,9;33,5;48,3;
00:01:07,587;59,5;59,5;32,1;69,3;53,5;33,4;48,2;
00:01:07,600;59,4;59,4;32,3;69,5;53,9;33,5;48,3;
00:01:07,612;59,4;59,4;32,3;69,5;53,9;33,5;48,3;
00:01:07,625;59,6;59,6;31,9;69,5;53,9;33,4;48,0;
00:01:07,637;59,8;59,8;32,1;68,9;53,5;33,3;48,1;
00:01:07,650;59,9;59,9;32,1;69,3;53,7;33,3;48,2;
00:01:07,662;59,7;59,7;32,3;69,3;53,6;33,4;48,5;
00:01:07,675;59,7;59,7;32,3;69,3;53,6;33,4;48,5;
00:01:07,687;59,9;59,9;32,0;68,8;53,6;54,9;48,0;
00:01:07,700;59,7;59,7;32,0;68,9;53,7;55,1;48,1;
00:01:07,712;59,9;59,9;32,1;68,9;53,4;55,0;48,1;
00:01:07,725;59,9;59,9;32,0;68,8;53,4;55,1;48,0;
00:01:07,737;59,9;59,9;32,0;68,8;53,4;55,1;48,0;
00:01:07,750;59,8;59,8;31,9;69,0;53,8;54,4;48,2;
00:01:07,762;59,3;59,3;32,2;69,0;53,6;54,7;48,0;
00:01:07,775;60,2;60,2;32,3;69,1;53,5;54,7;48,3;
00:01:07,787;60,0;60,0;32,1;69,4;53,5;54,9;48,1;
00:01:07,800;60,0;60,0;32,1;69,4;53,5;54,9;48,1;
00:01:07,812;59,8;59,8;31,9;69,0;53,6;54,5;48,1;
00:01:07,825;59,8;59,8;32,0;68,9;53,7;54,5;47,9;
00:01:07,837;59,7;59,7;31,9;69,4;53,5;54,5;47,9;
00:01:07,850;59,8;59,8;32,0;68,7;53,7;54,8;48,3;
00:01:07,862;59,8;59,8;32,0;68,7;53,7;54,8;48,3;
00:01:07,875;59,7;59,7;31,8;69,1;53,9;55,1;47,9;
00:01:07,887;59,6;59,6;32,1;69,6;53,4;54,8;48,1;
00:01:07,900;59,5;59,5;32,0;68,9;53,3;54,8;48,2;
00:01:07,912;59,7;59,7;31,9;69,0;53,5;54,9;48,1;
00:01:07,925;59,7;59,7;31,9;69,0;53,5;54,9;48,1;
00:01:07,937;59,2;59,2;31,9;69,3;53,4;54,8;48,1;
00:01:07,950;59,5;59,5;32,0;69,1;53,6;54,7;48,2;
00:01:07,962;59,7;59,7;32,2;69,1;53,6;54,9;47,9;
00:01:07,975;59,8;59,8;32,0;68,8;53,5;55,0;48,2;
00:01:07,987;59,8;59,8;32,0;68,8;53,5;55,0;48,2;
00:01:08,000;59,4;59,4;32,1;69,4;53,4;54,9;48,5;
00:01:08,012;59,8;59,8;32,1;69,2;53,6;54,9;48,2;
00:01:08,025;59,7;59,7;32,4;69,3;53,7;54,8;48,1;
00:01:08,037;59,5;59,5;32,0;69,1;53,5;54,8;47,8;
00:01:08,050;59,5;59,5;32,0;69,1;53,5;54,8;47,8;
00:01:08,062;59,5;59,5;31,9;69,1;53,6;54,4;48,5;
00:01:08,075;59,9;59,9;32,1;69,0;53,9;54,5;48,5;
00:01:08,087;59,7;59,7;32,1;69,5;53,7;55,0;48,2;
00:01:08,100;59,9;59,9;32,1;69,0;54,0;54,4;48,3;
00:01:08,112;59,9;59,9;32,1;69,0;54,0;54,4;48,3;
00:01:08,125;59,7;59,7;32,0;69,0;53,7;54,3;48,2;
00:01:08,137;59,5;59,5;32,2;69,1;53,4;54,8;48,1;
00:01:08,150;59,5;59,5;32,0;69,0;53,8;54,8;48,3;
00:01:08,162;59,6;59,6;32,0;68,9;53,2;54,8;48,1;
00:01:08,175;59,6;59,6;32,0;68,9;53,2;54,8;48,1;
00:01:08,187;59,5;59,5;31,9;69,1;53,8;55,0;48,2;
00:01:08,200;59,8;59,8;31,9;68,9;53,8;55,0;47,9;
00:01:08,212;59,4;59,4;32,1;68,6;54,0;55,1;48,3;
00:01:08,225;59,7;59,7;32,0;68,7;53,9;54,5;48,2;
00:01:08,237;59,7;59,7;32,0;68,7;53,9;54,5;48,2;
00:01:08,250;59,8;59,8;31,9;69,1;53,8;54,7;48,5;
00:01:08,262;59,6;59,6;31,9;69,2;53,4;54,8;48,1;
00:01:08,275;59,9;59,9;31,9;68,8;53,7;54,9;48,1;
00:01:08,287;59,5;59,5;31,9;68,8;54,0;54,9;48,2;
00:01:08,300;59,5;59,5;31,9;68,8;54,0;54,9;48,2;
00:01:08,312;59,8;59,8;32,3;69,1;53,7;55,1;48,5;
00:01:08,325;59,7;59,7;31,9;69,3;53,5;55,0;47,9;
00:01:08,337;59,8;59,8;32,0;69,4;53,8;54,8;48,2;
00:01:08,350;59,9;59,9;32,3;69,4;53,9;55,1;48,5;
00:01:08,362;59,9;59,9;32,3;69,4;53,9;55,1;48,5;
00:01:08,375;59,4;59,4;31,9;68,9;53,8;54,6;48,2;
00:01:08,387;59,3;59,3;31,9;69,2;54,0;54,8;48,2;
00:01:08,400;59,6;59,6;32,0;69,1;53,6;55,0;48,1;
00:01:08,412;59,6;59,6;31,9;69,5;53,8;55,1;48,2;
00:01:08,425;59,6;59,6;31,9;69,5;53,8;55,1;48,2;
00:01:08,437;59,7;59,7;32,0;68,9;53,4;54,9;48,0;
00:01:08,450;59,7;59,7;32,0;68,8;53,5;54,8;48,3;
00:01:08,462;59,6;59,6;32,0;69,0;53,7;54,9;48,5;
00:01:08,475;60,0;60,0;32,0;69,2;53,4;54,5;48,0;
00:01:08,487;60,0;60,0;32,0;69,2;53,4;54,5;48,0;
00:01:08,500;59,7;59,7;32,0;69,3;53,5;54,5;48,0;
00:01:08,512;59,5;59,5;32,0;69,1;53,7;54,8;48,2;
00:01:08,525;59,5;59,5;32,0;69,1;53,7;55,0;48,0;
00:01:08,537;59,7;59,7;32,0;69,5;53,7;54,8;48,0;
00:01:08,550;59,7;59,7;32,0;69,5;53,7;54,8;48,0;
00:01:08,562;59,5;59,5;31,8;69,4;53,9;59,5;48,0;
00:01:08,575;59,9;59,9;32,1;69,2;53,3;59,9;47,9;
00:01:08,587;59,5;59,5;31,9;69,2;53,4;59,5;48,1;
00:01:08,600;59,6;59,6;31,8;69,0;53,3;59,6;48,1;
00:01:08,612;59,6;59,6;31,8;69,0;53,3;59,6;48,1;
00:01:08,625;59,6;59,6;32,0;69,4;53,9;59,6;48,1;
00:01:08,637;59,5;59,5;32,0;68,9;53,4;59,5;48,1;
00:01:08,650;59,4;59,4;31,8;69,0;53,7;59,4;48,3;
00:01:08,662;59,9;59,9;31,9;69,5;53,4;59,9;48,1;
00:01:08,675;59,9;59,9;31,9;69,5;53,4;59,9;48,1;
00:01:08,687;59,4;59,4;31,7;68,8;53,8;59,4;47,9;
00:01:08,700;59,4;59,4;31,9;69,0;53,8;59,4;48,3;
00:01:08,712;59,5;59,5;31,9;69,0;53,7;59,5;47,7;
00:01:08,725;59,8;59,8;31,9;69,1;53,5;59,8;48,2;
00:01:08,737;59,8;59,8;31,9;69,1;53,5;59,8;48,2;
00:01:08,750;59,5;59,5;32,1;69,2;53,5;59,5;48,2;
00:01:08,762;59,4;59,4;31,8;69,1;53,5;59,4;48,0;
00:01:08,775;59,8;59,8;32,1;69,5;53,8;59,8;47,8;
00:01:08,787;59,7;59,7;32,3;68,8;53,8;59,7;48,0;
00:01:08,800;59,7;59,7;32,3;68,8;53,8;59,7;48,0;
00:01:08,812;59,4;59,4;31,7;68,9;53,7;59,4;48,2;
00:01:08,825;59,5;59,5;32,0;68,8;53,6;59,5;47,9;
00:01:08,837;59,7;59,7;31,8;69,0;53,5;59,7;48,2;
00:01:08,850;59,7;59,7;31,8;69,4;53,5;59,7;48,2;
00:01:08,862;59,7;59,7;31,8;69,4;53,5;59,7;48,2;
00:01:08,875;59,3;59,3;31,9;69,3;53,6;59,3;48,1;
00:01:08,887;59,5;59,5;31,9;69,0;53,4;59,5;48,0;
00:01:08,900;59,8;59,8;31,9;69,2;53,9;59,8;48,3;
00:01:08,912;59,4;59,4;31,7;69,0;53,7;59,4;48,2;
00:01:08,925;59,4;59,4;31,7;69,0;53,7;59,4;48,2;
00:01:08,937;59,4;59,4;31,8;69,1;53,6;59,4;47,9;
00:01:08,950;59,3;59,3;31,8;68,8;53,1;59,3;48,0;
00:01:08,962;59,5;59,5;31,9;69,0;53,3;59,5;48,1;
00:01:08,975;59,4;59,4;31,7;69,1;53,7;59,4;47,9;
00:01:08,987;59,4;59,4;31,7;69,1;53,7;59,4;47,9;
00:01:09,000;59,6;59,6;31,7;69,1;53,4;59,6;48,2;
00:01:09,012;59,6;59,6;31,9;68,9;53,4;59,6;47,9;
00:01:09,025;59,3;59,3;31,8;68,9;53,7;59,3;48,2;
00:01:09,037;59,4;59,4;31,7;68,9;53,6;59,4;47,8;
00:01:09,050;59,4;59,4;31,7;68,9;53,6;59,4;47,8;
00:01:09,062;59,2;59,2;31,9;68,8;53,7;59,2;47,9;
00:01:09,075;59,2;59,2;32,0;69,0;53,3;59,2;48,3;
00:01:09,087;59,3;59,3;31,6;69,4;53,6;59,3;47,8;
00:01:09,100;59,5;59,5;31,6;69,5;53,4;59,5;48,2;
00:01:09,112;59,5;59,5;31,6;69,5;53,4;59,5;48,2;
00:01:09,125;59,6;59,6;31,8;68,8;53,4;59,6;47,9;
00:01:09,137;59,5;59,5;31,9;69,1;53,4;59,5;48,0;
00:01:09,150;59,7;59,7;31,7;68,9;53,7;59,7;47,8;
00:01:09,162;59,7;59,7;31,8;68,8;53,3;59,7;48,3;
00:01:09,175;59,7;59,7;31,8;68,8;53,3;59,7;48,3;
00:01:09,187;59,7;59,7;31,9;69,1;53,8;59,7;48,5;
00:01:09,200;60,0;60,0;31,9;69,0;53,8;60,0;48,0;
00:01:09,212;59,8;59,8;32,1;69,3;53,6;59,8;48,2;
00:01:09,225;59,8;59,8;31,9;69,2;53,7;59,8;48,3;
00:01:09,237;59,8;59,8;31,9;69,2;53,7;59,8;48,3;
00:01:09,250;59,9;59,9;32,0;69,4;54,0;59,9;48,6;
00:01:09,262;59,8;59,8;32,1;69,2;54,0;59,8;48,6;
00:01:09,275;60,0;60,0;32,0;69,6;53,8;60,0;48,3;
00:01:09,287;59,7;59,7;32,1;69,6;54,2;59,7;48,6;
00:01:09,300;59,7;59,7;32,1;69,6;54,2;59,7;48,6;
00:01:09,312;60,0;60,0;32,1;69,9;53,9;60,0;48,4;
00:01:09,325;59,8;59,8;32,3;69,5;54,0;59,8;48,3;
00:01:09,337;60,3;60,3;32,4;69,6;53,9;60,3;48,3;
00:01:09,350;59,7;59,7;32,2;69,5;53,8;59,7;48,6;
00:01:09,362;59,7;59,7;32,2;69,5;53,8;59,7;48,6;
00:01:09,375;60,2;60,2;32,3;69,5;53,8;60,2;48,6;
00:01:09,387;60,2;60,2;32,2;69,3;53,6;60,2;48,7;
00:01:09,400;60,1;60,1;32,0;69,5;54,0;60,1;48,5;
00:01:09,412;59,9;59,9;32,2;69,3;53,6;59,9;48,2;
00:01:09,425;59,9;59,9;32,2;69,3;53,6;59,9;48,2;
00:01:09,437;59,8;59,8;32,0;69,1;53,9;59,8;48,6;
00:01:09,450;60,0;60,0;32,3;69,5;54,1;60,0;48,5;
00:01:09,462;60,0;60,0;32,2;69,6;54,0;60,0;48,5;
00:01:09,475;60,0;60,0;32,2;69,1;53,7;60,0;48,3;
00:01:09,487;60,0;60,0;32,2;69,1;53,7;60,0;48,3;
00:01:09,500;59,6;59,6;32,1;69,4;53,8;59,6;48,3;
00:01:09,512;60,0;60,0;32,3;69,4;54,1;60,0;47,9;
00:01:09,525;60,2;60,2;32,0;69,0;53,6;60,2;48,1;
00:01:09,537;59,8;59,8;32,1;69,5;54,0;59,8;48,5;
00:01:09,550;59,8;59,8;32,1;69,5;54,0;59,8;48,5;
00:01:09,562;59,8;59,8;31,9;69,2;53,8;59,8;48,6;
00:01:09,575;60,1;60,1;32,2;69,2;54,1;60,1;48,3;
00:01:09,587;59,8;59,8;32,3;69,4;54,0;59,8;48,2;
00:01:09,600;60,0;60,0;32,1;69,4;53,6;60,0;48,8;
00:01:09,612;60,0;60,0;32,1;69,4;53,6;60,0;48,8;
00:01:09,625;59,9;59,9;32,3;69,1;53,6;59,9;48,5;
00:01:09,637;59,9;59,9;32,2;69,1;53,8;59,9;48,5;
00:01:09,650;59,5;59,5;32,2;69,4;53,9;59,5;48,7;
00:01:09,662;59,5;59,5;32,0;69,0;53,8;59,5;48,5;
00:01:09,675;59,5;59,5;32,0;69,0;53,8;59,5;48,5;
00:01:09,687;59,8;59,8;32,3;69,5;54,1;59,8;48,3;
00:01:09,700;59,8;59,8;32,3;69,3;53,9;59,8;48,1;
00:01:09,712;59,7;59,7;32,1;69,3;54,0;59,7;48,3;
00:01:09,725;59,7;59,7;32,2;69,4;53,9;59,7;48,0;
00:01:09,737;59,7;59,7;32,2;69,4;53,9;59,7;48,0;
00:01:09,750;60,2;60,2;32,0;69,4;53,8;60,2;48,5;
00:01:09,762;60,1;60,1;32,3;69,4;53,9;60,1;48,2;
00:01:09,775;59,7;59,7;32,1;69,3;53,7;59,7;48,3;
00:01:09,787;59,8;59,8;32,4;69,5;53,7;59,8;48,2;
00:01:09,800;59,8;59,8;32,4;69,5;53,7;59,8;48,2;
00:01:09,812;59,9;59,9;32,0;69,5;53,8;59,9;48,5;
00:01:09,825;60,0;60,0;32,2;69,5;54,0;60,0;48,9;
00:01:09,837;59,8;59,8;32,1;69,5;54,0;59,8;48,6;
00:01:09,850;59,6;59,6;32,3;69,3;53,9;59,6;48,6;
00:01:09,862;59,6;59,6;32,3;69,3;53,9;59,6;48,6;
00:01:09,875;59,8;59,8;32,0;69,6;54,0;59,8;48,8;
00:01:09,887;60,1;60,1;32,4;69,4;54,0;60,1;48,2;
00:01:09,900;60,0;60,0;32,2;69,2;53,8;60,0;48,3;
00:01:09,912;59,9;59,9;32,3;69,2;53,8;59,9;48,5;
00:01:09,925;59,9;59,9;32,3;69,2;53,8;59,9;48,5;
00:01:09,937;59,5;59,5;32,2;69,3;53,7;59,5;48,3;
00:01:09,950;59,7;59,7;32,1;69,6;54,1;59,7;48,5;
00:01:09,962;59,8;59,8;32,2;69,4;53,9;59,8;48,5;
00:01:09,975;60,0;60,0;32,1;69,4;54,0;60,0;48,6;
00:01:09,987;60,0;60,0;32,1;69,4;54,0;60,0;48,6;
00:01:10,000;60,0;60,0;32,3;69,0;53,6;60,0;48,2;
00:01:10,012;59,7;59,7;32,5;69,4;53,7;59,7;48,8;
00:01:10,025;60,1;60,1;32,0;69,9;53,9;60,1;48,2;
00:01:10,037;60,0;60,0;32,2;69,5;53,6;60,0;48,4;
00:01:10,050;60,0;60,0;32,2;69,5;53,6;60,0;48,4;
00:01:10,062;59,8;59,8;32,3;69,4;53,6;59,8;48,9;
00:01:10,075;60,1;60,1;32,1;69,4;53,8;60,1;48,4;
00:01:10,087;59,9;59,9;32,0;69,3;54,0;59,9;48,8;
00:01:10,100;59,9;59,9;32,0;69,3;54,0;59,9;48,5;
00:01:10,112;59,9;59,9;32,0;69,3;54,0;59,9;48,5;
00:01:10,125;60,2;60,2;32,2;69,6;53,6;60,2;48,4;
00:01:10,137;60,0;60,0;32,0;69,5;53,8;60,0;48,8;
00:01:10,150;60,0;60,0;32,1;69,7;53,8;60,0;48,2;
00:01:10,162;60,0;60,0;32,2;69,1;54,1;60,0;48,3;
00:01:10,175;60,0;60,0;32,2;69,1;54,1;60,0;48,3;
00:01:10,187;59,8;59,8;32,0;69,3;54,0;59,8;48,7;
00:01:10,200;60,0;60,0;32,2;69,1;54,0;60,0;48,5;
00:01:10,212;59,8;59,8;32,1;69,4;53,9;59,8;48,5;
00:01:10,225;60,0;60,0;32,1;69,3;53,9;60,0;48,6;
00:01:10,237;60,0;60,0;32,1;69,3;53,9;60,0;48,6;
00:01:10,250;60,2;60,2;32,4;69,6;54,1;60,2;48,3;
00:01:10,262;60,2;60,2;32,2;69,3;54,1;60,2;48,6;
00:01:10,275;60,1;60,1;32,3;69,2;54,2;60,1;48,0;
00:01:10,287;60,2;60,2;32,4;69,6;53,9;60,2;48,9;
00:01:10,300;60,2;60,2;32,4;69,6;53,9;60,2;48,9;
00:01:10,312;59,8;59,8;32,1;69,5;54,1;59,8;48,0;
00:01:10,325;59,4;59,4;32,3;69,3;53,8;59,4;48,5;
00:01:10,337;60,0;60,0;32,3;69,7;53,6;60,0;48,8;
00:01:10,350;59,8;59,8;32,0;69,1;54,0;59,8;48,3;
00:01:10,362;59,8;59,8;32,0;69,1;54,0;59,8;48,3;
00:01:10,375;59,8;59,8;32,1;69,7;54,1;59,8;48,2;
00:01:10,387;59,8;59,8;32,3;69,3;53,8;59,8;48,9;
00:01:10,400;59,5;59,5;32,0;69,6;54,0;59,5;48,8;
00:01:10,412;60,1;60,1;32,2;69,4;53,9;60,1;48,3;
00:01:10,425;60,1;60,1;32,2;69,4;53,9;60,1;48,3;
00:01:10,437;60,1;60,1;32,3;69,7;53,9;60,1;48,5;
00:01:10,450;60,0;60,0;32,3;69,2;54,0;60,0;48,6;
00:01:10,462;60,0;60,0;32,2;69,7;54,1;60,0;48,6;
00:01:10,475;60,0;60,0;32,4;69,6;53,9;60,0;48,5;
00:01:10,487;60,0;60,0;32,4;69,6;53,9;60,0;48,5;
00:01:10,500;60,1;60,1;32,4;69,4;53,8;60,1;48,6;
00:01:10,512;60,0;60,0;32,3;69,4;54,3;60,0;48,2;
00:01:10,525;60,3;60,3;32,0;69,5;53,9;60,3;48,9;
00:01:10,537;59,8;59,8;32,2;69,3;53,8;59,8;48,6;
00:01:10,550;59,8;59,8;32,2;69,3;53,8;59,8;48,6;
00:01:10,562;59,9;59,9;32,4;69,4;53,5;59,9;48,6;
00:01:10,575;60,0;60,0;32,1;69,4;53,9;60,0;48,2;
00:01:10,587;59,8;59,8;32,3;69,7;54,0;59,8;48,3;
00:01:10,600;59,6;59,6;32,1;69,3;54,0;59,6;48,3;
00:01:10,612;59,6;59,6;32,1;69,3;54,0;59,6;48,3;
00:01:10,625;60,0;60,0;32,0;69,5;53,9;60,0;48,5;
00:01:10,637;60,0;60,0;32,0;69,5;53,8;60,0;48,3;
00:01:10,650;59,7;59,7;32,1;69,2;54,0;59,7;48,5;
00:01:10,662;60,1;60,1;32,4;69,3;53,9;60,1;48,5;
00:01:10,675;60,1;60,1;32,4;69,3;53,9;60,1;48,5;
00:01:10,687;60,3;60,3;32,2;69,4;54,0;60,3;48,9;
00:01:10,700;60,0;60,0;32,5;69,5;54,0;60,0;48,6;
00:01:10,712;60,0;60,0;32,4;69,5;53,8;60,0;48,5;
00:01:10,725;60,2;60,2;32,2;69,4;53,7;60,2;48,6;
00:01:10,737;60,2;60,2;32,2;69,4;53,7;60,2;48,6;
00:01:10,750;60,1;60,1;32,3;69,5;53,9;60,1;48,3;
00:01:10,762;60,2;60,2;32,2;69,2;54,1;60,2;48,6;
00:01:10,775;59,8;59,8;32,2;69,4;53,7;59,8;48,6;
00:01:10,787;60,0;60,0;32,0;69,5;53,6;60,0;48,4;
00:01:10,800;60,0;60,0;32,0;69,5;53,6;60,0;48,4;
00:01:10,812;60,1;60,1;32,2;69,4;54,2;60,1;48,6;
00:01:10,825;60,2;60,2;32,1;69,6;53,9;60,2;48,6;
00:01:10,837;60,1;60,1;32,3;69,6;54,1;60,1;48,3;
00:01:10,850;60,0;60,0;32,5;69,2;53,9;60,0;48,5;
00:01:10,862;60,0;60,0;32,5;69,2;53,9;60,0;48,5;
00:01:10,875;60,1;60,1;32,1;69,3;53,9;60,1;48,5;
00:01:10,887;59,8;59,8;32,0;69,3;53,6;59,8;48,4;
00:01:10,900;59,9;59,9;32,1;69,4;53,8;59,9;48,6;
00:01:10,912;59,8;59,8;32,3;69,4;53,9;59,8;48,5;
00:01:10,925;59,8;59,8;32,3;69,4;53,9;59,8;48,5;
00:01:10,937;59,9;59,9;32,5;69,4;54,1;59,9;48,6;
00:01:10,950;60,2;60,2;32,0;69,5;54,0;60,2;48,6;
00:01:10,962;59,5;59,5;31,9;69,5;53,8;59,5;48,5;
00:01:10,975;59,7;59,7;32,1;69,3;54,1;59,7;48,5;
00:01:10,987;59,7;59,7;32,1;69,3;54,1;59,7;48,5;
00:01:11,000;60,3;60,3;31,9;69,5;53,8;60,3;48,2;
00:01:11,012;60,0;60,0;32,1;69,4;53,9;60,0;48,5;
00:01:11,025;59,8;59,8;32,2;69,4;54,0;59,8;48,7;
00:01:11,037;60,1;60,1;32,3;69,5;54,1;60,1;48,8;
00:01:11,050;60,1;60,1;32,3;69,5;54,1;60,1;48,8;
00:01:11,062;60,0;60,0;32,4;69,4;54,0;60,0;48,8;
00:01:11,075;59,7;59,7;32,1;69,7;53,7;59,7;48,5;
00:01:11,087;59,7;59,7;32,0;69,9;53,8;59,7;48,5;
00:01:11,100;60,2;60,2;32,3;69,4;53,6;60,2;48,3;
00:01:11,112;60,2;60,2;32,3;69,4;53,6;60,2;48,3;
00:01:11,125;59,7;59,7;32,1;69,4;53,9;59,7;48,5;
00:01:11,137;59,5;59,5;32,0;69,1;53,8;59,5;48,3;
00:01:11,150;59,7;59,7;32,0;69,4;53,9;59,7;48,1;
00:01:11,162;60,2;60,2;32,0;69,4;53,6;60,2;48,7;
00:01:11,175;60,2;60,2;32,0;69,4;53,6;60,2;48,7;
00:01:11,187;60,0;60,0;32,3;69,5;54,0;60,0;48,7;
00:01:11,200;59,7;59,7;32,3;69,4;53,9;59,7;48,5;
00:01:11,212;59,7;59,7;32,2;69,4;53,6;59,7;48,6;
00:01:11,225;59,6;59,6;32,2;69,5;53,9;59,6;48,8;
00:01:11,237;59,6;59,6;32,2;69,5;53,9;59,6;48,8;
00:01:11,250;59,8;59,8;32,0;69,4;53,6;59,8;48,6;
00:01:11,262;59,5;59,5;32,3;69,2;53,8;59,5;48,5;
00:01:11,275;59,8;59,8;32,0;69,7;53,9;59,8;48,3;
00:01:11,287;60,0;60,0;32,0;69,5;53,8;60,0;48,3;
00:01:11,300;60,0;60,0;32,0;69,5;53,8;60,0;48,3;
00:01:11,312;60,3;60,3;32,0;69,5;54,0;60,3;48,1;
00:01:11,325;60,0;60,0;32,1;69,6;53,9;60,0;48,5;
00:01:11,337;60,1;60,1;32,1;69,4;53,9;60,1;48,5;
00:01:11,350;60,1;60,1;32,1;69,1;54,0;60,1;48,5;
00:01:11,362;60,1;60,1;32,1;69,1;54,0;60,1;48,5;
00:01:11,375;60,1;60,1;32,0;69,3;53,7;60,1;48,5;
00:01:11,387;60,1;60,1;32,0;69,1;53,5;60,1;48,2;
00:01:11,400;60,1;60,1;31,9;69,4;53,6;60,1;48,5;
00:01:11,412;59,8;59,8;32,1;69,4;53,5;59,8;48,5;
00:01:11,425;59,8;59,8;32,1;69,4;53,5;59,8;48,5;
00:01:11,437;59,9;59,9;32,0;69,1;53,9;59,9;48,2;
00:01:11,450;60,1;60,1;32,0;69,2;54,0;60,1;48,5;
00:01:11,462;60,0;60,0;32,0;69,5;53,8;60,0;48,7;
00:01:11,475;59,6;59,6;31,9;69,3;53,6;59,6;48,2;
00:01:11,487;59,6;59,6;31,9;69,3;53,6;59,6;48,2;
00:01:11,500;59,8;59,8;32,1;69,5;53,9;59,8;48,3;
00:01:11,512;59,8;59,8;32,3;69,5;54,0;59,8;48,4;
00:01:11,525;60,0;60,0;32,1;69,4;53,7;60,0;48,3;
00:01:11,537;60,2;60,2;32,1;69,5;54,0;60,2;48,4;
00:01:11,550;60,2;60,2;32,1;69,5;54,0;60,2;48,4;
00:01:11,562;60,0;60,0;32,0;69,5;54,1;60,0;48,6;
00:01:11,575;59,8;59,8;32,0;69,1;53,9;59,8;48,5;
00:01:11,587;59,5;59,5;31,9;69,3;53,8;59,5;48,2;
00:01:11,600;59,8;59,8;31,9;69,5;53,8;59,8;48,5;
00:01:11,612;59,8;59,8;31,9;69,5;53,8;59,8;48,5;
00:01:11,625;59,7;59,7;31,9;69,3;53,8;59,7;48,3;
00:01:11,637;60,1;60,1;32,2;69,2;53,7;60,1;48,5;
00:01:11,650;59,5;59,5;31,9;69,6;53,8;59,5;48,5;
00:01:11,662;60,0;60,0;32,0;69,6;54,1;60,0;48,2;
00:01:11,675;60,0;60,0;32,0;69,6;54,1;60,0;48,2;
00:01:11,687;60,0;60,0;32,0;69,1;53,9;60,0;48,5;
00:01:11,700;59,8;59,8;32,0;69,7;53,8;59,8;48,9;
00:01:11,712;60,4;60,4;32,0;69,1;54,0;60,4;48,3;
00:01:11,725;59,7;59,7;32,0;69,4;53,8;59,7;48,3;
00:01:11,737;59,7;59,7;32,0;69,4;53,8;59,7;48,3;
00:01:11,750;59,8;59,8;32,0;69,6;53,7;59,8;48,4;
00:01:11,762;60,2;60,2;32,1;69,4;54,1;60,2;48,6;
00:01:11,775;60,0;60,0;31,9;69,3;53,9;60,0;48,3;
00:01:11,787;60,1;60,1;32,0;69,3;53,9;60,1;48,8;
00:01:11,800;60,1;60,1;32,0;69,3;53,9;60,1;48,8;
00:01:11,812;59,7;59,7;32,0;69,7;53,8;59,7;48,6;
00:01:11,825;60,0;60,0;31,9;69,3;53,9;60,0;48,5;
00:01:11,837;60,1;60,1;31,9;69,1;53,8;60,1;48,5;
00:01:11,850;60,1;60,1;32,2;69,5;54,0;60,1;48,8;
00:01:11,862;60,1;60,1;32,2;69,5;54,0;60,1;48,8;
00:01:11,875;60,2;60,2;32,0;69,3;53,6;60,2;48,1;
00:01:11,887;60,3;60,3;32,1;69,1;53,8;60,3;48,5;
00:01:11,900;59,8;59,8;32,1;69,2;53,8;59,8;48,5;
00:01:11,912;60,0;60,0;32,0;69,5;53,9;60,0;48,5;
00:01:11,925;60,0;60,0;32,0;69,5;53,9;60,0;48,5;
00:01:11,937;60,2;60,2;32,4;69,5;53,9;60,2;48,5;
00:01:11,950;60,1;60,1;32,0;69,3;53,9;60,1;48,3;
00:01:11,962;60,0;60,0;32,3;69,3;54,0;60,0;48,7;
00:01:11,975;59,6;59,6;32,1;69,4;53,8;59,6;48,6;
00:01:11,987;59,6;59,6;32,1;69,4;53,8;59,6;48,6;
00:01:12,000;59,8;59,8;32,0;69,2;53,6;59,8;48,6;
00:01:12,012;59,8;59,8;31,9;69,3;53,8;59,8;48,6;
00:01:12,025;59,9;59,9;32,0;69,4;53,9;59,9;48,2;
00:01:12,037;60,0;60,0;31,9;69,6;53,6;60,0;48,5;
00:01:12,050;60,0;60,0;31,9;69,6;53,6;60,0;48,5;
00:01:12,062;60,0;60,0;32,1;69,3;53,8;60,0;48,3;
00:01:12,075;59,9;59,9;31,9;69,0;53,8;59,9;48,6;
00:01:12,087;59,8;59,8;32,0;69,4;54,1;59,8;48,3;
00:01:12,100;59,9;59,9;32,2;69,4;53,8;59,9;48,5;
00:01:12,112;59,9;59,9;32,2;69,4;53,8;59,9;48,5;
00:01:12,125;59,6;59,6;31,9;69,2;53,6;59,6;48,4;
00:01:12,137;59,8;59,8;32,1;69,4;54,0;59,8;48,8;
00:01:12,150;60,2;60,2;32,0;69,3;53,8;60,2;48,4;
00:01:12,162;59,9;59,9;32,0;69,3;53,8;59,9;48,3;
00:01:12,175;59,9;59,9;32,0;69,3;53,8;59,9;48,3;
00:01:12,187;59,7;59,7;31,9;69,5;53,6;59,7;48,2;
00:01:12,200;59,7;59,7;32,0;69,4;54,0;59,7;48,5;
00:01:12,212;60,1;60,1;32,0;69,6;53,8;60,1;48,3;
00:01:12,225;60,0;60,0;32,0;69,8;53,5;60,0;48,5;
00:01:12,237;60,0;60,0;32,0;69,8;53,5;60,0;48,5;
00:01:12,250;60,1;60,1;32,0;69,1;54,0;60,1;48,5;
00:01:12,262;59,8;59,8;31,9;69,3;53,6;59,8;48,2;
00:01:12,275;60,1;60,1;31,9;69,4;54,1;60,1;48,2;
00:01:12,287;60,2;60,2;32,0;69,2;53,6;60,2;48,6;
00:01:12,300;60,2;60,2;32,0;69,2;53,6;60,2;48,6;
00:01:12,312;60,0;60,0;32,0;69,4;54,3;60,0;48,5;
00:01:12,325;60,0;60,0;31,9;69,4;53,8;60,0;48,1;
00:01:12,337;60,0;60,0;32,1;69,0;54,0;60,0;48,9;
00:01:12,350;60,0;60,0;32,2;69,3;54,1;60,0;48,8;
00:01:12,362;60,0;60,0;32,2;69,3;54,1;60,0;48,8;
00:01:12,375;59,7;59,7;32,0;69,5;54,2;59,7;48,5;
00:01:12,387;59,8;59,8;32,1;69,4;54,1;59,8;48,7;
00:01:12,400;60,0;60,0;32,0;69,6;53,9;60,0;48,3;
00:01:12,412;60,0;60,0;32,0;69,3;54,0;60,0;48,9;
00:01:12,425;60,0;60,0;32,0;69,3;54,0;60,0;48,9;
00:01:12,437;60,1;60,1;32,0;69,6;53,9;60,1;48,8;
00:01:12,450;59,9;59,9;31,9;69,3;54,0;59,9;48,2;
00:01:12,462;60,0;60,0;32,2;69,5;54,0;60,0;48,3;
00:01:12,475;60,1;60,1;32,4;69,6;54,0;60,1;48,2;
00:01:12,487;60,1;60,1;32,4;69,6;54,0;60,1;48,2;
00:01:12,500;60,0;60,0;32,0;69,4;53,8;60,0;48,5;
00:01:12,512;59,9;59,9;32,0;69,4;53,9;59,9;48,5;
00:01:12,525;60,3;60,3;32,1;69,9;54,0;60,3;48,6;
00:01:12,537;60,1;60,1;32,1;69,5;53,8;60,1;48,5;
00:01:12,550;60,1;60,1;32,1;69,5;53,8;60,1;48,5;
00:01:12,562;60,0;60,0;31,9;69,5;53,9;60,0;48,3;
00:01:12,575;60,0;60,0;32,2;69,4;53,7;60,0;48,3;
00:01:12,587;60,0;60,0;32,0;69,4;53,8;60,0;48,5;
00:01:12,600;59,9;59,9;32,1;69,6;54,0;59,9;48,8;
00:01:12,612;59,9;59,9;32,1;69,6;54,0;59,9;48,8;
00:01:12,625;59,8;59,8;32,0;69,5;53,7;59,8;48,3;
00:01:12,637;59,7;59,7;32,0;69,2;53,9;59,7;48,2;
00:01:12,650;60,0;60,0;32,1;69,4;53,7;60,0;48,7;
00:01:12,662;60,0;60,0;32,0;69,3;53,6;60,0;48,5;
00:01:12,675;60,0;60,0;32,0;69,3;53,6;60,0;48,5;
00:01:12,687;59,8;59,8;32,1;69,5;53,9;59,8;48,5;
00:01:12,700;60,0;60,0;32,2;69,4;53,6;60,0;48,5;
00:01:12,712;60,2;60,2;32,0;69,5;53,5;60,2;48,6;
00:01:12,725;59,9;59,9;32,0;69,8;53,8;59,9;48,4;
00:01:12,737;59,9;59,9;32,0;69,8;53,8;59,9;48,4;
00:01:12,750;60,1;60,1;31,9;69,5;53,9;60,1;48,8;
00:01:12,762;59,8;59,8;31,9;69,4;53,9;59,8;48,7;
00:01:12,775;60,1;60,1;32,0;69,5;53,6;60,1;48,3;
00:01:12,787;60,1;60,1;32,1;69,2;54,1;60,1;48,3;
00:01:12,800;60,1;60,1;32,1;69,2;54,1;60,1;48,3;
00:01:12,812;59,8;59,8;31,9;69,3;53,9;59,8;48,3;
00:01:12,825;59,8;59,8;32,0;69,4;53,9;59,8;48,3;
00:01:12,837;60,0;60,0;32,1;69,6;53,9;60,0;48,2;
00:01:12,850;60,1;60,1;32,0;69,3;54,0;60,1;48,6;
00:01:12,862;60,1;60,1;32,0;69,3;54,0;60,1;48,6;
00:01:12,875;60,1;60,1;32,0;69,4;53,8;60,1;48,3;
00:01:12,887;59,8;59,8;31,9;69,1;54,0;59,8;48,6;
00:01:12,900;60,1;60,1;32,1;69,6;53,8;60,1;48,3;
00:01:12,912;60,3;60,3;32,0;69,6;54,1;60,3;48,3;
00:01:12,925;60,3;60,3;32,0;69,6;54,1;60,3;48,3;
00:01:12,937;60,0;60,0;32,0;69,9;53,8;60,0;48,7;
00:01:12,950;60,1;60,1;32,0;69,3;54,0;60,1;48,5;
00:01:12,962;59,9;59,9;31,9;69,5;53,8;59,9;48,2;
00:01:12,975;60,2;60,2;32,0;69,7;53,7;60,2;48,3;
00:01:12,987;60,2;60,2;32,0;69,7;53,7;60,2;48,3;
00:01:13,000;59,8;59,8;32,3;69,5;54,1;59,8;48,5;
00:01:13,012;60,1;60,1;31,9;69,3;53,6;60,1;48,7;
00:01:13,025;60,0;60,0;32,0;69,3;53,7;60,0;48,3;
00:01:13,037;60,0;60,0;32,0;69,4;53,9;60,0;48,5;
00:01:13,050;60,0;60,0;32,0;69,4;53,9;60,0;48,5;
00:01:13,062;59,8;59,8;31,9;69,1;53,7;59,8;48,1;
00:01:13,075;59,8;59,8;32,0;69,4;53,7;59,8;48,1;
00:01:13,087;59,9;59,9;32,0;69,5;53,9;59,9;48,6;
00:01:13,100;59,7;59,7;32,0;69,5;53,6;59,7;48,3;
00:01:13,112;59,7;59,7;32,0;69,5;53,6;59,7;48,3;
00:01:13,125;60,2;60,2;32,1;69,3;53,9;60,2;48,5;
00:01:13,137;59,6;59,6;32,0;69,1;53,8;59,6;48,0;
00:01:13,150;60,1;60,1;32,0;69,4;53,8;60,1;48,7;
00:01:13,162;59,8;59,8;32,0;69,6;53,9;59,8;48,4;
00:01:13,175;59,8;59,8;32,0;69,6;53,9;59,8;48,4;
00:01:13,187;60,0;60,0;32,0;69,1;53,8;60,0;48,6;
00:01:13,200;60,0;60,0;31,9;69,5;53,5;60,0;48,7;
00:01:13,212;60,0;60,0;32,0;69,3;53,7;60,0;48,6;
00:01:13,225;60,2;60,2;32,0;69,4;54,0;60,2;48,6;
00:01:13,237;60,2;60,2;32,0;69,4;54,0;60,2;48,6;
00:01:13,250;60,4;60,4;32,0;69,3;53,9;60,4;48,2;
00:01:13,262;60,0;60,0;31,9;69,6;53,9;60,0;48,6;
00:01:13,275;60,0;60,0;31,9;69,7;53,8;60,0;48,2;
00:01:13,287;60,0;60,0;32,0;69,5;53,9;60,0;48,5;
00:01:13,300;60,0;60,0;32,0;69,5;53,9;60,0;48,5;
00:01:13,312;59,8;59,8;32,2;69,3;53,8;59,8;48,4;
00:01:13,325;59,8;59,8;31,7;69,2;53,8;59,8;48,2;
00:01:13,337;60,3;60,3;32,2;69,9;54,1;60,3;48,3;
00:01:13,350;60,1;60,1;32,2;69,4;53,8;60,1;48,6;
00:01:13,362;60,1;60,1;32,2;69,4;53,8;60,1;48,6;
00:01:13,375;60,0;60,0;32,3;69,3;53,8;60,0;48,3;
00:01:13,387;59,9;59,9;31,9;69,2;53,8;59,9;48,6;
00:01:13,400;60,1;60,1;31,9;69,4;53,6;60,1;48,3;
00:01:13,412;59,7;59,7;32,0;69,6;53,8;59,7;48,2;
00:01:13,425;59,7;59,7;32,0;69,6;53,8;59,7;48,2;
00:01:13,437;59,9;59,9;32,0;69,2;54,2;59,9;48,8;
00:01:13,450;60,1;60,1;31,9;69,1;53,9;60,1;48,6;
00:01:13,462;59,7;59,7;32,0;69,5;53,9;59,7;48,3;
00:01:13,475;60,1;60,1;31,9;69,5;53,6;60,1;48,3;
00:01:13,487;60,1;60,1;31,9;69,5;53,6;60,1;48,3;
00:01:13,500;59,5;59,5;32,0;69,2;53,6;59,5;48,2;
00:01:13,512;59,7;59,7;31,9;69,3;53,8;59,7;48,5;
00:01:13,525;59,7;59,7;31,8;69,6;53,8;59,7;48,5;
00:01:13,537;60,1;60,1;31,9;69,5;54,0;60,1;48,5;
00:01:13,550;60,1;60,1;31,9;69,5;54,0;60,1;48,5;
00:01:13,562;60,0;60,0;31,9;69,4;53,9;60,0;48,3;
00:01:13,575;59,7;59,7;31,9;69,4;53,6;59,7;48,5;
00:01:13,587;60,0;60,0;32,1;69,6;53,9;60,0;48,5;
00:01:13,600;60,3;60,3;32,0;69,6;53,7;60,3;48,2;
00:01:13,612;60,3;60,3;32,0;69,6;53,7;60,3;48,2;
00:01:13,625;60,0;60,0;32,0;69,6;54,1;60,0;48,6;
00:01:13,637;59,9;59,9;31,9;69,4;53,5;59,9;48,3;
00:01:13,650;60,0;60,0;31,9;69,4;53,9;60,0;48,3;
00:01:13,662;59,8;59,8;31,9;69,3;53,7;59,8;48,3;
00:01:13,675;59,8;59,8;31,9;69,3;53,7;59,8;48,3;
00:01:13,687;60,0;60,0;31,9;69,3;53,9;60,0;48,6;
00:01:13,700;59,9;59,9;31,9;69,4;53,6;59,9;48,5;
00:01:13,712;60,1;60,1;32,2;69,4;53,8;60,1;48,1;
00:01:13,725;59,9;59,9;31,9;69,3;53,8;59,9;48,4;
00:01:13,737;59,9;59,9;31,9;69,3;53,8;59,9;48,4;
00:01:13,750;60,3;60,3;31,8;69,4;53,8;60,3;48,3;
00:01:13,762;60,1;60,1;31,9;69,3;53,6;60,1;48,5;
00:01:13,775;60,1;60,1;32,0;69,4;53,7;60,1;48,6;
00:01:13,787;59,9;59,9;32,0;69,3;54,0;59,9;48,6;
00:01:13,800;59,9;59,9;32,0;69,3;54,0;59,9;48,6;
00:01:13,812;59,8;59,8;32,1;69,0;53,7;59,8;48,6;
00:01:13,825;60,0;60,0;31,9;69,4;53,7;60,0;48,8;
00:01:13,837;59,8;59,8;31,9;69,4;53,8;59,8;48,2;
00:01:13,850;59,7;59,7;31,9;69,0;53,3;59,7;48,2;
00:01:13,862;59,7;59,7;31,9;69,0;53,3;59,7;48,2;
00:01:13,875;60,2;60,2;31,7;69,3;53,9;60,2;48,5;
00:01:13,887;59,7;59,7;31,8;69,5;53,9;59,7;48,1;
00:01:13,900;59,8;59,8;31,9;69,3;53,8;59,8;48,3;
00:01:13,912;60,1;60,1;31,9;69,6;53,6;60,1;48,3;
00:01:13,925;60,1;60,1;31,9;69,6;53,6;60,1;48,3;
00:01:13,937;60,1;60,1;31,7;69,3;53,7;60,1;48,5;
00:01:13,950;59,5;59,5;31,7;69,6;53,8;59,5;48,2;
00:01:13,962;60,0;60,0;31,9;69,6;54,0;60,0;48,9;
00:01:13,975;59,9;59,9;31,8;69,3;53,8;59,9;48,3;
00:01:13,987;59,9;59,9;31,8;69,3;53,8;59,9;48,3;
00:01:14,000;60,2;60,2;32,2;69,4;53,9;60,2;48,9;
00:01:14,012;59,8;59,8;32,1;69,5;53,9;59,8;48,3;
00:01:14,025;60,2;60,2;31,9;69,3;53,6;60,2;48,3;
00:01:14,037;60,1;60,1;32,0;69,3;53,9;60,1;48,2;
00:01:14,050;60,1;60,1;32,0;69,3;53,9;60,1;48,2;
00:01:14,062;60,1;60,1;31,8;69,3;53,6;60,1;48,2;
00:01:14,075;60,2;60,2;31,8;69,3;53,8;60,2;48,3;
00:01:14,087;59,7;59,7;31,8;69,2;54,0;59,7;48,6;
00:01:14,100;60,1;60,1;31,9;69,1;53,8;60,1;48,1;
00:01:14,112;60,1;60,1;31,9;69,1;53,8;60,1;48,1;
00:01:14,125;59,8;59,8;31,9;69,3;53,9;59,8;48,5;
00:01:14,137;59,6;59,6;31,9;69,1;53,8;59,6;48,3;
00:01:14,150;60,0;60,0;31,9;69,4;53,5;60,0;48,5;
00:01:14,162;59,8;59,8;31,9;69,5;54,1;59,8;48,1;
00:01:14,175;59,8;59,8;31,9;69,5;54,1;59,8;48,1;
00:01:14,187;60,1;60,1;31,9;69,2;53,7;60,1;48,8;
00:01:14,200;60,0;60,0;31,9;69,4;55,0;60,0;48,5;
00:01:14,212;59,7;59,7;31,9;69,1;55,1;59,7;48,2;
00:01:14,225;59,8;59,8;31,9;69,3;55,1;59,8;48,5;
00:01:14,237;59,8;59,8;31,9;69,3;55,1;59,8;48,5;
00:01:14,250;60,0;60,0;32,3;69,5;54,6;60,0;48,6;
00:01:14,262;59,5;59,5;31,8;68,9;43,8;59,5;48,3;
00:01:14,275;59,7;59,7;31,7;69,4;44,1;59,7;48,5;
00:01:14,287;60,0;60,0;31,9;69,4;43,9;60,0;48,5;
00:01:14,300;60,0;60,0;31,9;69,4;43,9;60,0;48,5;
00:01:14,312;60,0;60,0;32,3;69,4;43,8;60,0;48,5;
00:01:14,325;59,9;59,9;31,9;69,1;43,9;59,9;48,3;
00:01:14,337;60,0;60,0;31,8;69,3;43,8;60,0;48,3;
00:01:14,350;59,7;59,7;31,8;69,3;44,2;59,7;48,5;
00:01:14,362;59,7;59,7;31,8;69,3;44,2;59,7;48,5;
00:01:14,375;59,8;59,8;32,0;69,5;43,8;59,8;48,5;
00:01:14,387;60,0;60,0;31,9;69,3;44,0;60,0;48,6;
00:01:14,400;59,7;59,7;31,8;69,3;44,5;59,7;48,5;
00:01:14,412;60,0;60,0;31,8;69,5;44,0;60,0;48,4;
00:01:14,425;60,0;60,0;31,8;69,5;44,0;60,0;48,4;
00:01:14,437;59,8;59,8;31,9;69,4;43,9;59,8;48,2;
00:01:14,450;59,7;59,7;32,1;69,4;43,9;59,7;48,5;
00:01:14,462;60,1;60,1;31,9;69,5;64,0;60,1;48,5;
00:01:14,475;59,6;59,6;32,0;69,6;64,4;59,6;48,6;
00:01:14,487;59,6;59,6;32,0;69,6;64,4;59,6;48,6;
00:01:14,500;60,0;60,0;31,9;69,1;64,4;60,0;48,8;
00:01:14,512;60,1;60,1;32,0;69,6;64,3;60,1;48,3;
00:01:14,525;60,2;60,2;32,0;69,4;64,2;60,2;48,3;
00:01:14,537;59,5;59,5;31,9;69,4;64,5;59,5;48,0;
00:01:14,550;59,5;59,5;31,9;69,4;64,5;59,5;48,0;
00:01:14,562;59,8;59,8;31,9;69,5;64,1;59,8;48,1;
00:01:14,575;59,7;59,7;31,9;69,8;64,2;59,7;48,5;
00:01:14,587;59,5;59,5;31,7;69,3;64,9;59,5;48,3;
00:01:14,600;59,9;59,9;32,0;69,5;64,2;59,9;48,5;
00:01:14,612;59,9;59,9;32,0;69,5;64,2;59,9;48,5;
00:01:14,625;60,1;60,1;32,0;69,0;64,5;60,1;48,5;
00:01:14,637;59,8;59,8;31,8;69,0;63,9;59,8;48,5;
00:01:14,650;60,1;60,1;31,8;69,0;64,3;60,1;48,3;
00:01:14,662;59,8;59,8;31,8;69,6;64,5;59,8;48,5;
00:01:14,675;59,8;59,8;31,8;69,6;64,5;59,8;48,5;
00:01:14,687;60,1;60,1;31,9;69,6;64,0;60,1;48,8;
00:01:14,700;59,8;59,8;31,9;69,4;64,4;59,8;48,5;
00:01:14,712;60,1;60,1;31,6;69,1;64,2;60,1;48,5;
00:01:14,725;59,9;59,9;31,8;69,3;64,4;59,9;48,8;
00:01:14,737;59,9;59,9;31,8;69,3;64,4;59,9;48,8;
00:01:14,750;60,0;60,0;31,9;69,4;64,5;60,0;48,2;
00:01:14,762;60,1;60,1;31,7;69,4;64,3;60,1;48,6;
00:01:14,775;60,0;60,0;31,9;69,3;64,2;60,0;48,5;
00:01:14,787;59,9;59,9;31,8;69,5;64,5;59,9;48,5;
00:01:14,800;59,9;59,9;31,8;69,5;64,5;59,9;48,5;
00:01:14,812;59,8;59,8;32,0;69,0;64,3;59,8;48,8;
00:01:14,825;59,8;59,8;31,8;69,3;64,5;59,8;48,3;
00:01:14,837;59,6;59,6;31,9;69,4;64,5;59,6;48,2;
00:01:14,850;60,0;60,0;31,6;69,6;64,5;60,0;48,5;
00:01:14,862;60,0;60,0;31,6;69,6;64,5;60,0;48,5;
00:01:14,875;59,5;59,5;31,9;69,3;64,5;59,5;48,6;
00:01:14,887;59,8;59,8;31,9;69,1;64,4;59,8;48,3;
00:01:14,900;60,0;60,0;31,8;69,3;64,4;60,0;48,4;
00:01:14,912;60,1;60,1;31,8;69,7;64,3;60,1;48,3;
00:01:14,925;60,1;60,1;31,8;69,7;64,3;60,1;48,3;
00:01:14,937;60,0;60,0;31,6;69,6;64,6;60,0;48,1;
00:01:14,950;60,0;60,0;31,6;69,1;64,2;60,0;48,4;
00:01:14,962;60,1;60,1;31,8;69,9;64,3;60,1;48,6;
00:01:14,975;59,7;59,7;31,6;69,0;64,3;59,7;48,0;
00:01:14,987;59,7;59,7;31,6;69,0;64,3;59,7;48,0;
00:01:15,000;60,0;60,0;31,5;69,1;63,8;60,0;48,0;
00:01:15,012;59,5;59,5;31,8;69,3;64,3;59,5;48,2;
00:01:15,025;59,8;59,8;31,8;68,9;64,2;59,8;48,5;
00:01:15,037;60,0;60,0;31,5;69,2;64,1;60,0;48,0;
00:01:15,050;60,0;60,0;31,5;69,2;64,1;60,0;48,0;
00:01:15,062;59,8;59,8;31,4;69,2;64,2;59,8;48,5;
00:01:15,075;59,7;59,7;31,6;69,4;64,2;59,7;48,1;
00:01:15,087;59,7;59,7;31,5;68,9;64,0;59,7;48,0;
00:01:15,100;59,7;59,7;31,5;69,1;64,5;59,7;47,9;
00:01:15,112;59,7;59,7;31,5;69,1;64,5;59,7;47,9;
00:01:15,125;59,8;59,8;31,3;69,1;64,0;59,8;47,9;
00:01:15,137;59,8;59,8;31,5;68,9;64,1;59,8;48,3;
00:01:15,150;59,7;59,7;32,0;69,0;64,2;59,7;48,0;
00:01:15,162;59,1;59,1;31,4;69,3;64,3;59,1;48,1;
00:01:15,175;59,1;59,1;31,4;69,3;64,3;59,1;48,1;
00:01:15,187;59,8;59,8;31,4;69,0;64,3;59,8;48,3;
00:01:15,200;59,8;59,8;31,6;69,3;64,4;59,8;48,0;
00:01:15,212;59,9;59,9;31,4;68,9;64,1;59,9;48,2;
00:01:15,225;59,6;59,6;31,5;69,0;64,2;59,6;48,3;
00:01:15,237;59,6;59,6;31,5;69,0;64,2;59,6;48,3;
00:01:15,250;59,8;59,8;31,6;69,0;64,3;59,8;48,2;
00:01:15,262;59,8;59,8;31,8;69,2;64,6;59,8;48,5;
00:01:15,275;60,2;60,2;31,6;69,3;64,2;60,2;48,2;
00:01:15,287;59,7;59,7;31,6;69,2;64,1;59,7;48,1;
00:01:15,300;59,7;59,7;31,6;69,2;64,1;59,7;48,1;
00:01:15,312;59,7;59,7;31,5;68,9;64,1;59,7;48,3;
00:01:15,325;60,0;60,0;31,6;69,5;64,3;60,0;48,0;
00:01:15,337;60,0;60,0;31,5;69,0;64,3;60,0;48,1;
00:01:15,350;59,6;59,6;31,5;69,3;64,2;59,6;48,5;
00:01:15,362;59,6;59,6;31,5;69,3;64,2;59,6;48,5;
00:01:15,375;59,7;59,7;31,5;69,1;64,1;59,7;48,2;
00:01:15,387;59,9;59,9;31,7;68,8;64,0;59,9;48,2;
00:01:15,400;59,9;59,9;31,6;69,4;63,8;59,9;48,5;
00:01:15,412;59,9;59,9;31,6;69,3;64,1;59,9;48,8;
00:01:15,425;59,9;59,9;31,6;69,3;64,1;59,9;48,8;
00:01:15,437;59,8;59,8;31,6;69,2;64,0;59,8;48,3;
00:01:15,450;59,3;59,3;31,4;69,2;64,3;59,3;48,2;
00:01:15,462;59,7;59,7;31,6;69,0;64,0;59,7;48,0;
00:01:15,475;59,4;59,4;31,5;69,0;64,5;59,4;48,2;
00:01:15,487;59,4;59,4;31,5;69,0;64,5;59,4;48,2;
00:01:15,500;59,5;59,5;31,4;68,9;64,2;59,5;48,3;
00:01:15,512;59,6;59,6;31,4;69,2;63,9;59,6;48,0;
00:01:15,525;59,8;59,8;31,5;69,1;64,3;59,8;48,1;
00:01:15,537;59,5;59,5;31,2;69,2;64,1;59,5;48,3;
00:01:15,550;59,5;59,5;31,2;69,2;64,1;59,5;48,3;
00:01:15,562;59,7;59,7;31,5;69,0;64,4;59,7;48,1;
00:01:15,575;59,7;59,7;31,5;69,0;64,3;59,7;47,9;
00:01:15,587;59,8;59,8;31,2;69,3;63,9;59,8;48,2;
00:01:15,600;59,6;59,6;31,4;68,9;64,4;59,6;48,3;
00:01:15,612;59,6;59,6;31,4;68,9;64,4;59,6;48,3;
00:01:15,625;60,0;60,0;31,4;69,4;64,3;60,0;48,2;
00:01:15,637;59,6;59,6;31,5;69,1;64,0;59,6;48,2;
00:01:15,650;59,7;59,7;31,5;68,9;64,3;59,7;48,1;
00:01:15,662;59,6;59,6;31,2;69,1;64,1;59,6;48,2;
00:01:15,675;59,6;59,6;31,2;69,1;64,1;59,6;48,2;
00:01:15,687;59,7;59,7;31,5;69,0;64,3;59,7;48,1;
00:01:15,700;59,4;59,4;31,5;69,2;63,9;59,4;48,3;
00:01:15,712;59,4;59,4;31,4;69,4;64,2;59,4;48,2;
00:01:15,725;59,3;59,3;31,7;69,2;64,0;59,3;48,0;
00:01:15,737;59,3;59,3;31,7;69,2;64,0;59,3;48,0;
00:01:15,750;59,5;59,5;31,5;68,7;64,0;59,5;48,5;
00:01:15,762;59,4;59,4;31,5;69,3;64,0;59,4;48,2;
00:01:15,775;59,8;59,8;31,3;69,3;64,1;59,8;47,8;
00:01:15,787;59,7;59,7;31,5;68,9;64,3;59,7;48,2;
00:01:15,800;59,7;59,7;31,5;68,9;64,3;59,7;48,2;
00:01:15,812;59,5;59,5;31,5;69,2;64,4;59,5;48,2;
00:01:15,825;59,9;59,9;31,6;69,1;64,2;59,9;48,0;
00:01:15,837;59,6;59,6;31,3;69,3;64,2;59,6;48,3;
00:01:15,850;59,7;59,7;31,5;68,9;64,0;59,7;48,1;
00:01:15,862;59,7;59,7;31,5;68,9;64,0;59,7;48,1;
00:01:15,875;59,8;59,8;31,6;69,2;64,2;59,8;48,0;
00:01:15,887;60,0;60,0;31,5;68,9;64,3;60,0;48,3;
00:01:15,900;59,8;59,8;31,5;69,5;64,2;59,8;48,2;
00:01:15,912;59,3;59,3;31,4;69,4;64,1;59,3;47,8;
00:01:15,925;59,3;59,3;31,4;69,4;64,1;59,3;47,8;
00:01:15,937;59,9;59,9;31,5;69,4;64,4;59,9;48,6;
00:01:15,950;59,5;59,5;31,2;69,2;64,3;59,5;48,3;
00:01:15,962;59,8;59,8;31,7;69,2;64,1;59,8;48,2;
00:01:15,975;59,5;59,5;31,5;69,7;64,2;59,5;48,2;
00:01:15,987;59,5;59,5;31,5;69,7;64,2;59,5;48,2;
00:01:16,000;60,3;60,3;31,6;69,5;64,4;60,3;48,6;
00:01:16,012;59,7;59,7;31,6;69,2;64,2;59,7;48,6;
00:01:16,025;59,7;59,7;31,3;69,4;64,2;59,7;48,3;
00:01:16,037;59,5;59,5;31,6;69,1;64,4;59,5;48,1;
00:01:16,050;59,5;59,5;31,6;69,1;64,4;59,5;48,1;
00:01:16,062;59,6;59,6;31,6;69,1;64,2;59,6;48,2;
00:01:16,075;59,6;59,6;31,6;69,4;64,0;59,6;48,1;
00:01:16,087;59,8;59,8;31,5;69,4;64,3;59,8;47,9;
00:01:16,100;59,3;59,3;31,3;69,0;64,2;59,3;48,2;
00:01:16,112;59,3;59,3;31,3;69,0;64,2;59,3;48,2;
00:01:16,125;59,7;59,7;31,4;69,1;64,3;59,7;48,1;
00:01:16,137;59,8;59,8;31,4;69,0;64,3;59,8;47,9;
00:01:16,150;60,1;60,1;31,5;69,0;63,9;60,1;48,5;
00:01:16,162;59,7;59,7;31,2;68,9;64,3;59,7;48,6;
00:01:16,175;59,7;59,7;31,2;68,9;64,3;59,7;48,6;
00:01:16,187;59,5;59,5;31,3;69,0;64,0;59,5;48,1;
00:01:16,200;59,5;59,5;31,3;69,0;64,0;59,5;48,1;
00:01:16,212;59,6;59,6;31,2;69,0;64,1;59,6;48,2;
00:01:16,225;59,6;59,6;31,4;69,5;64,3;59,6;48,2;
00:01:16,237;59,6;59,6;31,4;69,5;64,3;59,6;48,2;
00:01:16,250;59,9;59,9;31,5;69,3;64,3;59,9;48,2;
00:01:16,262;59,6;59,6;31,5;68,8;64,3;59,6;48,1;
00:01:16,275;59,5;59,5;31,4;69,0;64,2;59,5;48,0;
00:01:16,287;60,0;60,0;31,5;69,2;64,1;60,0;48,3;
00:01:16,300;60,0;60,0;31,5;69,2;64,1;60,0;48,3;
00:01:16,312;59,5;59,5;31,3;69,5;64,0;59,5;48,0;
00:01:16,325;59,8;59,8;31,5;69,1;64,2;59,8;48,2;
00:01:16,337;59,6;59,6;31,5;69,1;64,0;59,6;48,2;
00:01:16,350;59,5;59,5;31,6;69,3;64,3;59,5;48,0;
00:01:16,362;59,5;59,5;31,6;69,3;64,3;59,5;48,0;
00:01:16,375;59,5;59,5;31,5;69,2;64,3;59,5;48,5;
00:01:16,387;60,1;60,1;31,6;69,4;63,8;60,1;48,2;
00:01:16,400;59,7;59,7;31,7;69,1;64,0;59,7;48,0;
00:01:16,412;59,6;59,6;31,4;69,4;64,0;59,6;48,3;
00:01:16,425;59,6;59,6;31,4;69,4;64,0;59,6;48,3;
00:01:16,437;59,7;59,7;31,7;69,5;64,0;59,7;48,8;
00:01:16,450;59,7;59,7;31,5;69,4;64,1;59,7;48,0;
00:01:16,462;59,8;59,8;31,5;69,2;64,2;59,8;47,8;
00:01:16,475;59,6;59,6;31,4;69,0;64,5;59,6;48,5;
00:01:16,487;59,6;59,6;31,4;69,0;64,5;59,6;48,5;
00:01:16,500;59,8;59,8;31,4;68,9;64,1;59,8;48,0;
00:01:16,512;59,5;59,5;31,4;68,9;64,2;59,5;47,9;
00:01:16,525;59,5;59,5;31,5;68,7;64,2;59,5;48,3;
00:01:16,537;59,7;59,7;31,6;69,3;64,0;59,7;48,0;
00:01:16,550;59,7;59,7;31,6;69,3;64,0;59,7;48,0;
00:01:16,562;59,4;59,4;31,5;69,1;64,2;59,4;48,1;
00:01:16,575;59,7;59,7;31,6;69,1;64,2;59,7;48,2;
00:01:16,587;59,8;59,8;31,6;69,1;64,2;59,8;47,9;
00:01:16,600;59,3;59,3;31,3;69,3;64,4;59,3;48,5;
00:01:16,612;59,3;59,3;31,3;69,3;64,4;59,3;48,5;
00:01:16,625;59,8;59,8;31,6;69,0;64,2;59,8;48,2;
00:01:16,637;59,5;59,5;31,6;69,3;64,1;59,5;48,3;
00:01:16,650;59,9;59,9;31,3;69,0;64,2;59,9;48,5;
00:01:16,662;59,8;59,8;32,0;68,9;64,2;59,8;48,2;
00:01:16,675;59,8;59,8;32,0;68,9;64,2;59,8;48,2;
00:01:16,687;59,5;59,5;31,2;68,8;64,1;59,5;47,8;
00:01:16,700;59,5;59,5;31,4;69,1;64,1;59,5;48,3;
00:01:16,712;59,8;59,8;31,3;69,1;64,3;59,8;48,0;
00:01:16,725;59,8;59,8;31,5;69,3;64,7;59,8;48,5;
00:01:16,737;59,8;59,8;31,5;69,3;64,7;59,8;48,5;
00:01:16,750;59,3;59,3;31,3;69,3;64,2;59,3;48,3;
00:01:16,762;59,5;59,5;31,5;69,0;63,9;59,5;48,2;
00:01:16,775;59,7;59,7;31,5;69,1;64,2;59,7;48,3;
00:01:16,787;59,7;59,7;31,5;69,0;64,3;59,7;48,2;
00:01:16,800;59,6;59,6;31,6;68,9;63,9;59,6;48,1;
00:01:16,812;59,8;59,8;31,8;68,7;64,2;59,8;48,3;
00:01:16,825;60,1;60,1;31,5;69,3;64,2;60,1;48,2;
00:01:16,837;59,8;59,8;31,5;69,4;64,0;59,8;48,2;
00:01:16,850;59,7;59,7;31,2;69,4;64,5;59,7;48,3;
00:01:16,862;59,9;59,9;31,6;69,2;64,0;59,9;48,3;
00:01:16,875;59,6;59,6;31,4;69,3;64,1;59,6;48,2;
00:01:16,887;60,1;60,1;31,5;68,8;64,3;60,1;48,7;
00:01:16,900;59,8;59,8;31,5;69,4;64,2;59,8;48,4;
00:01:16,912;59,6;59,6;31,3;69,2;64,2;59,6;48,7;
00:01:16,925;59,8;59,8;31,4;69,3;64,2;59,8;48,3;
00:01:16,937;59,8;59,8;31,5;69,1;64,2;59,8;48,2;
00:01:16,950;59,8;59,8;31,4;69,4;64,0;59,8;48,2;
00:01:16,962;59,8;59,8;31,5;69,0;63,9;59,8;48,3;
00:01:16,975;60,1;60,1;31,5;69,1;64,3;60,1;48,5;
00:01:16,987;59,8;59,8;31,5;69,3;64,6;59,8;48,2;
00:01:17,000;60,0;60,0;31,9;69,7;64,0;60,0;48,2;
00:01:17,012;59,9;59,9;31,9;69,4;64,6;59,9;48,6;
00:01:17,025;60,0;60,0;31,9;69,4;64,3;60,0;48,5;
00:01:17,037;60,2;60,2;32,0;69,4;64,3;60,2;48,7;
00:01:17,050;60,0;60,0;32,3;69,5;64,9;60,0;48,6;
00:01:17,062;60,0;60,0;32,0;69,7;64,8;60,0;48,9;
00:01:17,075;60,1;60,1;31,9;69,5;64,4;60,1;48,8;
00:01:17,087;60,2;60,2;31,9;69,6;64,7;60,2;48,3;
00:01:17,100;60,1;60,1;32,0;69,6;64,6;60,1;48,5;
00:01:17,112;60,1;60,1;31,9;69,7;64,1;60,1;48,5;
00:01:17,125;60,1;60,1;31,9;69,4;64,4;60,1;48,9;
00:01:17,137;60,2;60,2;32,0;69,8;64,2;60,2;48,2;
00:01:17,150;60,1;60,1;31,9;69,5;64,4;60,1;48,5;
00:01:17,162;60,2;60,2;31,9;69,3;64,0;60,2;48,8;
00:01:17,175;60,1;60,1;31,9;69,5;64,7;60,1;48,5;
00:01:17,187;60,2;60,2;31,9;69,5;64,5;60,2;48,5;
00:01:17,200;59,9;59,9;31,9;69,6;64,5;59,9;48,5;
00:01:17,212;60,1;60,1;31,9;69,4;64,3;60,1;48,7;
00:01:17,225;59,9;59,9;32,0;69,7;64,4;59,9;48,7;
00:01:17,237;60,3;60,3;31,9;69,7;64,6;60,3;48,3;
00:01:17,250;59,9;59,9;31,6;69,6;64,8;59,9;48,6;
00:01:17,262;60,4;60,4;31,8;69,2;64,9;60,4;48,3;
00:01:17,275;59,9;59,9;31,9;69,6;64,2;59,9;48,7;
00:01:17,287;60,1;60,1;31,9;69,4;64,4;60,1;48,6;
00:01:17,300;59,8;59,8;31,9;69,4;64,6;59,8;48,7;
00:01:17,312;60,2;60,2;31,7;69,5;64,5;60,2;48,2;
00:01:17,325;60,1;60,1;31,9;69,5;63,9;60,1;48,6;
00:01:17,337;60,0;60,0;32,0;69,3;64,6;60,0;48,6;
00:01:17,350;59,8;59,8;31,9;69,7;64,5;59,8;48,9;
00:01:17,362;60,1;60,1;32,1;69,5;64,7;60,1;48,5;
00:01:17,375;60,3;60,3;31,8;69,7;64,5;60,3;48,5;
00:01:17,387;60,3;60,3;31,9;69,9;64,8;60,3;48,7;
00:01:17,400;59,8;59,8;32,0;69,3;64,6;59,8;48,5;
00:01:17,412;60,0;60,0;32,0;69,9;64,2;60,0;48,8;
00:01:17,425;60,4;60,4;31,9;69,5;64,4;60,4;48,5;
00:01:17,437;60,4;60,4;32,0;69,7;64,6;60,4;48,5;
00:01:17,450;60,2;60,2;32,0;69,4;64,7;60,2;48,6;
00:01:17,462;60,1;60,1;31,9;69,8;64,3;60,1;48,6;
00:01:17,475;60,2;60,2;32,2;69,4;64,5;60,2;48,5;
00:01:17,487;60,0;60,0;31,9;69,4;64,6;60,0;48,9;
00:01:17,500;59,8;59,8;32,0;69,6;64,4;59,8;48,9;
00:01:17,512;60,1;60,1;31,9;69,2;64,5;60,1;48,6;
00:01:17,525;59,9;59,9;32,0;69,1;64,5;59,9;48,5;
00:01:17,537;60,1;60,1;32,2;69,5;64,6;60,1;48,6;
00:01:17,550;59,8;59,8;31,9;69,5;64,6;59,8;48,5;
00:01:17,562;59,7;59,7;32,1;69,6;64,4;59,7;48,5;
00:01:17,575;60,0;60,0;32,1;69,4;64,5;60,0;48,8;
00:01:17,587;60,1;60,1;31,9;69,5;64,9;60,1;48,3;
00:01:17,600;60,3;60,3;31,9;69,6;64,6;60,3;48,6;
00:01:17,612;60,0;60,0;31,8;69,4;64,4;60,0;48,3;
00:01:17,625;60,0;60,0;31,6;69,3;64,4;60,0;48,7;
00:01:17,637;60,1;60,1;31,9;69,6;64,7;60,1;48,9;
00:01:17,650;59,9;59,9;31,9;69,4;64,3;59,9;48,5;
00:01:17,662;60,0;60,0;31,9;70,0;64,7;60,0;49,0;
00:01:17,675;60,1;60,1;32,1;69,6;64,6;60,1;48,6;
00:01:17,687;60,1;60,1;32,2;69,4;64,6;60,1;48,9;
00:01:17,700;60,0;60,0;32,0;69,8;64,4;60,0;48,9;
00:01:17,712;60,0;60,0;32,0;69,6;64,7;60,0;48,6;
00:01:17,725;60,2;60,2;32,0;69,8;64,6;60,2;48,7;
00:01:17,737;60,2;60,2;32,0;69,7;64,6;60,2;48,8;
00:01:17,750;59,8;59,8;32,3;69,9;65,0;59,8;48,7;
00:01:17,762;60,0;60,0;32,0;69,5;64,2;60,0;48,7;
00:01:17,775;60,1;60,1;31,9;69,7;64,3;60,1;48,6;
00:01:17,787;59,8;59,8;31,9;69,7;64,5;59,8;48,6;
00:01:17,800;59,9;59,9;31,9;69,8;64,5;59,9;48,8;
00:01:17,812;59,9;59,9;32,2;69,8;64,5;59,9;48,7;
00:01:17,825;59,8;59,8;31,9;69,6;64,5;59,8;48,7;
00:01:17,837;60,2;60,2;32,1;69,9;64,5;60,2;48,7;
00:01:17,850;60,1;60,1;32,0;70,0;64,5;60,1;48,7;
00:01:17,862;60,2;60,2;32,0;69,7;64,4;60,2;48,8;
00:01:17,875;60,1;60,1;31,9;69,5;64,7;60,1;49,1;
00:01:17,887;60,0;60,0;32,2;69,4;64,7;60,0;48,8;
00:01:17,900;60,2;60,2;31,9;69,7;64,9;60,2;48,7;
00:01:17,912;60,0;60,0;31,8;69,1;64,5;60,0;48,5;
00:01:17,925;60,1;60,1;31,9;69,4;64,9;60,1;48,7;
00:01:17,937;60,1;60,1;32,0;69,5;64,5;60,1;48,2;
00:01:17,950;59,8;59,8;32,0;69,4;64,4;59,8;48,6;
00:01:17,962;60,1;60,1;31,9;69,5;64,5;60,1;48,6;
00:01:17,975;59,9;59,9;31,8;69,5;64,3;59,9;48,9;
00:01:17,987;60,2;60,2;31,8;69,9;64,7;60,2;48,8;
00:01:18,000;59,9;59,9;32,0;69,9;64,5;59,9;48,5;
00:01:18,012;60,1;60,1;31,9;69,9;64,8;60,1;48,6;
00:01:18,025;60,4;60,4;31,9;69,5;64,6;60,4;48,5;
00:01:18,037;59,8;59,8;32,0;69,4;64,8;59,8;48,8;
00:01:18,050;60,0;60,0;31,9;69,4;64,6;60,0;48,5;
00:01:18,062;60,0;60,0;31,9;69,4;64,7;60,0;48,6;
00:01:18,075;59,7;59,7;31,9;69,4;64,6;59,7;48,3;
00:01:18,087;60,0;60,0;31,9;69,8;64,6;60,0;48,5;
00:01:18,100;60,2;60,2;32,1;69,7;64,7;60,2;48,5;
00:01:18,112;60,2;60,2;31,9;69,4;64,1;60,2;48,7;
00:01:18,125;60,0;60,0;31,9;69,5;64,4;60,0;48,8;
00:01:18,137;60,0;60,0;32,0;69,4;64,2;60,0;48,7;
00:01:18,150;60,0;60,0;32,0;69,4;64,6;60,0;48,6;
00:01:18,162;60,1;60,1;31,7;69,7;64,5;60,1;48,9;
00:01:18,175;60,0;60,0;32,0;69,6;64,7;60,0;48,9;
00:01:18,187;60,0;60,0;31,9;69,5;64,6;60,0;48,6;
00:01:18,200;60,2;60,2;32,1;69,6;64,1;60,2;48,4;
00:01:18,212;60,0;60,0;31,9;69,5;64,7;60,0;48,5;
00:01:18,225;60,0;60,0;32,1;69,7;64,3;60,0;48,4;
00:01:18,237;60,1;60,1;31,9;69,7;64,1;60,1;49,0;
00:01:18,250;60,1;60,1;31,9;69,5;64,2;60,1;48,3;
00:01:18,262;60,3;60,3;31,9;69,5;64,4;60,3;48,8;
00:01:18,275;60,4;60,4;31,8;69,4;64,6;60,4;48,4;
00:01:18,287;59,4;59,4;31,8;69,4;64,4;59,4;48,5;
00:01:18,300;60,0;60,0;31,9;69,9;64,3;60,0;48,3;
00:01:18,312;60,0;60,0;32,0;69,4;64,4;60,0;48,5;
00:01:18,325;60,1;60,1;31,7;69,3;64,4;60,1;48,2;
00:01:18,337;60,1;60,1;31,9;69,7;64,4;60,1;48,3;
00:01:18,350;59,7;59,7;31,6;69,6;64,2;59,7;48,7;
00:01:18,362;59,9;59,9;31,6;69,4;64,7;59,9;48,5;
00:01:18,375;60,2;60,2;32,0;69,6;64,7;60,2;48,3;
00:01:18,387;60,2;60,2;31,8;69,5;64,4;60,2;48,5;
00:01:18,400;59,7;59,7;31,9;69,6;64,5;59,7;48,6;
00:01:18,412;59,4;59,4;31,7;69,6;64,4;59,4;48,5;
00:01:18,425;60,0;60,0;31,6;69,5;64,2;60,0;48,5;
00:01:18,437;60,1;60,1;31,6;69,2;64,2;60,1;48,5;
00:01:18,450;59,8;59,8;31,8;69,6;64,3;59,8;48,2;
00:01:18,462;59,8;59,8;31,6;69,4;64,7;59,8;48,6;
00:01:18,475;60,1;60,1;31,6;69,5;64,4;60,1;48,3;
00:01:18,487;59,8;59,8;31,6;69,2;64,3;59,8;48,3;
00:01:18,500;60,4;60,4;31,8;69,5;64,2;60,4;48,5;
00:01:18,512;60,1;60,1;31,9;69,2;64,5;60,1;48,5;
00:01:18,525;60,0;60,0;31,9;69,6;64,2;60,0;48,3;
00:01:18,537;60,0;60,0;31,5;69,6;64,6;60,0;48,3;
00:01:18,550;59,8;59,8;31,9;69,5;64,6;59,8;48,5;
00:01:18,562;59,7;59,7;31,6;69,6;64,4;59,7;48,3;
00:01:18,575;59,9;59,9;31,7;69,3;64,6;59,9;48,2;
00:01:18,587;60,0;60,0;31,8;69,6;64,5;60,0;48,7;
00:01:18,600;59,8;59,8;31,7;69,5;64,6;59,8;48,7;
00:01:18,612;60,2;60,2;31,6;69,7;64,3;60,2;48,6;
00:01:18,625;60,3;60,3;31,8;69,1;64,3;60,3;48,6;
00:01:18,637;60,1;60,1;31,6;69,7;64,4;60,1;48,4;
00:01:18,650;59,7;59,7;31,8;69,4;64,5;59,7;48,9;
00:01:18,662;60,0;60,0;31,6;69,4;64,5;60,0;48,7;
00:01:18,675;59,9;59,9;32,0;69,8;64,2;59,9;48,3;
00:01:18,687;60,1;60,1;31,7;69,4;64,5;60,1;48,4;
00:01:18,700;59,9;59,9;31,9;69,4;64,6;59,9;48,3;
00:01:18,712;60,1;60,1;31,9;69,6;64,3;60,1;48,4;
00:01:18,725;59,7;59,7;31,9;69,4;64,5;59,7;48,8;
00:01:18,737;59,6;59,6;31,8;69,7;64,5;59,6;48,1;
00:01:18,750;59,9;59,9;32,0;69,3;64,5;59,9;48,8;
00:01:18,762;60,0;60,0;31,6;69,8;64,5;60,0;48,5;
00:01:18,775;60,0;60,0;31,8;69,3;64,3;60,0;48,5;
00:01:18,787;59,8;59,8;32,0;69,5;64,4;59,8;48,5;
00:01:18,800;60,0;60,0;31,8;69,7;64,4;60,0;48,7;
00:01:18,812;60,0;60,0;31,9;69,4;64,7;60,0;48,5;
00:01:18,825;60,1;60,1;31,9;69,7;64,6;60,1;48,9;
00:01:18,837;59,9;59,9;31,6;69,3;64,6;59,9;48,7;
00:01:18,850;59,7;59,7;31,8;69,3;64,5;59,7;48,6;
00:01:18,862;60,0;60,0;31,8;69,1;64,5;60,0;48,7;
00:01:18,875;60,1;60,1;31,8;69,4;64,4;60,1;48,6;
00:01:18,887;60,3;60,3;31,8;69,5;64,7;60,3;48,6;
00:01:18,900;60,2;60,2;32,0;69,5;64,5;60,2;48,8;
00:01:18,912;60,1;60,1;31,8;69,6;64,6;60,1;48,5;
00:01:18,925;60,3;60,3;32,0;69,7;64,4;60,3;48,8;
00:01:18,937;60,2;60,2;32,0;69,4;64,5;60,2;48,5;
00:01:18,950;60,1;60,1;32,0;69,4;64,4;60,1;48,6;
00:01:18,962;59,8;59,8;31,8;69,0;64,5;59,8;48,6;
00:01:18,975;59,7;59,7;31,8;69,4;64,7;59,7;48,5;
00:01:18,987;59,7;59,7;31,9;69,4;64,5;59,7;48,5;
00:01:19,000;60,3;60,3;31,7;69,4;64,7;60,3;48,2;
00:01:19,012;59,8;59,8;32,0;69,3;64,4;59,8;48,6;
00:01:19,025;59,8;59,8;31,6;69,4;64,2;59,8;48,5;
00:01:19,037;59,8;59,8;31,9;69,3;64,5;59,8;48,3;
00:01:19,050;59,7;59,7;31,9;69,6;64,4;59,7;48,6;
00:01:19,062;59,9;59,9;31,9;69,7;64,5;59,9;48,9;
00:01:19,075;59,8;59,8;31,7;69,4;64,5;59,8;48,6;
00:01:19,087;59,7;59,7;31,7;69,0;64,7;59,7;48,3;
00:01:19,100;60,2;60,2;31,8;69,2;64,5;60,2;48,4;
00:01:19,112;59,8;59,8;31,7;69,4;64,5;59,8;48,3;
00:01:19,125;60,0;60,0;31,4;69,4;64,3;60,0;48,6;
00:01:19,137;59,7;59,7;31,4;68,9;64,5;59,7;48,0;
00:01:19,150;60,0;60,0;31,5;69,3;64,0;60,0;48,3;
00:01:19,162;59,5;59,5;31,4;69,3;64,3;59,5;48,2;
00:01:19,175;60,0;60,0;31,4;69,4;64,2;60,0;48,2;
00:01:19,187;59,5;59,5;31,6;69,1;64,4;59,5;48,2;
00:01:19,200;59,5;59,5;31,3;69,1;64,3;59,5;48,3;
00:01:19,212;59,6;59,6;31,5;68,9;63,8;59,6;48,3;
00:01:19,225;59,4;59,4;31,3;69,2;64,6;59,4;48,3;
00:01:19,237;59,5;59,5;31,7;68,9;63,9;59,5;48,2;
00:01:19,250;59,5;59,5;31,2;69,4;64,3;59,5;48,5;
00:01:19,262;59,4;59,4;31,5;69,1;64,0;59,4;48,0;
00:01:19,275;59,7;59,7;31,2;68,9;64,1;59,7;48,2;
00:01:19,287;59,8;59,8;31,2;68,9;64,0;59,8;48,5;
00:01:19,300;59,5;59,5;31,2;68,8;64,2;59,5;47,9;
00:01:19,312;59,7;59,7;31,2;69,0;64,2;59,7;48,2;
00:01:19,325;59,8;59,8;31,3;69,5;64,7;59,8;48,1;
00:01:19,337;60,2;60,2;31,1;69,0;64,2;60,2;48,3;
00:01:19,350;59,7;59,7;31,4;69,1;64,1;59,7;47,9;
00:01:19,362;59,6;59,6;31,5;68,8;63,9;59,6;48,2;
00:01:19,375;59,8;59,8;31,3;68,7;64,2;59,8;48,0;
00:01:19,387;59,8;59,8;31,2;69,4;64,0;59,8;48,2;
00:01:19,400;59,7;59,7;31,4;69,1;64,1;59,7;48,0;
00:01:19,412;59,5;59,5;31,2;69,2;64,2;59,5;48,0;
00:01:19,425;60,0;60,0;31,5;69,2;64,2;60,0;48,2;
00:01:19,437;60,0;60,0;31,5;69,4;63,8;60,0;48,3;
00:01:19,450;59,6;59,6;31,3;69,1;64,4;59,6;48,2;
00:01:19,462;59,6;59,6;31,2;69,1;64,2;59,6;48,2;
00:01:19,475;59,8;59,8;31,6;68,8;63,9;59,8;48,0;
00:01:19,487;59,3;59,3;31,2;69,3;64,0;59,3;48,1;
00:01:19,500;59,3;59,3;31,4;68,9;64,4;59,3;48,1;
00:01:19,512;59,4;59,4;31,4;68,9;63,8;59,4;47,8;
00:01:19,525;59,4;59,4;31,4;69,1;64,1;59,4;48,1;
00:01:19,537;59,6;59,6;31,2;69,4;63,9;59,6;48,6;
00:01:19,550;59,7;59,7;31,2;69,4;64,0;59,7;47,9;
00:01:19,562;59,7;59,7;31,2;68,9;64,4;59,7;48,3;
00:01:19,575;59,5;59,5;31,5;69,2;64,2;59,5;48,2;
00:01:19,587;59,7;59,7;31,2;69,0;63,9;59,7;48,1;
00:01:19,600;59,8;59,8;31,2;69,4;64,1;59,8;48,1;
00:01:19,612;59,8;59,8;31,2;69,4;64,2;59,8;48,2;
00:01:19,625;59,7;59,7;31,2;68,9;64,4;59,7;48,3;
00:01:19,637;59,9;59,9;31,2;69,3;64,4;59,9;48,3;
00:01:19,650;59,7;59,7;31,6;68,9;63,9;59,7;48,0;
00:01:19,662;59,6;59,6;31,3;68,8;64,3;59,6;48,3;
00:01:19,675;59,6;59,6;31,4;69,3;63,5;59,6;48,0;
00:01:19,687;59,3;59,3;31,8;69,2;63,9;59,3;48,0;
00:01:19,700;59,6;59,6;31,5;69,1;64,3;59,6;48,2;
00:01:19,712;59,7;59,7;31,5;69,0;64,2;59,7;48,2;
00:01:19,725;59,6;59,6;31,2;68,7;64,1;59,6;48,2;
00:01:19,737;59,1;59,1;31,4;69,1;64,2;59,1;48,2;
00:01:19,750;59,9;59,9;31,5;69,1;63,9;59,9;47,8;
00:01:19,762;59,3;59,3;31,6;69,1;64,4;59,3;48,0;
00:01:19,775;59,5;59,5;31,2;69,0;64,2;59,5;47,9;
00:01:19,787;60,0;60,0;31,3;69,0;64,2;60,0;48,3;
00:01:19,800;59,2;59,2;31,2;69,2;64,3;59,2;48,0;
00:01:19,812;59,7;59,7;31,3;69,3;64,2;59,7;48,2;
00:01:19,825;60,1;60,1;31,3;69,1;63,9;60,1;48,0;
00:01:19,837;59,4;59,4;31,2;69,1;64,3;59,4;48,2;
00:01:19,850;60,0;60,0;31,5;69,3;64,2;60,0;48,3;
00:01:19,862;60,0;60,0;31,3;69,2;63,9;60,0;48,3;
00:01:19,875;59,7;59,7;31,2;69,4;64,0;59,7;48,3;
00:01:19,887;59,8;59,8;31,5;69,2;64,3;59,8;48,0;
00:01:19,900;59,7;59,7;31,4;69,6;63,9;59,7;48,5;
00:01:19,912;59,7;59,7;31,4;69,3;64,4;59,7;48,6;
00:01:19,925;59,7;59,7;31,4;69,3;64,2;59,7;48,5;
00:01:19,937;59,8;59,8;31,6;69,3;64,6;59,8;48,5;
00:01:19,950;60,3;60,3;31,9;69,5;64,5;60,3;48,8;
00:01:19,962;59,7;59,7;31,7;69,4;64,2;59,7;48,3;
00:01:19,975;60,2;60,2;31,5;69,3;64,3;60,2;48,3;
00:01:19,987;60,0;60,0;31,7;69,4;64,5;60,0;48,3;
00:01:20,000;59,7;59,7;31,6;69,5;64,6;59,7;48,0;
00:01:20,012;59,8;59,8;31,5;69,4;64,5;59,8;48,5;
00:01:20,025;59,8;59,8;31,6;69,5;64,4;59,8;48,4;
00:01:20,037;59,8;59,8;31,7;69,4;64,4;59,8;48,3;
00:01:20,050;60,4;60,4;31,9;69,0;64,6;60,4;48,4;
00:01:20,062;60,0;60,0;31,6;69,7;64,6;60,0;48,9;
00:01:20,075;60,0;60,0;32,0;69,8;64,3;60,0;48,3;
00:01:20,087;60,2;60,2;32,0;69,6;64,5;60,2;48,8;
00:01:20,100;59,7;59,7;31,9;69,6;64,5;59,7;48,3;
00:01:20,112;59,8;59,8;31,6;69,5;64,4;59,8;48,0;
00:01:20,125;59,5;59,5;31,9;69,4;64,7;59,5;48,6;
00:01:20,137;60,2;60,2;31,8;69,4;64,4;60,2;48,6;
00:01:20,150;60,0;60,0;31,6;69,6;64,4;60,0;48,5;
00:01:20,162;59,7;59,7;31,9;69,3;64,3;59,7;48,6;
00:01:20,175;59,7;59,7;31,7;69,4;64,3;59,7;48,8;
00:01:20,187;59,9;59,9;31,8;69,5;64,6;59,9;48,3;
00:01:20,200;60,1;60,1;31,8;69,4;64,4;60,1;48,6;
00:01:20,212;60,1;60,1;31,8;69,5;64,6;60,1;48,5;
00:01:20,225;60,0;60,0;31,9;69,3;64,5;60,0;48,6;
00:01:20,237;59,6;59,6;31,5;69,8;64,3;59,6;48,2;
00:01:20,250;60,0;60,0;31,6;69,4;64,8;60,0;48,5;
00:01:20,262;60,0;60,0;31,5;69,6;64,6;60,0;48,2;
00:01:20,275;59,8;59,8;31,6;69,5;64,4;59,8;48,5;
00:01:20,287;60,1;60,1;31,6;69,5;64,5;60,1;48,3;
00:01:20,300;60,0;60,0;31,6;68,9;64,7;60,0;48,3;
00:01:20,312;59,6;59,6;31,4;69,3;64,5;59,6;48,3;
00:01:20,325;60,0;60,0;31,4;69,2;64,5;60,0;48,5;
00:01:20,337;60,2;60,2;31,7;69,4;64,5;60,2;48,4;
00:01:20,350;60,0;60,0;31,6;69,7;64,3;60,0;48,5;
00:01:20,362;59,7;59,7;31,6;69,3;64,0;59,7;48,0;
00:01:20,375;59,7;59,7;31,4;69,3;64,4;59,7;48,9;
00:01:20,387;59,7;59,7;31,6;69,3;64,4;59,7;48,5;
00:01:20,400;59,8;59,8;31,5;69,4;64,4;59,8;48,3;
00:01:20,412;59,8;59,8;31,6;69,2;64,3;59,8;48,3;
00:01:20,425;60,2;60,2;31,3;69,5;64,3;60,2;48,3;
00:01:20,437;59,8;59,8;31,5;69,5;64,2;59,8;48,3;
00:01:20,450;59,8;59,8;31,6;69,3;64,3;59,8;48,5;
00:01:20,462;59,8;59,8;31,9;69,3;64,3;59,8;48,5;
00:01:20,475;60,1;60,1;31,5;69,7;64,2;60,1;48,5;
00:01:20,487;60,2;60,2;31,5;69,4;64,6;60,2;48,5;
00:01:20,500;60,0;60,0;31,6;69,1;64,7;60,0;48,5;
00:01:20,512;59,6;59,6;31,7;69,4;64,5;59,6;48,5;
00:01:20,525;59,8;59,8;31,6;69,4;64,4;59,8;48,2;
00:01:20,537;59,8;59,8;31,9;69,5;64,3;59,8;48,7;
00:01:20,550;60,2;60,2;31,9;69,5;64,2;60,2;48,2;
00:01:20,562;60,1;60,1;31,6;69,3;64,7;60,1;48,5;
00:01:20,575;59,8;59,8;31,9;69,4;64,5;59,8;48,5;
00:01:20,587;60,2;60,2;31,9;69,5;64,3;60,2;48,6;
00:01:20,600;60,3;60,3;31,8;69,5;64,4;60,3;48,8;
00:01:20,612;60,0;60,0;31,7;69,5;64,4;60,0;48,7;
00:01:20,625;60,1;60,1;31,8;69,6;64,7;60,1;48,7;
00:01:20,637;60,0;60,0;31,9;69,1;64,3;60,0;48,5;
00:01:20,650;60,2;60,2;31,7;69,7;64,5;60,2;48,5;
00:01:20,662;60,1;60,1;31,7;69,4;64,3;60,1;48,3;
00:01:20,675;60,5;60,5;31,5;69,4;64,4;60,5;48,3;
00:01:20,687;59,7;59,7;31,6;69,4;64,3;59,7;48,4;
00:01:20,700;60,3;60,3;31,6;69,3;64,3;60,3;48,5;
00:01:20,712;59,8;59,8;31,6;69,6;64,2;59,8;48,6;
00:01:20,725;60,3;60,3;31,7;69,4;64,6;60,3;48,6;
00:01:20,737;60,2;60,2;31,7;69,3;64,5;60,2;48,3;
00:01:20,750;60,2;60,2;31,8;69,6;64,2;60,2;48,4;
00:01:20,762;60,2;60,2;31,5;69,4;64,4;60,2;48,2;
00:01:20,775;60,0;60,0;32,0;69,4;64,6;60,0;48,3;
00:01:20,787;59,8;59,8;31,6;69,7;64,5;59,8;48,9;
00:01:20,800;60,1;60,1;31,8;69,6;64,5;60,1;48,3;
00:01:20,812;60,1;60,1;31,7;69,9;64,3;60,1;48,3;
00:01:20,825;60,0;60,0;31,5;69,5;64,2;60,0;48,2;
00:01:20,837;59,8;59,8;31,6;69,3;64,3;59,8;48,2;
00:01:20,850;59,8;59,8;31,8;69,6;64,3;59,8;48,8;
00:01:20,862;60,2;60,2;31,7;69,7;64,6;60,2;48,5;
00:01:20,875;60,2;60,2;31,6;69,7;64,7;60,2;48,3;
00:01:20,887;60,1;60,1;31,9;69,6;64,8;60,1;48,6;
00:01:20,900;59,8;59,8;31,5;69,6;64,4;59,8;48,6;
00:01:20,912;60,0;60,0;31,7;69,6;64,2;60,0;48,6;
00:01:20,925;60,2;60,2;31,7;69,5;64,6;60,2;48,5;
00:01:20,937;60,0;60,0;31,5;69,4;64,2;60,0;48,6;
00:01:20,950;60,1;60,1;31,5;69,3;64,3;60,1;48,6;
00:01:20,962;60,2;60,2;32,0;69,4;64,2;60,2;48,7;
00:01:20,975;59,8;59,8;31,6;69,4;64,6;59,8;48,4;
00:01:20,987;60,2;60,2;31,7;69,5;64,7;60,2;48,8;
00:01:21,000;60,3;60,3;31,7;69,6;64,5;60,3;48,5;
00:01:21,012;60,1;60,1;31,6;69,8;64,5;60,1;48,5;
00:01:21,025;60,1;60,1;31,7;69,7;64,6;60,1;48,5;
00:01:21,037;60,1;60,1;31,7;69,4;64,3;60,1;48,6;
00:01:21,050;60,2;60,2;31,6;69,5;65,1;60,2;48,8;
00:01:21,062;60,5;60,5;32,0;69,6;64,7;60,5;48,5;
00:01:21,075;60,0;60,0;31,7;69,6;64,7;60,0;48,3;
00:01:21,087;59,9;59,9;31,6;69,4;64,4;59,9;48,3;
00:01:21,100;60,0;60,0;31,6;69,4;64,8;60,0;48,8;
00:01:21,112;60,2;60,2;31,6;69,3;64,6;60,2;48,8;
00:01:21,125;60,3;60,3;31,6;69,2;64,5;60,3;48,3;
00:01:21,137;60,5;60,5;31,8;69,5;64,5;60,5;48,7;
00:01:21,150;60,0;60,0;32,0;69,7;64,6;60,0;48,8;
00:01:21,162;60,1;60,1;31,8;69,9;64,4;60,1;48,8;
00:01:21,175;60,0;60,0;31,9;69,6;64,6;60,0;48,7;
00:01:21,187;60,1;60,1;31,6;69,5;64,4;60,1;48,5;
00:01:21,200;60,2;60,2;31,6;69,4;64,5;60,2;48,6;
00:01:21,212;60,3;60,3;31,7;69,7;64,6;60,3;48,6;
00:01:21,225;60,0;60,0;32,1;69,7;64,5;60,0;48,6;
00:01:21,237;60,3;60,3;31,6;69,8;64,4;60,3;48,5;
00:01:21,250;60,3;60,3;31,9;69,4;64,9;60,3;48,9;
00:01:21,262;60,3;60,3;32,0;69,6;64,5;60,3;48,6;
00:01:21,275;60,0;60,0;32,3;69,0;64,9;60,0;48,6;
00:01:21,287;60,1;60,1;31,6;69,7;64,6;60,1;48,0;
00:01:21,300;60,1;60,1;31,6;69,5;64,7;60,1;48,2;
00:01:21,312;60,0;60,0;31,7;69,5;64,6;60,0;48,8;
00:01:21,325;60,2;60,2;31,8;69,4;64,6;60,2;48,6;
00:01:21,337;60,0;60,0;31,6;69,7;64,3;60,0;48,5;
00:01:21,350;60,1;60,1;31,8;69,4;64,3;60,1;48,5;
00:01:21,362;60,0;60,0;31,8;69,4;64,5;60,0;48,5;
00:01:21,375;60,3;60,3;31,7;69,6;64,6;60,3;48,2;
00:01:21,387;60,2;60,2;31,8;69,7;64,6;60,2;48,6;
00:01:21,400;60,2;60,2;31,7;69,4;64,2;60,2;48,5;
00:01:21,412;60,5;60,5;31,9;69,3;64,6;60,5;48,5;
00:01:21,425;60,2;60,2;31,9;69,7;64,7;60,2;48,3;
00:01:21,437;60,0;60,0;31,9;69,7;64,5;60,0;48,5;
00:01:21,450;60,2;60,2;31,7;69,7;64,3;60,2;48,5;
00:01:21,462;60,1;60,1;31,9;69,1;64,3;60,1;48,5;
00:01:21,475;60,0;60,0;31,6;69,6;64,9;60,0;48,7;
00:01:21,487;60,1;60,1;31,8;69,6;64,5;60,1;48,7;
00:01:21,500;60,0;60,0;31,6;69,3;64,4;60,0;48,6;
00:01:21,512;60,0;60,0;31,6;69,6;64,4;60,0;48,6;
00:01:21,525;60,1;60,1;31,8;69,4;64,5;60,1;48,5;
00:01:21,537;60,1;60,1;31,5;69,6;64,7;60,1;48,6;
00:01:21,550;59,8;59,8;31,7;69,3;64,2;59,8;48,5;
00:01:21,562;59,9;59,9;31,7;69,1;64,6;59,9;48,3;
00:01:21,575;60,2;60,2;31,6;69,4;64,5;60,2;48,7;
00:01:21,587;60,1;60,1;31,4;69,1;64,3;60,1;48,3;
00:01:21,600;60,5;60,5;31,4;69,6;64,5;60,5;48,3;
00:01:21,612;59,9;59,9;31,6;69,3;64,7;59,9;48,3;
00:01:21,625;60,1;60,1;31,7;69,1;64,2;60,1;48,5;
00:01:21,637;59,9;59,9;31,5;69,4;64,3;59,9;48,4;
00:01:21,650;59,9;59,9;31,6;69,6;64,7;59,9;48,5;
00:01:21,662;60,1;60,1;31,5;69,5;64,5;60,1;48,3;
00:01:21,675;59,9;59,9;31,6;69,5;64,1;59,9;48,1;
00:01:21,687;59,8;59,8;31,6;69,5;64,3;59,8;48,7;
00:01:21,700;60,2;60,2;31,5;69,3;64,5;60,2;48,4;
00:01:21,712;60,0;60,0;31,5;69,1;64,4;60,0;48,9;
00:01:21,725;60,1;60,1;31,6;69,2;64,3;60,1;48,1;
00:01:21,737;59,8;59,8;31,3;69,7;64,4;59,8;48,5;
00:01:21,750;60,0;60,0;31,7;69,5;64,7;60,0;48,5;
00:01:21,762;60,2;60,2;31,5;69,3;63,9;60,2;48,3;
00:01:21,775;59,9;59,9;31,6;69,5;64,3;59,9;48,0;
00:01:21,787;60,0;60,0;31,3;69,5;64,3;60,0;48,3;
00:01:21,800;60,0;60,0;31,4;69,4;64,6;60,0;48,4;
00:01:21,812;60,0;60,0;31,6;69,2;64,7;60,0;48,2;
00:01:21,825;60,2;60,2;31,2;69,8;64,5;60,2;48,2;
00:01:21,837;60,0;60,0;31,4;69,3;64,4;60,0;48,2;
00:01:21,850;60,0;60,0;31,2;69,1;64,2;60,0;48,2;
00:01:21,862;59,6;59,6;31,5;69,1;64,2;59,6;48,3;
00:01:21,875;59,8;59,8;31,5;69,3;64,2;59,8;48,3;
00:01:21,887;59,5;59,5;31,6;69,5;64,6;59,5;48,2;
00:01:21,900;59,9;59,9;31,5;69,5;64,5;59,9;48,7;
00:01:21,912;59,6;59,6;31,5;69,1;64,3;59,6;48,3;
00:01:21,925;59,9;59,9;31,2;69,3;64,2;59,9;48,2;
00:01:21,937;60,0;60,0;31,2;69,3;63,9;60,0;48,5;
00:01:21,950;59,8;59,8;31,5;69,6;64,2;59,8;48,3;
00:01:21,962;59,8;59,8;31,6;69,0;64,5;59,8;48,5;
00:01:21,975;59,8;59,8;31,4;69,3;64,4;59,8;48,5;
00:01:21,987;60,0;60,0;31,3;69,4;64,4;60,0;48,5;
00:01:22,000;59,6;59,6;31,5;69,0;64,4;59,6;48,5;
00:01:22,012;59,7;59,7;31,6;69,3;64,4;59,7;48,1;
00:01:22,025;60,0;60,0;31,4;69,6;64,1;60,0;48,1;
00:01:22,037;59,7;59,7;31,6;69,3;64,3;59,7;48,1;
00:01:22,050;60,0;60,0;31,5;69,3;64,1;60,0;48,1;
00:01:22,062;59,6;59,6;31,2;69,2;64,4;59,6;48,3;
00:01:22,075;60,0;60,0;31,4;69,3;64,1;60,0;48,2;
00:01:22,087;59,7;59,7;31,2;69,2;64,2;59,7;48,6;
00:01:22,100;59,8;59,8;31,3;69,2;64,2;59,8;48,6;
00:01:22,112;60,1;60,1;31,4;69,0;64,2;60,1;48,5;
00:01:22,125;59,7;59,7;31,9;69,5;64,3;59,7;48,2;
00:01:22,137;59,9;59,9;31,4;69,3;64,6;59,9;48,3;
00:01:22,150;60,0;60,0;31,6;69,4;64,1;60,0;48,2;
00:01:22,162;59,9;59,9;31,3;69,5;64,0;59,9;48,2;
00:01:22,175;59,5;59,5;31,2;69,1;64,4;59,5;48,5;
00:01:22,187;60,0;60,0;31,2;69,4;64,1;60,0;48,0;
00:01:22,200;60,0;60,0;31,3;69,3;64,3;60,0;48,5;
00:01:22,212;59,8;59,8;31,5;69,4;64,5;59,8;48,3;
00:01:22,225;60,1;60,1;31,5;69,1;64,1;60,1;48,5;
00:01:22,237;59,8;59,8;31,6;69,4;64,4;59,8;48,3;
00:01:22,250;60,0;60,0;31,4;69,7;64,6;60,0;48,3;
00:01:22,262;60,0;60,0;31,5;69,2;63,8;60,0;48,2;
00:01:22,275;60,1;60,1;31,5;69,4;64,6;60,1;48,5;
00:01:22,287;59,9;59,9;31,6;69,4;64,4;59,9;48,3;
00:01:22,300;60,1;60,1;31,6;69,5;64,4;60,1;48,5;
00:01:22,312;60,0;60,0;31,6;69,6;64,3;60,0;48,6;
00:01:22,325;59,7;59,7;31,6;69,3;64,3;59,7;48,1;
00:01:22,337;60,1;60,1;31,8;69,3;64,6;60,1;48,6;
00:01:22,350;59,8;59,8;31,3;69,3;64,5;59,8;48,5;
00:01:22,362;60,2;60,2;31,3;69,1;64,3;60,2;48,6;
00:01:22,375;60,0;60,0;31,5;69,3;64,5;60,0;48,3;
00:01:22,387;60,0;60,0;31,5;69,0;64,5;60,0;48,5;
00:01:22,400;60,0;60,0;31,6;69,4;64,4;60,0;48,3;
00:01:22,412;59,6;59,6;31,5;69,3;64,3;59,6;48,2;
00:01:22,425;60,2;60,2;31,3;69,4;64,1;60,2;48,0;
00:01:22,437;59,7;59,7;31,2;69,2;64,3;59,7;48,0;
00:01:22,450;60,3;60,3;31,4;69,3;64,0;60,3;48,3;
00:01:22,462;59,5;59,5;31,2;69,3;64,2;59,5;48,5;
00:01:22,475;60,0;60,0;31,3;69,3;64,4;60,0;48,2;
00:01:22,487;59,5;59,5;31,4;69,3;64,2;59,5;48,6;
00:01:22,500;60,1;60,1;31,3;69,4;64,1;60,1;48,7;
00:01:22,512;60,1;60,1;31,4;69,3;64,6;60,1;48,7;
00:01:22,525;59,8;59,8;31,5;69,3;64,4;59,8;48,5;
00:01:22,537;59,7;59,7;31,6;69,5;64,4;59,7;48,4;
00:01:22,550;59,6;59,6;31,6;69,1;64,7;59,6;48,2;
00:01:22,562;59,9;59,9;31,6;69,4;64,0;59,9;48,3;
00:01:22,575;59,8;59,8;31,5;69,6;64,5;59,8;48,2;
00:01:22,587;60,1;60,1;31,5;69,5;64,0;60,1;48,3;
00:01:22,600;60,1;60,1;31,6;69,6;64,5;60,1;48,2;
00:01:22,612;60,0;60,0;31,3;69,1;64,6;60,0;48,5;
00:01:22,625;59,7;59,7;31,7;69,6;64,2;59,7;48,0;
00:01:22,637;59,4;59,4;31,3;69,1;64,3;59,4;48,2;
00:01:22,650;60,3;60,3;31,4;69,3;64,4;60,3;48,5;
00:01:22,662;59,9;59,9;31,5;69,5;64,3;59,9;48,3;
00:01:22,675;59,5;59,5;31,6;69,4;64,4;59,5;48,3;
00:01:22,687;59,8;59,8;31,2;69,4;64,6;59,8;48,3;
00:01:22,700;60,0;60,0;31,5;69,1;64,4;60,0;48,7;
00:01:22,712;60,0;60,0;31,9;69,3;64,2;60,0;48,5;
00:01:22,725;60,1;60,1;31,3;69,5;64,2;60,1;48,3;
00:01:22,737;59,9;59,9;31,6;69,4;64,4;59,9;48,5;
00:01:22,750;59,7;59,7;31,3;69,2;64,4;59,7;48,6;
00:01:22,762;60,2;60,2;31,5;69,0;64,4;60,2;48,3;
00:01:22,775;59,8;59,8;31,5;69,5;64,4;59,8;48,6;
00:01:22,787;60,0;60,0;31,5;69,4;64,4;60,0;48,3;
00:01:22,800;60,0;60,0;31,3;69,1;64,4;60,0;48,3;
00:01:22,812;60,1;60,1;31,7;69,2;64,2;60,1;48,6;
00:01:22,825;60,1;60,1;31,7;69,3;64,5;60,1;48,4;
00:01:22,837;60,0;60,0;31,4;69,3;64,0;60,0;48,6;
00:01:22,850;60,0;60,0;31,5;69,3;64,3;60,0;48,6;
00:01:22,862;59,8;59,8;31,5;69,4;64,5;59,8;48,3;
00:01:22,875;60,1;60,1;31,4;69,3;64,4;60,1;48,1;
00:01:22,887;60,1;60,1;31,4;69,3;64,2;60,1;48,3;
00:01:22,900;60,0;60,0;31,5;69,3;64,6;60,0;48,5;
00:01:22,912;60,0;60,0;31,5;69,4;64,4;60,0;48,2;
00:01:22,925;59,9;59,9;31,2;69,5;64,7;59,9;48,1;
00:01:22,937;59,8;59,8;31,4;69,5;64,6;59,8;48,2;
00:01:22,950;60,2;60,2;31,8;69,6;64,3;60,2;48,3;
00:01:22,962;60,1;60,1;31,5;69,2;64,5;60,1;48,5;
00:01:22,975;60,3;60,3;31,5;69,4;64,3;60,3;48,6;
00:01:22,987;60,1;60,1;31,2;69,4;64,4;60,1;48,3;
00:01:23,000;60,0;60,0;31,5;69,1;64,6;60,0;48,6;
00:01:23,012;59,9;59,9;31,9;69,4;64,4;59,9;48,5;
00:01:23,025;59,8;59,8;31,5;69,9;64,4;59,8;48,2;
00:01:23,037;60,1;60,1;31,4;69,1;64,5;60,1;48,3;
00:01:23,050;59,8;59,8;31,4;69,3;64,2;59,8;48,1;
00:01:23,062;60,2;60,2;31,5;69,3;64,4;60,2;48,5;
00:01:23,075;59,9;59,9;31,4;69,3;64,5;59,9;48,5;
00:01:23,087;59,8;59,8;31,5;69,5;64,6;59,8;48,6;
00:01:23,100;60,0;60,0;31,5;69,2;64,7;60,0;48,4;
00:01:23,112;59,9;59,9;31,4;69,7;64,3;59,9;48,3;
00:01:23,125;60,4;60,4;31,5;69,2;64,4;60,4;48,5;
00:01:23,137;59,9;59,9;31,6;69,3;64,5;59,9;48,1;
00:01:23,150;59,7;59,7;31,7;69,4;64,5;59,7;48,2;
00:01:23,162;59,9;59,9;31,1;69,2;64,3;59,9;47,9;
00:01:23,175;60,0;60,0;31,3;69,1;64,4;60,0;47,9;
00:01:23,187;59,8;59,8;31,2;69,0;63,8;59,8;48,3;
00:01:23,200;59,8;59,8;31,1;69,2;64,2;59,8;48,1;
00:01:23,212;59,7;59,7;31,2;69,3;64,2;59,7;48,3;
00:01:23,225;59,8;59,8;31,1;69,0;64,4;59,8;48,3;
00:01:23,237;60,0;60,0;31,0;69,1;64,1;60,0;47,7;
00:01:23,250;60,1;60,1;31,2;68,8;63,9;60,1;48,5;
00:01:23,262;59,5;59,5;31,2;69,0;64,1;59,5;48,0;
00:01:23,275;59,8;59,8;31,1;69,0;63,6;59,8;48,5;
00:01:23,287;59,8;59,8;31,0;69,3;64,1;59,8;48,2;
00:01:23,300;59,6;59,6;31,2;69,0;63,9;59,6;47,9;
00:01:23,312;59,5;59,5;31,2;69,1;64,2;59,5;48,0;
00:01:23,325;59,5;59,5;30,9;69,0;64,2;59,5;47,8;
00:01:23,337;59,8;59,8;30,9;69,2;63,9;59,8;48,0;
00:01:23,350;59,8;59,8;31,5;69,3;64,0;59,8;48,0;
00:01:23,362;59,6;59,6;31,1;69,5;63,8;59,6;48,3;
00:01:23,375;59,6;59,6;31,0;69,1;64,2;59,6;47,9;
00:01:23,387;60,1;60,1;31,1;69,0;64,4;60,1;48,0;
00:01:23,400;60,1;60,1;31,0;69,0;64,3;60,1;48,5;
00:01:23,412;59,5;59,5;31,2;68,9;64,2;59,5;48,3;
00:01:23,425;59,7;59,7;31,1;69,3;63,9;59,7;48,0;
00:01:23,437;59,3;59,3;30,8;69,3;64,0;59,3;48,2;
00:01:23,450;59,8;59,8;31,0;69,3;63,9;59,8;48,0;
00:01:23,462;59,3;59,3;31,1;69,0;64,2;59,3;48,0;
00:01:23,475;59,8;59,8;31,1;69,0;64,3;59,8;47,8;
00:01:23,487;59,7;59,7;31,2;69,1;64,0;59,7;48,1;
00:01:23,500;59,3;59,3;30,8;69,1;63,8;59,3;48,1;
00:01:23,512;59,8;59,8;31,2;69,4;64,4;59,8;48,0;
00:01:23,525;60,0;60,0;31,2;69,0;64,1;60,0;48,6;
00:01:23,537;59,4;59,4;31,2;69,2;64,6;59,4;48,2;
00:01:23,550;59,4;59,4;31,2;68,9;64,3;59,4;48,3;
00:01:23,562;59,7;59,7;31,1;69,0;64,4;59,7;48,0;
00:01:23,575;60,2;60,2;31,1;69,1;64,1;60,2;48,5;
00:01:23,587;60,1;60,1;31,1;69,6;64,2;60,1;48,2;
00:01:23,600;59,8;59,8;31,2;69,2;64,4;59,8;48,3;
00:01:23,612;59,5;59,5;31,3;69,4;64,6;59,5;48,2;
00:01:23,625;60,0;60,0;31,2;69,4;64,3;60,0;48,3;
00:01:23,637;59,8;59,8;31,1;69,1;64,1;59,8;48,2;
00:01:23,650;60,0;60,0;31,1;68,9;63,9;60,0;48,2;
00:01:23,662;59,7;59,7;30,9;69,3;63,8;59,7;48,2;
00:01:23,675;59,5;59,5;30,8;69,2;64,4;59,5;48,3;
00:01:23,687;59,8;59,8;31,1;69,1;64,0;59,8;48,2;
00:01:23,700;59,8;59,8;31,1;69,0;64,1;59,8;48,0;
00:01:23,712;59,8;59,8;31,1;69,2;64,2;59,8;48,1;
00:01:23,725;59,9;59,9;31,5;69,4;64,4;59,9;48,1;
00:01:23,737;60,1;60,1;31,0;68,9;64,3;60,1;48,2;
00:01:23,750;59,9;59,9;31,3;69,2;64,5;59,9;48,1;
00:01:23,762;59,6;59,6;31,2;69,5;64,3;59,6;48,0;
00:01:23,775;60,1;60,1;31,1;68,9;64,3;60,1;48,6;
00:01:23,787;59,9;59,9;31,1;69,0;64,3;59,9;48,1;
00:01:23,800;59,7;59,7;31,4;69,5;64,3;59,7;48,2;
00:01:23,812;59,7;59,7;31,1;69,0;64,6;59,7;48,1;
00:01:23,825;60,1;60,1;31,2;69,0;63,9;60,1;48,2;
00:01:23,837;60,2;60,2;31,1;69,2;64,3;60,2;48,6;
00:01:23,850;59,9;59,9;31,0;69,1;64,2;59,9;48,2;
00:01:23,862;60,0;60,0;31,1;69,2;64,3;60,0;48,5;
00:01:23,875;59,7;59,7;31,1;69,0;64,3;59,7;47,9;
00:01:23,887;59,7;59,7;31,1;69,3;64,4;59,7;48,2;
00:01:23,900;59,6;59,6;31,1;69,1;64,4;59,6;48,3;
00:01:23,912;59,8;59,8;31,3;69,4;64,3;59,8;48,1;
00:01:23,925;59,8;59,8;31,0;69,3;64,1;59,8;48,3;
00:01:23,937;59,7;59,7;31,0;68,6;64,1;59,7;48,2;
00:01:23,950;59,7;59,7;31,3;69,0;63,8;59,7;48,3;
00:01:23,962;59,5;59,5;31,1;69,3;64,2;59,5;48,1;
00:01:23,975;59,6;59,6;31,1;69,3;64,1;59,6;48,0;
00:01:23,987;59,7;59,7;31,2;68,9;64,3;59,7;47,8;
00:01:24,000;59,4;59,4;31,1;69,0;64,0;59,4;48,3;
00:01:24,012;59,7;59,7;31,2;69,3;64,3;59,7;48,2;
00:01:24,025;59,9;59,9;31,2;69,0;64,3;59,9;48,0;
00:01:24,037;60,0;60,0;31,1;69,2;64,2;60,0;48,0;
00:01:24,050;59,9;59,9;31,3;68,9;64,2;59,9;48,0;
00:01:24,062;59,8;59,8;31,3;68,8;64,5;59,8;48,2;
00:01:24,075;59,5;59,5;31,1;69,0;64,0;59,5;48,3;
00:01:24,087;59,6;59,6;31,1;69,1;63,9;59,6;48,2;
00:01:24,100;60,1;60,1;31,2;69,0;64,2;60,1;47,8;
00:01:24,112;60,0;60,0;31,1;68,8;64,3;60,0;48,3;
00:01:24,125;59,6;59,6;31,2;69,0;64,3;59,6;48,2;
00:01:24,137;59,8;59,8;31,6;69,0;63,8;59,8;48,2;
00:01:24,150;59,5;59,5;31,1;69,0;64,3;59,5;47,9;
00:01:24,162;59,9;59,9;31,2;69,0;64,1;59,9;48,0;
00:01:24,175;59,5;59,5;31,2;69,4;64,3;59,5;47,9;
00:01:24,187;59,8;59,8;31,3;69,1;64,4;59,8;48,1;
00:01:24,200;59,4;59,4;31,1;69,1;63,9;59,4;47,8;
00:01:24,212;59,7;59,7;31,1;69,1;64,0;59,7;48,3;
00:01:24,225;60,1;60,1;31,1;69,0;64,2;60,1;48,5;
00:01:24,237;59,6;59,6;30,9;68,8;64,2;59,6;48,2;
00:01:24,250;60,1;60,1;31,1;69,2;64,3;60,1;48,1;
00:01:24,262;60,1;60,1;31,0;69,1;64,4;60,1;48,5;
00:01:24,275;59,8;59,8;31,1;69,3;64,2;59,8;48,2;
00:01:24,287;59,8;59,8;31,0;69,1;64,0;59,8;47,9;
00:01:24,300;59,7;59,7;31,2;68,8;64,4;59,7;48,0;
00:01:24,312;59,7;59,7;31,1;69,3;64,2;59,7;48,2;
00:01:24,325;59,7;59,7;31,1;69,3;64,3;59,7;47,9;
00:01:24,337;59,5;59,5;31,1;68,9;64,1;59,5;48,0;
00:01:24,350;59,4;59,4;30,9;69,2;64,3;59,4;47,9;
00:01:24,362;59,7;59,7;31,1;69,3;64,2;59,7;48,3;
00:01:24,375;59,8;59,8;31,0;69,3;64,1;59,8;48,1;
00:01:24,387;59,8;59,8;31,2;69,1;63,8;59,8;48,2;
00:01:24,400;60,0;60,0;30,9;69,1;64,3;60,0;48,1;
00:01:24,412;59,4;59,4;31,1;69,2;64,4;59,4;48,3;
00:01:24,425;60,0;60,0;31,1;68,8;64,1;60,0;48,2;
00:01:24,437;60,0;60,0;31,1;69,1;64,5;60,0;48,2;
00:01:24,450;59,6;59,6;31,0;69,3;64,2;59,6;48,1;
00:01:24,462;59,7;59,7;31,0;69,5;64,2;59,7;48,2;
00:01:24,475;59,5;59,5;31,2;69,1;64,3;59,5;48,2;
00:01:24,487;60,0;60,0;31,2;69,0;64,5;60,0;48,0;
00:01:24,500;60,1;60,1;31,2;69,2;64,5;60,1;48,5;
00:01:24,512;59,8;59,8;31,3;69,5;64,4;59,8;48,9;
00:01:24,525;59,8;59,8;31,2;69,3;64,3;59,8;48,5;
00:01:24,537;59,5;59,5;31,4;68,9;64,4;59,5;48,0;
00:01:24,550;59,7;59,7;31,2;69,3;64,4;59,7;48,1;
00:01:24,562;59,9;59,9;31,2;69,2;64,4;59,9;48,5;
00:01:24,575;59,7;59,7;31,1;69,3;64,0;59,7;47,8;
00:01:24,587;59,8;59,8;31,1;68,9;64,3;59,8;48,1;
00:01:24,600;59,9;59,9;31,2;69,4;64,4;59,9;48,1;
00:01:24,612;60,0;60,0;31,5;69,1;64,5;60,0;48,3;
00:01:24,625;59,8;59,8;31,1;69,5;64,2;59,8;48,2;
00:01:24,637;59,9;59,9;31,2;69,1;64,4;59,9;48,2;
00:01:24,650;59,5;59,5;31,2;69,1;64,1;59,5;48,3;
00:01:24,662;59,4;59,4;31,1;69,1;64,3;59,4;48,0;
00:01:24,675;59,7;59,7;31,2;69,5;64,3;59,7;48,3;
00:01:24,687;60,0;60,0;31,2;69,1;64,1;60,0;48,3;
00:01:24,700;59,7;59,7;31,0;69,3;64,2;59,7;48,2;
00:01:24,712;59,6;59,6;31,1;69,1;64,3;59,6;48,2;
00:01:24,725;59,5;59,5;31,3;69,1;64,2;59,5;48,2;
00:01:24,737;59,8;59,8;31,1;69,1;64,4;59,8;48,2;
00:01:24,750;59,5;59,5;31,1;69,1;64,0;59,5;48,2;
00:01:24,762;59,6;59,6;31,2;69,4;64,0;59,6;48,2;
00:01:24,775;59,7;59,7;31,2;69,1;64,2;59,7;47,9;
00:01:24,787;59,3;59,3;31,1;69,4;64,2;59,3;48,2;
00:01:24,800;59,7;59,7;31,1;68,9;64,2;59,7;48,2;
00:01:24,812;59,4;59,4;31,1;69,1;64,3;59,4;48,2;
00:01:24,825;59,5;59,5;31,1;69,4;64,2;59,5;48,0;
00:01:24,837;59,8;59,8;31,2;69,1;64,2;59,8;48,2;
00:01:24,850;59,8;59,8;31,1;69,3;64,2;59,8;48,1;
00:01:24,862;59,4;59,4;31,0;69,1;64,0;59,4;48,2;
00:01:24,875;60,0;60,0;31,2;69,3;64,1;60,0;48,1;
00:01:24,887;59,7;59,7;31,2;69,3;64,0;59,7;48,0;
00:01:24,900;59,5;59,5;31,1;69,3;64,0;59,5;48,5;
00:01:24,912;59,4;59,4;31,2;69,3;64,2;59,4;48,0;
00:01:24,925;59,5;59,5;31,0;69,2;64,1;59,5;48,0;
00:01:24,937;59,7;59,7;31,1;69,1;64,0;59,7;48,0;
00:01:24,950;59,5;59,5;31,1;69,2;64,5;59,5;48,5;
00:01:24,962;59,5;59,5;31,0;68,9;64,0;59,5;48,3;
00:01:24,975;59,9;59,9;31,0;68,9;64,3;59,9;47,9;
00:01:24,987;59,7;59,7;31,1;69,4;64,2;59,7;48,2;
00:01:25,000;59,7;59,7;31,1;69,4;64,4;59,7;48,3;
00:01:25,012;59,5;59,5;31,0;69,3;64,4;59,5;48,1;
00:01:25,025;59,7;59,7;31,1;69,0;64,3;59,7;48,0;
00:01:25,037;59,7;59,7;31,2;69,3;64,2;59,7;48,2;
00:01:25,050;59,8;59,8;31,1;69,4;64,4;59,8;48,3;
00:01:25,062;59,8;59,8;31,1;69,0;64,3;59,8;48,0;
00:01:25,075;59,5;59,5;31,0;69,4;64,0;59,5;48,2;
00:01:25,087;60,0;60,0;31,1;69,1;64,1;60,0;48,4;
00:01:25,100;59,7;59,7;31,2;69,4;64,0;59,7;48,2;
00:01:25,112;59,7;59,7;31,2;69,5;64,1;59,7;48,3;
00:01:25,125;59,8;59,8;30,9;69,6;64,2;59,8;48,5;
00:01:25,137;59,5;59,5;31,2;69,0;64,4;59,5;48,1;
00:01:25,150;59,8;59,8;31,2;69,3;64,5;59,8;48,2;
00:01:25,162;59,7;59,7;31,1;69,2;64,4;59,7;48,1;
00:01:25,175;60,0;60,0;31,1;69,0;64,2;60,0;48,2;
00:01:25,187;59,8;59,8;31,1;69,1;64,5;59,8;48,2;
00:01:25,200;59,6;59,6;31,1;69,2;64,2;59,6;48,6;
00:01:25,212;59,4;59,4;31,1;68,9;64,4;59,4;48,5;
00:01:25,225;59,7;59,7;31,2;69,0;64,6;59,7;48,2;
00:01:25,237;59,8;59,8;31,1;69,1;64,0;59,8;47,9;
00:01:25,250;59,8;59,8;31,2;69,1;64,0;59,8;48,1;
00:01:25,262;60,1;60,1;31,2;69,3;64,3;60,1;47,9;
00:01:25,275;59,7;59,7;31,1;69,0;64,4;59,7;47,9;
00:01:25,287;60,0;60,0;31,2;69,3;64,4;60,0;48,3;
00:01:25,300;59,8;59,8;31,0;69,5;64,3;59,8;48,2;
00:01:25,312;60,0;60,0;31,3;69,1;64,0;60,0;47,9;
00:01:25,325;59,9;59,9;31,1;69,3;64,2;59,9;48,2;
00:01:25,337;60,1;60,1;31,1;69,3;64,2;60,1;48,1;
00:01:25,350;59,7;59,7;31,3;69,4;64,0;59,7;48,2;
00:01:25,362;59,7;59,7;31,1;69,3;64,0;59,7;48,0;
00:01:25,375;59,7;59,7;31,2;69,4;64,2;59,7;48,0;
00:01:25,387;59,5;59,5;31,2;69,4;64,3;59,5;48,1;
00:01:25,400;59,8;59,8;31,2;69,2;64,1;59,8;48,3;
00:01:25,412;59,5;59,5;30,9;69,0;64,2;59,5;48,5;
00:01:25,425;59,4;59,4;31,1;69,2;64,2;59,4;48,3;
00:01:25,437;59,7;59,7;31,1;68,9;64,6;59,7;48,2;
00:01:25,450;60,0;60,0;31,3;69,3;64,4;60,0;48,3;
00:01:25,462;59,7;59,7;31,2;69,0;64,3;59,7;48,6;
00:01:25,475;60,0;60,0;31,1;68,8;64,4;60,0;48,3;
00:01:25,487;59,9;59,9;31,1;69,4;64,3;59,9;48,2;
00:01:25,500;59,5;59,5;31,1;69,1;64,3;59,5;48,3;
00:01:25,512;59,5;59,5;31,2;68,9;64,2;59,5;48,5;
00:01:25,525;59,6;59,6;31,2;69,1;64,1;59,6;48,2;
00:01:25,537;59,7;59,7;31,1;69,6;63,9;59,7;48,3;
00:01:25,550;59,6;59,6;30,9;69,4;64,2;59,6;48,3;
00:01:25,562;59,9;59,9;31,1;69,4;64,6;59,9;48,3;
00:01:25,575;59,8;59,8;31,0;69,0;64,1;59,8;48,0;
00:01:25,587;59,8;59,8;31,2;69,3;64,4;59,8;48,3;
00:01:25,600;59,8;59,8;31,1;68,8;64,6;59,8;48,3;
00:01:25,612;60,1;60,1;31,1;69,4;64,2;60,1;48,2;
00:01:25,625;59,8;59,8;31,2;69,2;64,6;59,8;48,2;
00:01:25,637;60,0;60,0;31,2;69,4;64,1;60,0;48,2;
00:01:25,650;60,1;60,1;31,2;69,1;64,3;60,1;48,0;
00:01:25,662;59,6;59,6;31,0;69,3;64,3;59,6;48,3;
00:01:25,675;59,6;59,6;31,0;69,2;63,8;59,6;48,2;
00:01:25,687;59,8;59,8;31,1;69,1;64,0;59,8;48,1;
00:01:25,700;59,9;59,9;31,0;69,1;64,3;59,9;48,6;
00:01:25,712;59,8;59,8;31,1;69,2;64,3;59,8;48,3;
00:01:25,725;60,1;60,1;31,4;69,0;63,9;60,1;48,3;
00:01:25,737;60,0;60,0;31,1;69,1;64,0;60,0;48,0;
00:01:25,750;59,8;59,8;31,1;69,0;64,3;59,8;47,9;
00:01:25,762;59,7;59,7;31,0;69,1;63,8;59,7;48,2;
00:01:25,775;59,8;59,8;31,1;69,3;64,3;59,8;47,9;
00:01:25,787;59,6;59,6;31,1;69,1;64,0;59,6;48,1;
00:01:25,800;59,4;59,4;31,1;69,1;63,6;59,4;48,2;
00:01:25,812;59,7;59,7;31,3;68,8;64,2;59,7;48,3;
00:01:25,825;59,6;59,6;30,8;69,1;64,3;59,6;48,2;
00:01:25,837;60,0;60,0;31,2;69,3;64,4;60,0;47,9;
00:01:25,850;59,2;59,2;30,9;69,2;64,1;59,2;48,4;
00:01:25,862;59,5;59,5;31,1;69,4;64,3;59,5;48,3;
00:01:25,875;59,8;59,8;31,0;69,1;64,2;59,8;47,9;
00:01:25,887;59,7;59,7;31,2;69,3;64,6;59,7;48,5;
00:01:25,900;59,2;59,2;31,0;68,9;64,0;59,2;48,1;
00:01:25,912;59,5;59,5;31,1;69,0;64,2;59,5;48,2;
00:01:25,925;59,8;59,8;31,1;69,1;64,1;59,8;48,1;
00:01:25,937;60,0;60,0;31,2;69,2;64,3;60,0;48,8;
00:01:25,950;59,9;59,9;31,2;69,1;64,4;59,9;48,1;
00:01:25,962;59,2;59,2;31,1;69,0;64,1;59,2;48,2;
00:01:25,975;59,7;59,7;31,2;69,1;64,2;59,7;48,6;
00:01:25,987;59,6;59,6;31,0;69,1;64,3;59,6;48,1;
00:01:26,000;59,7;59,7;31,1;69,3;64,2;59,7;48,1;
00:01:26,012;59,5;59,5;31,0;69,1;64,2;59,5;48,3;
00:01:26,025;59,7;59,7;31,1;69,1;64,4;59,7;48,2;
00:01:26,037;60,1;60,1;31,0;69,4;64,3;60,1;48,1;
00:01:26,050;60,0;60,0;30,9;69,0;63,7;60,0;48,0;
00:01:26,062;59,6;59,6;31,1;69,1;64,3;59,6;48,5;
00:01:26,075;59,8;59,8;31,0;69,1;64,2;59,8;48,1;
00:01:26,087;59,8;59,8;31,1;69,4;64,3;59,8;48,0;
00:01:26,100;59,8;59,8;31,1;68,8;64,3;59,8;48,0;
00:01:26,112;59,8;59,8;31,1;69,1;64,3;59,8;48,3;
00:01:26,125;59,8;59,8;31,2;69,3;64,5;59,8;48,0;
00:01:26,137;59,8;59,8;31,1;68,9;63,9;59,8;48,2;
00:01:26,150;59,6;59,6;30,9;69,1;64,3;59,6;47,9;
00:01:26,162;59,6;59,6;30,9;69,3;63,9;59,6;48,5;
00:01:26,175;59,8;59,8;31,1;69,2;64,6;59,8;48,3;
00:01:26,187;59,6;59,6;31,0;69,3;64,1;59,6;48,2;
00:01:26,200;59,8;59,8;31,1;68,9;64,0;59,8;47,9;
00:01:26,212;59,7;59,7;31,1;69,5;64,3;59,7;48,0;
00:01:26,225;59,8;59,8;31,0;69,4;64,3;59,8;47,9;
00:01:26,237;59,9;59,9;31,0;69,1;63,9;59,9;48,3;
00:01:26,250;59,4;59,4;30,9;69,3;64,2;59,4;47,9;
00:01:26,262;59,6;59,6;31,1;68,9;64,2;59,6;48,2;
00:01:26,275;59,7;59,7;31,0;69,0;64,1;59,7;48,2;
00:01:26,287;59,6;59,6;30,9;68,9;64,5;59,6;48,1;
00:01:26,300;59,7;59,7;30,9;69,1;64,4;59,7;48,0;
00:01:26,312;59,8;59,8;31,1;69,0;64,2;59,8;48,0;
00:01:26,325;59,8;59,8;31,1;69,3;64,0;59,8;48,0;
00:01:26,337;59,6;59,6;31,0;69,1;64,2;59,6;48,3;
00:01:26,350;59,5;59,5;31,1;69,0;64,3;59,5;48,0;
00:01:26,362;59,7;59,7;30,8;69,4;63,3;59,7;48,2;
00:01:26,375;59,9;59,9;31,1;69,0;64,4;59,9;48,3;
00:01:26,387;59,7;59,7;31,1;69,2;64,3;59,7;47,7;
00:01:26,400;59,6;59,6;30,8;69,3;64,0;59,6;48,0;
00:01:26,412;59,5;59,5;30,8;69,0;64,0;59,5;48,1;
00:01:26,425;59,8;59,8;30,8;69,3;64,3;59,8;48,3;
00:01:26,437;59,9;59,9;31,2;69,4;64,3;59,9;47,9;
00:01:26,450;59,5;59,5;30,8;69,1;64,3;59,5;48,0;
00:01:26,462;59,5;59,5;30,8;68,8;64,3;59,5;47,9;
00:01:26,475;59,7;59,7;30,8;69,0;64,3;59,7;48,4;
00:01:26,487;59,5;59,5;31,1;69,3;64,3;59,5;48,1;
00:01:26,500;59,6;59,6;31,0;69,4;64,6;59,6;48,0;
00:01:26,512;59,5;59,5;31,1;69,1;64,2;59,5;48,2;
00:01:26,525;59,7;59,7;31,1;69,1;64,2;59,7;48,0;
00:01:26,537;59,8;59,8;31,0;69,3;64,1;59,8;48,5;
00:01:26,550;59,3;59,3;30,9;69,3;63,9;59,3;48,2;
00:01:26,562;59,8;59,8;31,1;69,2;64,2;59,8;48,0;
00:01:26,575;59,6;59,6;31,1;68,9;64,4;59,6;48,5;
00:01:26,587;59,9;59,9;30,9;69,3;64,0;59,9;48,0;
00:01:26,600;59,7;59,7;30,8;69,3;64,0;59,7;48,3;
00:01:26,612;60,0;60,0;31,0;69,7;64,2;60,0;48,0;
00:01:26,625;59,7;59,7;31,1;69,6;64,3;59,7;48,2;
00:01:26,637;59,4;59,4;30,9;69,2;64,3;59,4;48,1;
00:01:26,650;60,0;60,0;31,1;69,5;64,2;60,0;48,1;
00:01:26,662;59,7;59,7;31,1;69,5;64,4;59,7;48,5;
00:01:26,675;59,7;59,7;31,1;69,3;64,5;59,7;48,6;
00:01:26,687;59,9;59,9;31,0;69,1;64,0;59,9;48,3;
00:01:26,700;59,7;59,7;30,9;69,0;64,5;59,7;48,5;
00:01:26,712;59,5;59,5;31,1;69,1;64,2;59,5;48,5;
00:01:26,725;59,6;59,6;31,1;69,0;64,2;59,6;48,1;
00:01:26,737;59,8;59,8;30,9;69,5;64,2;59,8;48,2;
00:01:26,750;59,5;59,5;31,3;69,5;64,3;59,5;48,1;
00:01:26,762;59,5;59,5;30,9;69,2;64,2;59,5;48,0;
00:01:26,775;59,7;59,7;31,1;69,0;64,0;59,7;48,5;
00:01:26,787;59,7;59,7;31,0;69,1;64,2;59,7;48,3;
00:01:26,800;59,8;59,8;31,2;69,2;64,2;59,8;48,2;
00:01:26,812;59,8;59,8;31,3;69,1;64,2;59,8;48,1;
00:01:26,825;59,7;59,7;30,9;69,4;64,4;59,7;48,1;
00:01:26,837;59,4;59,4;30,9;69,3;64,0;59,4;48,3;
00:01:26,850;60,0;60,0;31,1;69,3;64,0;60,0;48,2;
00:01:26,862;59,8;59,8;31,1;69,1;64,2;59,8;48,0;
00:01:26,875;59,6;59,6;31,0;68,9;63,9;59,6;48,3;
00:01:26,887;59,6;59,6;31,1;69,2;64,3;59,6;48,2;
00:01:26,900;60,0;60,0;31,0;69,3;64,3;60,0;48,6;
00:01:26,912;59,5;59,5;31,2;69,3;64,2;59,5;48,5;
00:01:26,925;59,5;59,5;30,8;69,4;64,2;59,5;48,2;
00:01:26,937;60,0;60,0;31,1;69,3;64,3;60,0;48,0;
00:01:26,950;59,6;59,6;30,8;69,3;64,1;59,6;48,3;
00:01:26,962;59,4;59,4;30,9;69,1;64,3;59,4;47,9;
00:01:26,975;60,0;60,0;31,1;69,0;64,4;60,0;48,2;
00:01:26,987;60,0;60,0;31,1;68,9;64,3;60,0;48,6;
00:01:27,000;59,8;59,8;31,0;69,3;64,1;59,8;48,3;
00:01:27,012;59,9;59,9;31,1;69,2;63,8;59,9;48,5;
00:01:27,025;59,5;59,5;31,1;68,9;64,3;59,5;48,3;
00:01:27,037;59,7;59,7;31,0;68,9;64,0;59,7;47,8;
00:01:27,050;59,7;59,7;31,1;69,1;64,6;59,7;48,0;
00:01:27,062;59,5;59,5;31,1;69,1;64,2;59,5;48,2;
00:01:27,075;59,8;59,8;31,1;68,9;63,9;59,8;48,6;
00:01:27,087;59,8;59,8;31,4;69,0;64,5;59,8;48,3;
00:01:27,100;59,7;59,7;31,1;69,1;64,3;59,7;48,6;
00:01:27,112;60,0;60,0;31,1;69,1;64,4;60,0;48,3;
00:01:27,125;59,7;59,7;31,1;69,3;64,3;59,7;48,0;
00:01:27,137;59,8;59,8;31,1;69,1;64,2;59,8;48,2;
00:01:27,150;59,4;59,4;31,0;69,0;64,4;59,4;48,1;
00:01:27,162;60,0;60,0;31,2;69,3;63,8;60,0;48,0;
00:01:27,175;59,8;59,8;31,0;69,4;64,3;59,8;48,3;
00:01:27,187;59,8;59,8;30,8;69,3;64,4;59,8;47,8;
00:01:27,200;59,8;59,8;30,9;69,3;64,2;59,8;48,1;
00:01:27,212;59,7;59,7;30,9;69,3;64,2;59,7;48,0;
00:01:27,225;59,8;59,8;31,1;69,0;64,6;59,8;48,0;
00:01:27,237;59,7;59,7;31,2;69,0;64,6;59,7;48,2;
00:01:27,250;59,4;59,4;31,1;68,9;64,2;59,4;48,4;
00:01:27,262;59,4;59,4;30,8;69,5;64,2;59,4;47,9;
00:01:27,275;59,8;59,8;31,1;69,2;64,3;59,8;48,3;
00:01:27,287;59,5;59,5;30,9;69,5;64,0;59,5;48,0;
00:01:27,300;59,5;59,5;30,8;69,2;63,7;59,5;48,3;
00:01:27,312;59,6;59,6;31,0;69,0;63,9;59,6;47,9;
00:01:27,325;59,7;59,7;30,9;69,1;64,3;59,7;48,0;
00:01:27,337;59,7;59,7;30,9;69,2;64,2;59,7;47,9;
00:01:27,350;59,5;59,5;31,0;69,0;63,9;59,5;48,0;
00:01:27,362;59,7;59,7;31,1;69,1;63,9;59,7;48,0;
00:01:27,375;59,7;59,7;30,9;69,1;64,2;59,7;48,2;
00:01:27,387;59,4;59,4;30,8;68,6;64,2;59,4;48,1;
00:01:27,400;59,6;59,6;31,1;69,0;64,2;59,6;48,0;
00:01:27,412;59,5;59,5;31,0;68,9;64,2;59,5;48,2;
00:01:27,425;59,3;59,3;30,9;69,1;63,7;59,3;48,2;
00:01:27,437;59,5;59,5;30,8;69,2;64,5;59,5;47,9;
00:01:27,450;59,8;59,8;31,0;69,1;64,2;59,8;48,0;
00:01:27,462;59,7;59,7;30,9;69,3;64,0;59,7;48,2;
00:01:27,475;59,7;59,7;30,8;69,2;64,0;59,7;47,9;
00:01:27,487;60,0;60,0;30,9;69,3;64,3;60,0;48,6;
00:01:27,500;59,7;59,7;30,8;68,9;64,3;59,7;48,0;
00:01:27,512;59,7;59,7;30,8;69,3;63,9;59,7;48,0;
00:01:27,525;59,6;59,6;31,1;68,9;64,3;59,6;48,5;
00:01:27,537;59,4;59,4;30,8;68,9;64,2;59,4;48,0;
00:01:27,550;59,4;59,4;30,9;69,0;64,4;59,4;48,0;
00:01:27,562;59,4;59,4;30,8;69,1;63,9;59,4;48,1;
00:01:27,575;59,6;59,6;30,8;68,9;63,9;59,6;48,1;
00:01:27,587;59,6;59,6;30,8;68,9;63,9;59,6;48,1;
00:01:27,600;59,5;59,5;31,2;68,9;64,2;59,5;48,2;
00:01:27,612;59,6;59,6;31,0;69,2;64,4;59,6;48,3;
00:01:27,625;60,0;60,0;30,8;69,4;64,4;60,0;48,2;
00:01:27,637;59,4;59,4;31,0;69,1;64,2;59,4;47,8;
00:01:27,650;59,8;59,8;30,9;69,5;64,0;59,8;48,3;
00:01:27,662;59,6;59,6;30,8;69,0;64,2;59,6;48,1;
00:01:27,675;59,5;59,5;30,9;68,9;63,9;59,5;48,0;
00:01:27,687;59,6;59,6;30,9;69,3;64,2;59,6;47,9;
00:01:27,700;59,5;59,5;31,0;69,4;63,9;59,5;47,9;
00:01:27,712;59,4;59,4;31,0;69,5;64,3;59,4;47,8;
00:01:27,725;59,5;59,5;31,0;69,0;63,9;59,5;48,0;
00:01:27,737;59,7;59,7;30,9;69,0;64,5;59,7;48,0;
00:01:27,750;59,9;59,9;31,0;69,3;64,4;59,9;48,2;
00:01:27,762;59,6;59,6;31,0;69,1;64,5;59,6;48,3;
00:01:27,775;60,0;60,0;30,9;69,1;64,0;60,0;47,8;
00:01:27,787;59,7;59,7;30,9;69,0;63,9;59,7;48,3;
00:01:27,800;59,8;59,8;31,1;69,1;64,0;59,8;47,9;
00:01:27,812;60,0;60,0;30,9;69,5;64,2;60,0;47,9;
00:01:27,825;59,7;59,7;31,1;69,4;64,1;59,7;48,2;
00:01:27,837;59,7;59,7;31,0;69,2;64,2;59,7;47,9;
00:01:27,850;59,4;59,4;30,8;69,1;64,3;59,4;47,7;
00:01:27,862;59,8;59,8;30,9;69,2;64,1;59,8;48,5;
00:01:27,875;59,4;59,4;31,0;69,4;63,9;59,4;47,9;
00:01:27,887;59,7;59,7;30,9;69,3;64,2;59,7;48,3;
00:01:27,900;59,3;59,3;30,9;69,5;63,8;59,3;48,1;
00:01:27,912;59,4;59,4;30,8;69,4;64,5;59,4;47,9;
00:01:27,925;59,6;59,6;31,0;69,0;64,1;59,6;48,2;
00:01:27,937;59,5;59,5;30,8;69,1;63,9;59,5;48,0;
00:01:27,950;59,8;59,8;31,0;68,9;64,3;59,8;47,8;
00:01:27,962;59,3;59,3;30,8;69,0;63,9;59,3;48,2;
00:01:27,975;59,5;59,5;30,9;68,8;64,2;59,5;47,8;
00:01:27,987;59,8;59,8;31,1;69,1;64,1;59,8;48,0;
00:01:28,000;59,6;59,6;30,9;68,8;64,4;59,6;48,2;
00:01:28,012;59,5;59,5;30,8;69,4;64,4;59,5;48,2;
00:01:28,025;59,4;59,4;31,1;69,1;64,0;59,4;48,2;
00:01:28,037;59,6;59,6;30,8;69,5;64,3;59,6;48,2;
00:01:28,050;59,7;59,7;31,1;69,0;64,1;59,7;48,0;
00:01:28,062;59,3;59,3;31,0;69,5;64,2;59,3;48,0;
00:01:28,075;59,6;59,6;30,9;69,3;63,9;59,6;48,1;
00:01:28,087;60,1;60,1;30,8;68,7;63,8;60,1;48,3;
00:01:28,100;60,0;60,0;30,8;69,1;64,3;60,0;48,2;
00:01:28,112;59,4;59,4;30,9;69,0;64,6;59,4;48,1;
00:01:28,125;59,8;59,8;31,1;69,1;64,2;59,8;48,0;
00:01:28,137;60,2;60,2;30,9;69,2;63,9;60,2;48,2;
00:01:28,150;59,7;59,7;31,0;68,7;64,2;59,7;48,3;
00:01:28,162;59,6;59,6;31,0;69,3;64,2;59,6;47,6;
00:01:28,175;59,5;59,5;31,0;69,0;64,0;59,5;48,0;
00:01:28,187;59,7;59,7;31,0;68,9;64,3;59,7;48,1;
00:01:28,200;59,7;59,7;30,9;69,3;64,1;59,7;47,9;
00:01:28,212;59,3;59,3;30,8;68,8;64,3;59,3;48,0;
00:01:28,225;59,4;59,4;30,9;69,3;64,0;59,4;48,3;
00:01:28,237;59,7;59,7;30,9;69,6;64,0;59,7;48,1;
00:01:28,250;59,8;59,8;30,8;69,3;64,2;59,8;48,2;
00:01:28,262;60,1;60,1;31,2;69,1;64,5;60,1;48,2;
00:01:28,275;59,5;59,5;30,8;69,1;64,3;59,5;48,2;
00:01:28,287;59,4;59,4;30,8;69,4;64,1;59,4;48,0;
00:01:28,300;59,7;59,7;30,8;69,0;64,3;59,7;48,0;
00:01:28,312;59,6;59,6;30,8;69,1;64,3;59,6;48,2;
00:01:28,325;59,5;59,5;30,8;69,1;64,0;59,5;48,2;
00:01:28,337;59,5;59,5;31,0;69,1;64,6;59,5;48,0;
00:01:28,350;59,7;59,7;30,8;69,0;63,8;59,7;48,1;
00:01:28,362;59,8;59,8;30,9;68,8;64,1;59,8;48,5;
00:01:28,375;59,4;59,4;30,9;68,8;64,3;59,4;48,2;
00:01:28,387;59,8;59,8;30,8;69,0;63,9;59,8;48,2;
00:01:28,400;59,4;59,4;31,0;69,3;64,3;59,4;48,1;
00:01:28,412;59,5;59,5;30,9;69,3;64,1;59,5;48,2;
00:01:28,425;59,6;59,6;30,9;69,2;64,0;59,6;47,8;
00:01:28,437;60,1;60,1;30,9;69,2;64,0;60,1;48,0;
00:01:28,450;59,7;59,7;30,8;69,0;64,2;59,7;48,5;
00:01:28,462;59,7;59,7;30,8;69,2;64,2;59,7;48,1;
00:01:28,475;59,5;59,5;31,0;69,1;64,0;59,5;48,2;
00:01:28,487;59,3;59,3;31,2;69,0;64,0;59,3;48,0;
00:01:28,500;59,8;59,8;30,8;68,9;64,1;59,8;48,0;
00:01:28,512;59,5;59,5;30,9;69,2;64,2;59,5;48,2;
00:01:28,525;59,7;59,7;30,8;69,5;64,2;59,7;48,2;
00:01:28,537;59,5;59,5;30,8;68,9;64,0;59,5;47,8;
00:01:28,550;59,4;59,4;30,9;69,1;63,8;59,4;47,9;
00:01:28,562;59,5;59,5;30,7;69,0;63,9;59,5;47,9;
00:01:28,575;59,5;59,5;30,8;69,3;64,0;59,5;48,0;
00:01:28,587;59,6;59,6;31,0;69,0;64,0;59,6;48,1;
00:01:28,600;59,8;59,8;31,1;69,0;64,0;59,8;47,9;
00:01:28,612;59,7;59,7;30,8;69,0;64,4;59,7;47,8;
00:01:28,625;59,7;59,7;30,8;69,1;64,0;59,7;48,2;
00:01:28,637;59,7;59,7;30,8;69,3;64,1;59,7;47,9;
00:01:28,650;59,6;59,6;30,7;68,9;63,8;59,6;47,8;
00:01:28,662;59,8;59,8;31,0;69,6;64,4;59,8;48,0;
00:01:28,675;59,7;59,7;31,1;69,1;64,2;59,7;48,2;
00:01:28,687;59,8;59,8;31,4;68,9;64,5;59,8;48,1;
00:01:28,700;59,3;59,3;30,7;68,8;64,2;59,3;48,0;
00:01:28,712;59,8;59,8;30,7;69,3;64,0;59,8;48,1;
00:01:28,725;59,5;59,5;31,1;69,1;64,3;59,5;47,9;
00:01:28,737;59,5;59,5;30,8;69,1;63,9;59,5;48,0;
00:01:28,750;59,7;59,7;30,7;69,1;64,3;59,7;48,0;
00:01:28,762;59,4;59,4;30,6;69,0;64,0;59,4;48,0;
00:01:28,775;59,6;59,6;30,7;69,1;64,3;59,6;47,6;
00:01:28,787;59,7;59,7;30,6;68,9;64,2;59,7;47,8;
00:01:28,800;59,5;59,5;30,7;69,0;64,3;59,5;48,0;
00:01:28,812;59,8;59,8;30,7;69,2;64,3;59,8;47,8;
00:01:28,825;59,8;59,8;30,7;69,5;64,0;59,8;48,3;
00:01:28,837;59,6;59,6;30,8;69,1;64,0;59,6;47,9;
00:01:28,850;59,9;59,9;30,9;69,0;64,2;59,9;47,8;
00:01:28,862;59,7;59,7;30,7;69,1;64,0;59,7;48,1;
00:01:28,875;59,8;59,8;30,8;69,0;63,8;59,8;48,1;
00:01:28,887;59,7;59,7;30,8;69,0;64,2;59,7;48,2;
00:01:28,900;59,7;59,7;30,8;68,9;64,3;59,7;48,0;
00:01:28,912;59,6;59,6;30,6;69,1;64,3;59,6;48,2;
00:01:28,925;59,8;59,8;30,8;69,1;64,0;59,8;48,1;
00:01:28,937;59,5;59,5;30,9;68,7;63,8;59,5;48,2;
00:01:28,950;59,7;59,7;30,8;69,0;63,9;59,7;47,9;
00:01:28,962;59,7;59,7;30,8;69,1;64,2;59,7;48,0;
00:01:28,975;59,4;59,4;30,9;68,8;63,9;59,4;48,2;
00:01:28,987;59,8;59,8;30,8;68,8;64,0;59,8;48,0;
00:01:29,000;59,7;59,7;30,8;69,0;64,1;59,7;48,0;
00:01:29,012;59,5;59,5;30,6;69,1;64,2;59,5;48,1;
00:01:29,025;59,8;59,8;30,8;69,1;64,0;59,8;48,2;
00:01:29,037;59,6;59,6;30,6;69,0;64,1;59,6;48,0;
00:01:29,050;59,5;59,5;30,9;69,2;64,2;59,5;47,8;
00:01:29,062;59,5;59,5;30,6;69,0;63,8;59,5;47,8;
00:01:29,075;59,9;59,9;30,9;68,8;63,8;59,9;47,8;
00:01:29,087;59,5;59,5;30,6;69,2;63,8;59,5;48,0;
00:01:29,100;59,5;59,5;31,0;69,1;64,3;59,5;48,3;
00:01:29,112;59,5;59,5;30,9;69,1;64,2;59,5;48,3;
00:01:29,125;59,8;59,8;31,0;69,4;64,3;59,8;48,3;
00:01:29,137;59,5;59,5;30,6;69,0;64,0;59,5;48,2;
00:01:29,150;59,7;59,7;30,8;69,4;64,2;59,7;47,8;
00:01:29,162;59,5;59,5;30,9;69,1;64,2;59,5;47,9;
00:01:29,175;59,7;59,7;30,9;69,0;63,9;59,7;48,2;
00:01:29,187;59,8;59,8;30,9;68,9;64,0;59,8;48,1;
00:01:29,200;59,3;59,3;30,8;69,3;64,2;59,3;48,5;
00:01:29,212;59,6;59,6;31,1;68,9;64,4;59,6;48,0;
00:01:29,225;59,4;59,4;30,8;69,3;63,7;59,4;48,0;
00:01:29,237;59,6;59,6;30,8;69,0;64,2;59,6;47,9;
00:01:29,250;60,0;60,0;30,8;68,8;64,3;60,0;48,0;
00:01:29,262;59,4;59,4;30,7;69,1;64,2;59,4;47,5;
00:01:29,275;59,8;59,8;30,8;69,4;63,7;59,8;47,6;
00:01:29,287;59,3;59,3;30,8;69,0;63,9;59,3;47,8;
00:01:29,300;59,1;59,1;30,6;68,7;64,2;59,1;48,0;
00:01:29,312;59,4;59,4;30,6;69,2;64,1;59,4;47,9;
00:01:29,325;59,3;59,3;30,8;69,0;63,9;59,3;47,9;
00:01:29,337;59,7;59,7;30,6;68,8;64,0;59,7;48,1;
00:01:29,350;60,0;60,0;30,9;68,9;64,3;60,0;48,5;
00:01:29,362;59,5;59,5;30,8;68,9;63,9;59,5;48,5;
00:01:29,375;59,6;59,6;30,8;69,3;64,1;59,6;47,8;
00:01:29,387;59,3;59,3;30,8;69,3;64,1;59,3;48,1;
00:01:29,400;59,4;59,4;30,8;68,9;64,2;59,4;48,2;
00:01:29,412;59,7;59,7;31,0;69,5;63,9;59,7;47,9;
00:01:29,425;59,4;59,4;31,0;69,5;64,2;59,4;48,0;
00:01:29,437;59,4;59,4;30,7;69,5;63,9;59,4;47,9;
00:01:29,450;59,8;59,8;31,1;69,2;64,2;59,8;48,3;
00:01:29,462;59,5;59,5;31,1;69,0;64,1;59,5;47,8;
00:01:29,475;59,7;59,7;31,2;69,0;64,2;59,7;48,3;
00:01:29,487;59,2;59,2;30,7;69,0;64,0;59,2;48,2;
00:01:29,500;59,6;59,6;30,8;68,9;64,5;59,6;48,2;
00:01:29,512;59,3;59,3;30,8;69,0;64,1;59,3;48,3;
00:01:29,525;59,5;59,5;30,8;69,2;64,3;59,5;48,5;
00:01:29,537;59,5;59,5;30,8;69,2;64,2;59,5;48,0;
00:01:29,550;59,5;59,5;30,8;68,9;64,3;59,5;48,2;
00:01:29,562;60,1;60,1;30,8;68,9;64,1;60,1;48,2;
00:01:29,575;59,7;59,7;31,0;69,0;64,0;59,7;48,0;
00:01:29,587;59,7;59,7;31,0;69,1;64,2;59,7;48,2;
00:01:29,600;59,4;59,4;30,8;68,9;64,3;59,4;48,2;
00:01:29,612;59,9;59,9;30,9;69,4;64,1;59,9;48,2;
00:01:29,625;59,5;59,5;31,0;69,1;64,3;59,5;48,1;
00:01:29,637;59,7;59,7;30,8;69,1;64,0;59,7;48,2;
00:01:29,650;59,3;59,3;31,0;69,0;64,0;59,3;48,1;
00:01:29,662;59,5;59,5;30,8;69,2;64,3;59,5;47,9;
00:01:29,675;60,0;60,0;30,8;69,1;64,0;60,0;48,2;
00:01:29,687;59,6;59,6;30,8;69,0;64,1;59,6;48,2;
00:01:29,700;60,0;60,0;30,8;69,1;64,3;60,0;48,1;
00:01:29,712;59,9;59,9;30,7;69,5;64,3;59,9;48,0;
00:01:29,725;59,8;59,8;30,9;69,2;64,2;59,8;47,9;
00:01:29,737;59,4;59,4;30,8;69,1;64,2;59,4;48,1;
00:01:29,750;59,6;59,6;30,9;68,9;64,5;59,6;48,0;
00:01:29,762;59,7;59,7;30,7;69,0;64,1;59,7;48,6;
00:01:29,775;59,6;59,6;31,0;69,2;63,8;59,6;48,6;
00:01:29,787;59,5;59,5;31,2;69,2;64,1;59,5;48,0;
00:01:29,800;60,0;60,0;30,9;69,1;64,0;60,0;47,9;
00:01:29,812;59,3;59,3;30,9;69,0;64,0;59,3;48,0;
00:01:29,825;59,7;59,7;30,9;69,0;64,2;59,7;48,0;
00:01:29,837;59,9;59,9;31,0;69,1;64,2;59,9;48,5;
00:01:29,850;59,7;59,7;30,9;69,3;63,9;59,7;48,2;
00:01:29,862;59,8;59,8;30,9;68,9;64,2;59,8;48,3;
00:01:29,875;59,5;59,5;30,8;69,2;64,3;59,5;48,2;
00:01:29,887;60,0;60,0;30,9;69,1;64,0;60,0;47,9;
00:01:29,900;59,7;59,7;30,8;69,1;63,9;59,7;48,2;
00:01:29,912;59,4;59,4;30,8;69,2;64,1;59,4;48,0;
00:01:29,925;59,8;59,8;30,8;69,4;64,1;59,8;48,0;
00:01:29,937;59,5;59,5;30,8;69,3;63,9;59,5;47,8;
00:01:29,950;60,0;60,0;30,7;69,1;64,4;60,0;47,9;
00:01:29,962;59,5;59,5;30,8;69,4;64,2;59,5;48,2;
00:01:29,975;59,8;59,8;30,9;69,0;63,9;59,8;48,3;
00:01:29,987;59,6;59,6;30,9;69,0;64,2;59,6;48,1;
00:01:30,000;59,8;59,8;30,8;69,3;64,3;59,8;48,1;
00:01:30,012;59,5;59,5;30,9;69,5;64,0;59,5;48,3;
00:01:30,025;59,7;59,7;30,8;69,5;64,3;59,7;48,3;
00:01:30,037;60,1;60,1;30,9;69,0;64,1;60,1;48,2;
00:01:30,050;59,7;59,7;30,7;68,9;63,9;59,7;48,1;
00:01:30,062;59,4;59,4;30,7;69,0;64,2;59,4;48,0;
00:01:30,075;59,7;59,7;30,9;69,3;64,2;59,7;48,0;
00:01:30,087;59,5;59,5;30,7;68,9;64,0;59,5;47,8;
00:01:30,100;60,0;60,0;30,9;69,4;64,2;60,0;48,0;
00:01:30,112;59,5;59,5;30,8;69,1;64,0;59,5;48,2;
00:01:30,125;59,5;59,5;30,8;69,1;64,0;59,5;48,2;
00:01:30,137;59,5;59,5;30,9;68,9;63,9;59,5;48,2;
00:01:30,150;59,5;59,5;30,6;69,2;63,9;59,5;48,1;
00:01:30,162;59,8;59,8;30,7;69,2;64,0;59,8;48,2;
00:01:30,175;59,4;59,4;30,8;69,0;64,2;59,4;48,0;
00:01:30,187;59,8;59,8;30,8;69,1;64,1;59,8;48,1;
00:01:30,200;59,7;59,7;31,1;69,0;64,0;59,7;48,2;
00:01:30,212;59,7;59,7;30,8;69,1;64,0;59,7;48,0;
00:01:30,225;59,7;59,7;30,9;69,1;64,0;59,7;48,2;
00:01:30,237;60,0;60,0;30,8;69,4;63,9;60,0;48,2;
00:01:30,250;59,5;59,5;30,7;69,3;64,0;59,5;47,9;
00:01:30,262;59,8;59,8;30,9;69,1;63,9;59,8;48,2;
00:01:30,275;60,0;60,0;30,7;69,1;63,8;60,0;48,5;
00:01:30,287;59,6;59,6;30,7;69,0;64,4;59,6;48,2;
00:01:30,300;59,7;59,7;30,8;68,9;64,4;59,7;47,9;
00:01:30,312;59,6;59,6;30,7;69,0;63,9;59,6;48,1;
00:01:30,325;59,6;59,6;30,9;69,1;64,0;59,6;48,3;
00:01:30,337;60,0;60,0;30,7;68,9;64,0;60,0;48,2;
00:01:30,350;59,4;59,4;30,8;69,3;63,6;59,4;48,2;
00:01:30,362;59,4;59,4;31,0;69,2;64,4;59,4;47,9;
00:01:30,375;59,7;59,7;30,8;69,5;63,8;59,7;47,9;
00:01:30,387;59,8;59,8;31,3;69,0;64,0;59,8;48,5;
00:01:30,400;59,9;59,9;30,8;69,1;63,9;59,9;48,0;
00:01:30,412;59,7;59,7;30,8;68,8;64,3;59,7;48,5;
00:01:30,425;60,2;60,2;30,9;69,0;63,9;60,2;48,0;
00:01:30,437;60,0;60,0;30,7;68,9;64,2;60,0;47,8;
00:01:30,450;59,4;59,4;31,0;69,2;64,2;59,4;48,6;
00:01:30,462;59,4;59,4;30,8;69,3;64,0;59,4;48,5;
00:01:30,475;59,4;59,4;31,1;69,1;64,2;59,4;47,9;
00:01:30,487;59,6;59,6;30,9;69,1;64,3;59,6;47,8;
00:01:30,500;59,4;59,4;31,1;69,1;64,2;59,4;48,2;
00:01:30,512;59,5;59,5;30,9;69,1;64,0;59,5;48,5;
00:01:30,525;59,8;59,8;31,0;69,4;64,2;59,8;48,2;
00:01:30,537;59,6;59,6;31,1;69,0;64,2;59,6;48,0;
00:01:30,550;59,7;59,7;30,8;69,1;63,9;59,7;47,9;
00:01:30,562;59,7;59,7;30,8;69,4;64,3;59,7;48,2;
00:01:30,575;59,5;59,5;31,0;69,3;64,0;59,5;48,6;
00:01:30,587;59,6;59,6;30,8;69,1;64,2;59,6;47,9;
00:01:30,600;59,7;59,7;30,8;69,0;64,3;59,7;48,3;
00:01:30,612;59,6;59,6;30,8;68,9;64,0;59,6;48,0;
00:01:30,625;59,6;59,6;30,8;68,9;64,3;59,6;48,3;
00:01:30,637;59,8;59,8;30,7;69,2;64,1;59,8;48,1;
00:01:30,650;60,1;60,1;30,9;69,4;64,4;60,1;48,2;
00:01:30,662;59,5;59,5;30,8;69,0;64,0;59,5;47,9;
00:01:30,675;59,5;59,5;30,8;68,8;64,0;59,5;48,1;
00:01:30,687;59,7;59,7;30,6;68,8;64,0;59,7;47,9;
00:01:30,700;60,0;60,0;30,8;69,1;64,2;60,0;47,9;
00:01:30,712;59,5;59,5;30,7;69,3;64,0;59,5;47,8;
00:01:30,725;59,8;59,8;30,6;69,5;64,0;59,8;48,3;
00:01:30,737;59,9;59,9;30,9;69,0;64,0;59,9;48,3;
00:01:30,750;59,8;59,8;30,8;68,7;64,2;59,8;48,1;
00:01:30,762;60,0;60,0;30,7;69,0;64,0;60,0;48,1;
00:01:30,775;60,0;60,0;31,1;69,1;64,0;60,0;48,0;
00:01:30,787;59,8;59,8;30,8;69,1;64,1;59,8;48,0;
00:01:30,800;59,7;59,7;31,1;68,9;64,2;59,7;48,1;
00:01:30,812;60,0;60,0;30,6;69,4;63,8;60,0;47,8;
00:01:30,825;59,7;59,7;30,8;69,0;63,6;59,7;48,2;
00:01:30,837;60,2;60,2;30,8;69,2;63,8;60,2;48,1;
00:01:30,850;59,7;59,7;30,9;68,8;63,9;59,7;47,9;
00:01:30,862;59,2;59,2;30,8;69,3;64,5;59,2;48,1;
00:01:30,875;59,4;59,4;31,0;69,4;64,1;59,4;48,2;
00:01:30,887;59,7;59,7;31,0;69,2;64,2;59,7;48,1;
00:01:30,900;59,8;59,8;31,0;69,5;64,4;59,8;48,1;
00:01:30,912;59,7;59,7;31,0;69,1;64,1;59,7;48,2;
00:01:30,925;59,8;59,8;30,8;69,4;64,1;59,8;48,1;
00:01:30,937;60,0;60,0;30,8;69,4;63,6;60,0;48,0;
00:01:30,950;59,7;59,7;31,2;69,2;64,0;59,7;48,2;
00:01:30,962;59,8;59,8;30,7;69,2;63,9;59,8;48,2;
00:01:30,975;60,0;60,0;30,8;68,9;63,9;60,0;48,1;
00:01:30,987;59,4;59,4;30,8;69,4;64,2;59,4;48,2;
00:01:31,000;59,8;59,8;30,8;68,9;64,2;59,8;48,2;
00:01:31,012;59,4;59,4;30,6;69,3;64,2;59,4;48,2;
00:01:31,025;59,9;59,9;30,7;69,2;64,1;59,9;48,5;
00:01:31,037;59,5;59,5;30,8;69,3;63,8;59,5;48,2;
00:01:31,050;59,8;59,8;30,8;69,3;64,0;59,8;48,1;
00:01:31,062;59,8;59,8;30,7;69,1;63,8;59,8;47,8;
00:01:31,075;59,5;59,5;30,6;69,0;64,5;59,5;48,0;
00:01:31,087;59,5;59,5;30,7;68,9;63,6;59,5;48,2;
00:01:31,100;59,5;59,5;30,6;69,1;64,2;59,5;48,2;
00:01:31,112;59,6;59,6;30,5;69,0;64,0;59,6;47,8;
00:01:31,125;59,8;59,8;30,8;68,9;63,9;59,8;48,3;
00:01:31,137;59,7;59,7;30,7;69,0;64,1;59,7;48,3;
00:01:31,150;59,4;59,4;30,8;69,0;64,0;59,4;48,0;
00:01:31,162;59,4;59,4;30,9;68,7;64,4;59,4;48,1;
00:01:31,175;59,5;59,5;30,6;69,1;63,8;59,5;48,5;
00:01:31,187;59,8;59,8;30,8;69,0;64,0;59,8;48,2;
00:01:31,200;59,8;59,8;30,7;69,2;64,0;59,8;48,0;
00:01:31,212;59,5;59,5;30,7;69,2;64,1;59,5;48,2;
00:01:31,225;59,7;59,7;30,6;69,0;63,9;59,7;48,2;
00:01:31,237;59,3;59,3;30,7;69,1;63,8;59,3;48,1;
00:01:31,250;59,7;59,7;30,6;68,7;64,0;59,7;48,1;
00:01:31,262;59,8;59,8;30,8;69,3;63,8;59,8;48,3;
00:01:31,275;59,7;59,7;30,7;69,1;63,8;59,7;48,0;
00:01:31,287;59,7;59,7;30,7;69,1;63,9;59,7;48,3;
00:01:31,300;59,7;59,7;30,9;69,3;64,2;59,7;48,0;
00:01:31,312;59,6;59,6;31,2;69,1;64,1;59,6;48,0;
00:01:31,325;59,8;59,8;31,0;69,0;63,8;59,8;48,1;
00:01:31,337;59,6;59,6;30,9;69,1;64,2;59,6;48,0;
00:01:31,350;59,9;59,9;30,8;69,2;64,3;59,9;48,3;
00:01:31,362;59,2;59,2;30,8;69,2;63,9;59,2;48,0;
00:01:31,375;59,6;59,6;30,9;68,9;64,2;59,6;48,2;
00:01:31,387;59,6;59,6;30,8;69,5;63,9;59,6;48,2;
00:01:31,400;59,8;59,8;30,9;69,4;64,2;59,8;48,1;
00:01:31,412;59,4;59,4;30,9;69,1;63,8;59,4;47,9;
00:01:31,425;59,5;59,5;30,9;69,1;64,3;59,5;47,9;
00:01:31,437;59,6;59,6;30,8;68,8;64,2;59,6;48,0;
00:01:31,450;60,0;60,0;30,7;68,9;63,8;60,0;48,1;
00:01:31,462;59,5;59,5;31,0;69,0;63,9;59,5;48,3;
00:01:31,475;59,5;59,5;30,8;69,0;64,2;59,5;48,0;
00:01:31,487;59,7;59,7;30,6;69,0;64,3;59,7;48,2;
00:01:31,500;59,7;59,7;30,9;69,4;64,2;59,7;48,2;
00:01:31,512;59,4;59,4;31,0;69,3;64,0;59,4;48,2;
00:01:31,525;59,7;59,7;30,8;68,9;64,1;59,7;48,4;
00:01:31,537;59,9;59,9;30,8;69,0;64,1;59,9;48,1;
00:01:31,550;59,4;59,4;30,8;69,4;64,2;59,4;48,2;
00:01:31,562;59,8;59,8;30,8;69,3;63,8;59,8;48,3;
00:01:31,575;59,5;59,5;30,8;68,9;64,4;59,5;48,0;
00:01:31,587;59,9;59,9;30,6;69,0;64,0;59,9;48,2;
00:01:31,600;59,9;59,9;30,7;69,2;64,3;59,9;47,9;
00:01:31,612;59,4;59,4;30,8;69,4;64,0;59,4;48,3;
00:01:31,625;59,4;59,4;30,7;69,0;64,4;59,4;48,6;
00:01:31,637;59,7;59,7;30,6;69,4;64,4;59,7;48,2;
00:01:31,650;59,6;59,6;30,8;69,2;64,1;59,6;48,0;
00:01:31,662;59,4;59,4;30,7;69,1;64,0;59,4;48,3;
00:01:31,675;59,6;59,6;30,7;69,4;64,0;59,6;48,3;
00:01:31,687;59,8;59,8;31,0;69,3;64,0;59,8;48,2;
00:01:31,700;59,8;59,8;30,8;69,3;64,2;59,8;48,2;
00:01:31,712;60,0;60,0;30,8;69,0;64,0;60,0;48,0;
00:01:31,725;59,7;59,7;30,8;68,9;64,3;59,7;48,5;
00:01:31,737;59,5;59,5;31,1;69,3;64,2;59,5;48,2;
00:01:31,750;59,9;59,9;30,9;69,5;64,3;59,9;48,3;
00:01:31,762;60,0;60,0;31,0;69,4;64,1;60,0;48,1;
00:01:31,775;59,6;59,6;30,9;68,7;63,8;59,6;48,2;
00:01:31,787;59,5;59,5;30,8;68,9;64,0;59,5;48,6;
00:01:31,800;59,7;59,7;31,0;69,5;64,2;59,7;48,2;
00:01:31,812;59,5;59,5;30,8;69,1;64,2;59,5;48,1;
00:01:31,825;59,6;59,6;30,9;68,9;63,9;59,6;48,2;
00:01:31,837;59,7;59,7;30,8;69,3;63,8;59,7;48,0;
00:01:31,850;59,6;59,6;30,7;69,1;64,3;59,6;48,5;
00:01:31,862;59,4;59,4;30,9;69,2;63,9;59,4;48,3;
00:01:31,875;59,7;59,7;30,8;69,1;64,0;59,7;47,8;
00:01:31,887;59,8;59,8;31,0;69,0;64,2;59,8;48,5;
00:01:31,900;59,5;59,5;30,9;69,5;64,0;59,5;48,2;
00:01:31,912;59,5;59,5;30,6;69,2;63,9;59,5;48,2;
00:01:31,925;59,4;59,4;30,7;68,9;64,6;59,4;47,9;
00:01:31,937;59,5;59,5;30,8;69,1;63,8;59,5;48,2;
00:01:31,950;59,3;59,3;30,9;69,1;64,2;59,3;48,0;
00:01:31,962;59,8;59,8;30,8;69,1;64,0;59,8;48,2;
00:01:31,975;59,8;59,8;30,8;68,7;63,9;59,8;48,0;
00:01:31,987;59,5;59,5;30,9;69,1;63,8;59,5;48,2;
00:01:32,000;59,9;59,9;30,9;69,2;63,8;59,9;48,3;
00:01:32,012;59,8;59,8;31,1;69,0;64,2;59,8;48,1;
00:01:32,025;59,3;59,3;30,8;69,3;63,9;59,3;48,0;
00:01:32,037;59,7;59,7;30,8;69,0;63,8;59,7;48,2;
00:01:32,050;59,5;59,5;30,8;69,3;64,0;59,5;48,2;
00:01:32,062;59,5;59,5;31,2;69,0;64,2;59,5;48,2;
00:01:32,075;60,0;60,0;30,8;68,9;64,3;60,0;48,6;
00:01:32,087;59,8;59,8;30,8;69,3;64,1;59,8;48,3;
00:01:32,100;59,5;59,5;30,8;68,6;64,2;59,5;48,3;
00:01:32,112;59,9;59,9;30,8;69,0;63,9;59,9;48,0;
00:01:32,125;59,7;59,7;31,0;69,1;64,1;59,7;48,3;
00:01:32,137;59,6;59,6;30,7;69,4;64,0;59,6;48,0;
00:01:32,150;59,4;59,4;30,6;69,5;64,1;59,4;48,2;
00:01:32,162;59,6;59,6;30,7;68,9;64,2;59,6;47,8;
00:01:32,175;59,7;59,7;30,6;69,3;64,0;59,7;48,0;
00:01:32,187;59,7;59,7;30,8;69,3;64,3;59,7;48,0;
00:01:32,200;59,7;59,7;30,7;68,7;64,0;59,7;48,5;
00:01:32,212;59,5;59,5;30,6;69,1;63,7;59,5;47,9;
00:01:32,225;59,5;59,5;30,8;69,1;63,7;59,5;48,1;
00:01:32,237;59,7;59,7;30,4;69,2;63,8;59,7;48,0;
00:01:32,250;59,8;59,8;30,7;69,1;64,0;59,8;48,0;
00:01:32,262;59,8;59,8;31,0;69,0;64,1;59,8;48,3;
00:01:32,275;59,4;59,4;30,8;69,1;63,8;59,4;47,9;
00:01:32,287;59,8;59,8;30,8;68,9;64,1;59,8;48,3;
00:01:32,300;59,6;59,6;30,7;69,2;64,1;59,6;48,2;
00:01:32,312;59,4;59,4;30,6;69,1;64,2;59,4;48,2;
00:01:32,325;59,4;59,4;30,8;69,3;64,2;59,4;47,8;
00:01:32,337;59,8;59,8;30,6;69,0;64,3;59,8;48,5;
00:01:32,350;59,5;59,5;30,9;69,3;63,9;59,5;48,3;
00:01:32,362;59,7;59,7;30,7;69,1;63,8;59,7;47,9;
00:01:32,375;59,7;59,7;30,6;69,3;64,0;59,7;48,3;
00:01:32,387;59,7;59,7;30,6;69,0;63,9;59,7;48,2;
00:01:32,400;59,5;59,5;30,9;69,5;63,9;59,5;48,3;
00:01:32,412;59,4;59,4;30,6;69,1;64,0;59,4;47,9;
00:01:32,425;59,8;59,8;30,6;69,0;64,0;59,8;47,9;
00:01:32,437;59,4;59,4;30,8;69,0;64,0;59,4;48,2;
00:01:32,450;59,6;59,6;30,7;69,0;63,9;59,6;48,1;
00:01:32,462;59,4;59,4;30,7;69,3;64,2;59,4;48,2;
00:01:32,475;59,5;59,5;30,6;69,3;63,8;59,5;48,6;
00:01:32,487;59,6;59,6;30,8;69,5;64,2;59,6;48,1;
00:01:32,500;60,1;60,1;30,8;69,1;64,2;60,1;48,0;
00:01:32,512;59,8;59,8;30,8;69,0;64,0;59,8;48,0;
00:01:32,525;59,5;59,5;30,7;69,1;63,9;59,5;48,2;
00:01:32,537;59,8;59,8;30,8;69,0;64,5;59,8;48,1;
00:01:32,550;59,7;59,7;30,9;69,4;64,2;59,7;48,5;
00:01:32,562;59,4;59,4;30,6;69,2;64,0;59,4;48,2;
00:01:32,575;59,5;59,5;30,6;69,5;64,1;59,5;48,0;
00:01:32,587;59,3;59,3;30,6;69,0;64,0;59,3;48,3;
00:01:32,600;59,3;59,3;30,7;69,0;63,9;59,3;48,3;
00:01:32,612;59,8;59,8;30,8;69,1;64,1;59,8;48,0;
00:01:32,625;59,8;59,8;30,6;69,0;63,8;59,8;48,0;
00:01:32,637;59,5;59,5;30,7;69,0;64,0;59,5;47,6;
00:01:32,650;59,4;59,4;30,6;68,9;64,2;59,4;48,0;
00:01:32,662;59,4;59,4;30,6;69,1;63,6;59,4;47,9;
00:01:32,675;59,4;59,4;30,8;68,8;64,1;59,4;47,9;
00:01:32,687;59,5;59,5;30,6;69,0;63,9;59,5;48,2;
00:01:32,700;59,7;59,7;30,8;68,9;64,0;59,7;48,1;
00:01:32,712;59,8;59,8;30,6;69,1;63,8;59,8;47,8;
00:01:32,725;59,5;59,5;31,0;69,2;64,2;59,5;48,0;
00:01:32,737;59,5;59,5;30,5;69,3;63,5;59,5;47,9;
00:01:32,750;59,8;59,8;30,6;68,9;64,0;59,8;48,0;
00:01:32,762;59,6;59,6;30,8;69,0;64,0;59,6;48,3;
00:01:32,775;59,7;59,7;30,4;68,9;63,5;59,7;48,2;
00:01:32,787;59,1;59,1;30,7;68,9;63,9;59,1;48,2;
00:01:32,800;59,7;59,7;30,7;69,5;63,8;59,7;48,0;
00:01:32,812;59,4;59,4;30,8;69,3;64,0;59,4;47,8;
00:01:32,825;59,5;59,5;30,8;69,3;64,1;59,5;47,9;
00:01:32,837;59,5;59,5;30,4;68,9;63,9;59,5;48,0;
00:01:32,850;59,6;59,6;30,6;69,2;63,9;59,6;48,1;
00:01:32,862;59,8;59,8;31,0;69,1;64,3;59,8;48,1;
00:01:32,875;59,5;59,5;30,8;69,1;64,2;59,5;48,3;
00:01:32,887;59,2;59,2;30,7;69,1;64,3;59,2;47,9;
00:01:32,900;59,6;59,6;30,6;69,5;63,8;59,6;47,8;
00:01:32,912;59,5;59,5;30,8;69,2;63,9;59,5;48,1;
00:01:32,925;60,0;60,0;30,6;69,0;64,0;60,0;48,2;
00:01:32,937;59,2;59,2;30,6;68,9;63,9;59,2;48,0;
00:01:32,950;59,8;59,8;30,6;69,2;63,9;59,8;48,3;
00:01:32,962;59,4;59,4;30,6;69,0;63,8;59,4;48,0;
00:01:32,975;59,7;59,7;30,8;69,2;64,1;59,7;47,9;
00:01:32,987;59,3;59,3;30,6;69,0;64,0;59,3;48,2;
00:01:33,000;59,4;59,4;30,7;68,9;64,2;59,4;48,3;
00:01:33,012;59,4;59,4;30,7;69,4;63,8;59,4;47,9;
00:01:33,025;59,8;59,8;30,6;69,1;63,9;59,8;48,0;
00:01:33,037;59,8;59,8;30,7;68,9;64,2;59,8;48,0;
00:01:33,050;59,8;59,8;30,8;69,1;64,3;59,8;48,2;
00:01:33,062;59,8;59,8;30,7;69,0;64,2;59,8;48,2;
00:01:33,075;59,9;59,9;30,8;69,0;63,9;59,9;48,2;
00:01:33,087;59,5;59,5;30,9;69,1;64,0;59,5;48,0;
00:01:33,100;59,7;59,7;30,8;69,3;63,8;59,7;47,9;
00:01:33,112;59,8;59,8;30,7;68,8;64,2;59,8;48,0;
00:01:33,125;59,6;59,6;30,7;68,8;63,8;59,6;48,2;
00:01:33,137;59,9;59,9;30,8;69,3;64,3;59,9;48,0;
00:01:33,150;59,7;59,7;30,8;69,1;63,9;59,7;48,0;
00:01:33,162;59,5;59,5;30,7;69,3;64,0;59,5;47,9;
00:01:33,175;59,8;59,8;30,6;69,3;64,0;59,8;48,2;
00:01:33,187;59,6;59,6;30,7;69,1;64,5;59,6;48,3;
00:01:33,200;59,7;59,7;30,8;69,3;64,6;59,7;48,3;
00:01:33,212;59,8;59,8;30,9;69,2;64,4;59,8;48,1;
00:01:33,225;59,8;59,8;31,0;69,3;63,9;59,8;48,2;
00:01:33,237;59,9;59,9;30,8;69,3;64,0;59,9;48,0;
00:01:33,250;59,6;59,6;30,6;69,3;63,9;59,6;47,8;
00:01:33,262;59,3;59,3;31,0;69,3;64,6;59,3;48,2;
00:01:33,275;59,7;59,7;30,6;68,8;64,1;59,7;48,0;
00:01:33,287;59,6;59,6;30,4;69,1;63,9;59,6;48,1;
00:01:33,300;59,6;59,6;30,7;69,0;64,3;59,6;48,0;
00:01:33,312;60,0;60,0;30,6;69,2;64,2;60,0;48,3;
00:01:33,325;59,7;59,7;30,8;69,3;64,0;59,7;48,3;
00:01:33,337;59,4;59,4;30,6;69,3;63,8;59,4;48,1;
00:01:33,350;59,6;59,6;30,5;69,2;64,2;59,6;48,0;
00:01:33,362;59,5;59,5;30,6;69,4;63,9;59,5;48,3;
00:01:33,375;59,9;59,9;30,5;69,5;64,0;59,9;48,3;
00:01:33,387;59,8;59,8;30,6;69,1;64,0;59,8;48,1;
00:01:33,400;59,8;59,8;30,7;69,1;64,1;59,8;48,1;
00:01:33,412;59,5;59,5;30,6;69,2;64,2;59,5;48,3;
00:01:33,425;59,5;59,5;30,6;69,1;64,0;59,5;48,0;
00:01:33,437;59,8;59,8;30,5;68,8;63,9;59,8;48,2;
00:01:33,450;59,3;59,3;30,6;68,9;63,8;59,3;48,3;
00:01:33,462;59,6;59,6;30,7;69,3;64,2;59,6;48,0;
00:01:33,475;59,5;59,5;30,6;68,9;63,8;59,5;48,0;
00:01:33,487;59,5;59,5;30,5;68,9;64,1;59,5;48,2;
00:01:33,500;59,3;59,3;30,4;69,3;63,8;59,3;48,0;
00:01:33,512;60,0;60,0;30,7;69,1;63,9;60,0;47,9;
00:01:33,525;60,1;60,1;30,7;69,1;63,9;60,1;47,9;
00:01:33,537;59,7;59,7;30,5;68,9;63,7;59,7;48,0;
00:01:33,550;59,5;59,5;30,5;69,1;63,8;59,5;48,0;
00:01:33,562;59,7;59,7;30,7;68,9;64,2;59,7;47,9;
00:01:33,575;59,4;59,4;30,5;69,1;64,2;59,4;47,8;
00:01:33,587;59,5;59,5;30,5;69,1;64,2;59,5;48,0;
00:01:33,600;59,6;59,6;30,6;68,9;63,8;59,6;48,3;
00:01:33,612;59,6;59,6;30,8;69,0;63,6;59,6;48,0;
00:01:33,625;59,7;59,7;30,6;69,1;63,8;59,7;48,2;
00:01:33,637;59,6;59,6;30,5;69,3;64,2;59,6;48,2;
00:01:33,650;59,5;59,5;30,8;69,0;64,0;59,5;47,7;
00:01:33,662;59,7;59,7;30,6;68,9;63,8;59,7;48,0;
00:01:33,675;59,6;59,6;30,6;69,3;63,9;59,6;48,0;
00:01:33,687;59,0;59,0;30,5;69,0;63,9;59,0;48,1;
00:01:33,700;59,7;59,7;30,8;68,8;63,9;59,7;48,1;
00:01:33,712;59,5;59,5;30,6;69,0;64,0;59,5;48,1;
00:01:33,725;59,7;59,7;30,6;69,2;63,8;59,7;47,9;
00:01:33,737;59,7;59,7;30,5;69,1;63,7;59,7;48,0;
00:01:33,750;59,5;59,5;30,6;69,2;64,0;59,5;48,0;
00:01:33,762;59,7;59,7;30,5;68,8;64,1;59,7;48,1;
00:01:33,775;59,7;59,7;30,6;69,2;63,9;59,7;47,8;
00:01:33,787;59,4;59,4;30,4;68,9;64,0;59,4;48,0;
00:01:33,800;59,7;59,7;30,6;69,2;63,8;59,7;47,9;
00:01:33,812;59,5;59,5;30,6;68,8;64,2;59,5;47,9;
00:01:33,825;59,5;59,5;30,4;69,0;64,1;59,5;48,3;
00:01:33,837;59,4;59,4;30,6;69,1;63,9;59,4;48,0;
00:01:33,850;59,6;59,6;30,5;68,8;64,0;59,6;48,0;
00:01:33,862;60,0;60,0;30,6;69,0;63,8;60,0;47,8;
00:01:33,875;59,6;59,6;30,4;69,0;64,3;59,6;47,8;
00:01:33,887;59,5;59,5;30,4;68,7;63,8;59,5;48,1;
00:01:33,900;59,9;59,9;30,3;69,0;64,1;59,9;48,1;
00:01:33,912;59,8;59,8;30,3;69,0;63,9;59,8;48,0;
00:01:33,925;59,8;59,8;30,6;69,0;64,4;59,8;48,0;
00:01:33,937;59,5;59,5;30,6;68,7;63,8;59,5;48,0;
00:01:33,950;59,7;59,7;30,5;69,1;64,3;59,7;48,0;
00:01:33,962;59,4;59,4;30,7;68,9;63,9;59,4;47,8;
00:01:33,975;59,3;59,3;30,7;68,9;63,9;59,3;48,0;
00:01:33,987;59,7;59,7;30,5;69,1;63,9;59,7;48,5;
00:01:34,000;59,6;59,6;30,8;69,0;63,7;59,6;48,0;
00:01:34,012;59,3;59,3;30,6;69,0;63,8;59,3;47,9;
00:01:34,025;59,4;59,4;30,3;68,9;64,0;59,4;48,0;
00:01:34,037;59,5;59,5;30,6;68,9;64,2;59,5;47,8;
00:01:34,050;59,5;59,5;30,6;69,1;64,0;59,5;47,9;
00:01:34,062;59,5;59,5;30,6;69,1;63,9;59,5;48,2;
00:01:34,075;59,4;59,4;30,7;69,0;64,2;59,4;48,0;
00:01:34,087;60,1;60,1;30,6;69,3;63,8;60,1;48,0;
00:01:34,100;59,3;59,3;30,7;69,1;63,9;59,3;48,1;
00:01:34,112;59,6;59,6;30,7;68,9;64,3;59,6;47,9;
00:01:34,125;59,7;59,7;30,6;69,0;64,0;59,7;48,2;
00:01:34,137;59,6;59,6;30,5;69,5;63,9;59,6;48,0;
00:01:34,150;60,0;60,0;30,6;68,8;64,2;60,0;47,8;
00:01:34,162;59,7;59,7;30,8;69,1;64,0;59,7;48,2;
00:01:34,175;59,8;59,8;30,6;69,1;64,2;59,8;47,9;
00:01:34,187;59,5;59,5;30,8;69,0;64,1;59,5;48,0;
00:01:34,200;59,8;59,8;30,7;68,9;64,2;59,8;48,5;
00:01:34,212;59,8;59,8;30,8;69,0;64,2;59,8;48,2;
00:01:34,225;59,7;59,7;30,8;69,0;64,3;59,7;48,5;
00:01:34,237;59,7;59,7;30,6;69,4;63,9;59,7;48,2;
00:01:34,250;59,7;59,7;30,6;69,2;64,2;59,7;48,1;
00:01:34,262;59,5;59,5;30,7;69,3;64,2;59,5;48,1;
00:01:34,275;59,5;59,5;30,8;69,5;64,2;59,5;47,9;
00:01:34,287;59,5;59,5;30,6;69,0;64,2;59,5;48,4;
00:01:34,300;59,8;59,8;30,6;69,3;64,0;59,8;48,0;
00:01:34,312;59,8;59,8;30,6;69,2;63,9;59,8;48,0;
00:01:34,325;59,9;59,9;30,6;68,8;64,2;59,9;48,5;
00:01:34,337;59,3;59,3;30,4;69,4;64,3;59,3;48,0;
00:01:34,350;59,4;59,4;30,5;69,4;63,8;59,4;48,2;
00:01:34,362;60,0;60,0;30,4;68,9;63,9;60,0;47,9;
00:01:34,375;59,4;59,4;30,3;69,1;64,3;59,4;48,2;
00:01:34,387;59,2;59,2;30,4;69,1;64,2;59,2;48,3;
00:01:34,400;59,4;59,4;30,7;69,0;64,2;59,4;47,9;
00:01:34,412;59,8;59,8;30,4;69,3;63,7;59,8;48,1;
00:01:34,425;59,8;59,8;30,6;69,5;64,2;59,8;47,9;
00:01:34,437;59,6;59,6;30,6;69,0;64,0;59,6;48,0;
00:01:34,450;60,1;60,1;30,9;68,7;63,9;60,1;48,0;
00:01:34,462;59,6;59,6;30,7;69,2;64,1;59,6;48,5;
00:01:34,475;59,7;59,7;30,5;69,1;64,1;59,7;48,3;
00:01:34,487;59,8;59,8;30,7;69,1;64,0;59,8;48,1;
00:01:34,500;59,9;59,9;30,7;68,9;64,4;59,9;48,1;
00:01:34,512;59,7;59,7;30,8;69,2;63,9;59,7;48,2;
00:01:34,525;59,3;59,3;30,8;69,2;64,2;59,3;47,8;
00:01:34,537;59,9;59,9;30,8;69,1;63,9;59,9;48,1;
00:01:34,550;59,8;59,8;30,3;69,0;64,3;59,8;48,0;
00:01:34,562;59,8;59,8;30,9;69,3;64,5;59,8;48,5;
00:01:34,575;59,6;59,6;30,6;69,3;63,9;59,6;48,2;
00:01:34,587;59,8;59,8;30,7;69,4;63,9;59,8;48,3;
00:01:34,600;59,3;59,3;31,1;69,3;64,0;59,3;48,1;
00:01:34,612;59,4;59,4;30,6;69,0;64,0;59,4;48,0;
00:01:34,625;59,5;59,5;30,7;69,1;64,1;59,5;48,0;
00:01:34,637;59,8;59,8;30,6;69,3;64,0;59,8;48,2;
00:01:34,650;59,3;59,3;30,6;69,0;64,2;59,3;48,0;
00:01:34,662;60,0;60,0;30,4;69,0;64,0;60,0;48,3;
00:01:34,675;59,5;59,5;30,6;69,4;64,3;59,5;48,0;
00:01:34,687;59,7;59,7;30,6;69,0;64,2;59,7;48,1;
00:01:34,700;59,7;59,7;30,4;69,0;63,9;59,7;48,2;
00:01:34,712;59,6;59,6;30,5;68,9;64,1;59,6;48,0;
00:01:34,725;59,4;59,4;30,4;68,7;64,0;59,4;48,2;
00:01:34,737;59,5;59,5;30,6;69,3;64,2;59,5;48,0;
00:01:34,750;59,7;59,7;30,4;69,3;63,9;59,7;47,8;
00:01:34,762;59,7;59,7;30,5;68,9;64,3;59,7;48,1;
00:01:34,775;59,3;59,3;30,6;69,1;64,2;59,3;47,9;
00:01:34,787;59,6;59,6;30,6;69,3;64,0;59,6;48,0;
00:01:34,800;60,1;60,1;30,5;69,1;64,4;60,1;47,8;
00:01:34,812;59,5;59,5;30,7;69,1;64,3;59,5;48,2;
00:01:34,825;59,7;59,7;30,5;69,3;64,2;59,7;48,3;
00:01:34,837;60,0;60,0;30,6;69,2;63,9;60,0;48,1;
00:01:34,850;59,8;59,8;30,8;69,1;64,1;59,8;48,1;
00:01:34,862;59,7;59,7;30,8;69,4;64,1;59,7;48,2;
00:01:34,875;59,8;59,8;30,6;69,3;64,3;59,8;48,3;
00:01:34,887;59,5;59,5;30,6;69,0;63,9;59,5;48,0;
00:01:34,900;59,7;59,7;30,6;69,1;64,0;59,7;48,0;
00:01:34,912;59,8;59,8;30,9;69,0;64,2;59,8;48,3;
00:01:34,925;59,9;59,9;30,9;69,1;64,3;59,9;47,9;
00:01:34,937;59,7;59,7;30,6;69,3;64,0;59,7;48,1;
00:01:34,950;59,8;59,8;30,8;68,9;63,9;59,8;48,2;
00:01:34,962;59,7;59,7;30,9;69,0;64,3;59,7;48,2;
00:01:34,975;59,8;59,8;30,6;68,8;64,0;59,8;48,2;
00:01:34,987;60,0;60,0;30,7;69,4;64,5;60,0;48,0;
00:01:35,000;59,8;59,8;30,7;68,8;64,3;59,8;48,3;
00:01:35,012;59,6;59,6;30,8;69,1;64,2;59,6;48,0;
00:01:35,025;59,9;59,9;30,8;69,1;64,3;59,9;48,6;
00:01:35,037;59,7;59,7;30,6;69,1;64,4;59,7;48,2;
00:01:35,050;59,9;59,9;30,7;68,9;64,3;59,9;48,2;
00:01:35,062;59,6;59,6;30,6;68,9;64,3;59,6;48,1;
00:01:35,075;59,7;59,7;30,8;69,1;64,4;59,7;48,0;
00:01:35,087;59,2;59,2;30,8;69,3;64,1;59,2;48,1;
00:01:35,100;60,0;60,0;30,8;69,1;64,4;60,0;48,6;
00:01:35,112;59,4;59,4;30,8;69,1;64,0;59,4;48,3;
00:01:35,125;59,8;59,8;30,8;69,1;64,2;59,8;48,3;
00:01:35,137;59,8;59,8;30,8;69,2;64,3;59,8;48,5;
00:01:35,150;59,6;59,6;30,6;68,7;64,0;59,6;48,3;
00:01:35,162;59,8;59,8;30,6;69,1;64,1;59,8;48,2;
00:01:35,175;59,9;59,9;30,6;69,3;63,9;59,9;47,9;
00:01:35,187;59,4;59,4;30,6;68,9;64,1;59,4;48,3;
00:01:35,200;59,7;59,7;30,8;69,0;64,0;59,7;48,2;
00:01:35,212;59,5;59,5;30,7;69,0;64,3;59,5;48,3;
00:01:35,225;59,7;59,7;30,5;69,3;64,2;59,7;48,1;
00:01:35,237;59,7;59,7;30,6;69,0;64,2;59,7;48,4;
00:01:35,250;59,9;59,9;30,7;69,1;63,5;59,9;48,0;
00:01:35,262;59,1;59,1;30,6;68,9;64,2;59,1;48,2;
00:01:35,275;59,5;59,5;30,6;69,2;64,0;59,5;48,0;
00:01:35,287;59,8;59,8;30,6;69,0;64,2;59,8;48,0;
00:01:35,300;59,5;59,5;31,0;69,3;63,8;59,5;48,0;
00:01:35,312;59,8;59,8;30,6;68,8;64,3;59,8;47,8;
00:01:35,325;59,5;59,5;31,0;69,0;64,3;59,5;48,2;
00:01:35,337;59,4;59,4;30,6;69,4;63,9;59,4;47,9;
00:01:35,350;59,4;59,4;30,6;69,2;64,1;59,4;48,1;
00:01:35,362;59,5;59,5;30,5;69,1;64,1;59,5;48,0;
00:01:35,375;59,7;59,7;30,6;69,1;64,2;59,7;47,9;
00:01:35,387;59,4;59,4;30,6;69,4;64,3;59,4;48,3;
00:01:35,400;59,4;59,4;30,4;69,0;64,3;59,4;47,6;
00:01:35,412;59,4;59,4;30,5;69,1;64,6;59,4;47,9;
00:01:35,425;59,7;59,7;30,6;69,1;63,9;59,7;48,3;
00:01:35,437;59,8;59,8;30,6;68,9;64,1;59,8;48,2;
00:01:35,450;59,3;59,3;30,7;68,8;64,1;59,3;48,0;
00:01:35,462;59,5;59,5;30,5;69,1;64,3;59,5;48,0;
00:01:35,475;59,8;59,8;30,6;69,3;64,3;59,8;47,8;
00:01:35,487;59,7;59,7;30,6;69,1;64,2;59,7;48,5;
00:01:35,500;59,7;59,7;30,8;69,1;64,4;59,7;48,2;
00:01:35,512;59,7;59,7;30,6;69,0;64,0;59,7;48,3;
00:01:35,525;59,5;59,5;30,8;69,4;64,3;59,5;48,2;
00:01:35,537;59,6;59,6;30,7;69,1;64,5;59,6;48,2;
00:01:35,550;59,0;59,0;30,6;69,1;64,1;59,0;47,9;
00:01:35,562;59,7;59,7;30,6;69,2;64,4;59,7;48,1;
00:01:35,575;59,7;59,7;30,6;69,6;63,9;59,7;48,0;
00:01:35,587;59,4;59,4;30,6;69,3;64,3;59,4;48,2;
00:01:35,600;59,4;59,4;30,8;68,9;64,4;59,4;48,2;
00:01:35,612;59,7;59,7;30,8;69,4;64,1;59,7;47,9;
00:01:35,625;59,3;59,3;30,6;69,0;64,3;59,3;48,2;
00:01:35,637;59,4;59,4;30,4;69,0;64,1;59,4;48,1;
00:01:35,650;59,4;59,4;30,4;68,9;64,4;59,4;47,7;
00:01:35,662;59,4;59,4;30,6;69,2;64,0;59,4;48,1;
00:01:35,675;59,5;59,5;30,5;68,9;64,3;59,5;48,0;
00:01:35,687;59,7;59,7;30,6;69,6;64,1;59,7;48,1;
00:01:35,700;59,5;59,5;30,6;69,1;64,2;59,5;48,2;
00:01:35,712;60,0;60,0;30,4;69,1;64,2;60,0;48,0;
00:01:35,725;59,7;59,7;30,6;68,9;64,2;59,7;48,2;
00:01:35,737;59,3;59,3;30,7;69,0;64,2;59,3;48,3;
00:01:35,750;59,6;59,6;30,8;69,1;64,3;59,6;48,5;
00:01:35,762;59,8;59,8;30,5;69,3;63,8;59,8;48,1;
00:01:35,775;59,5;59,5;30,5;69,1;64,0;59,5;47,9;
00:01:35,787;59,5;59,5;30,7;69,1;64,1;59,5;48,2;
00:01:35,800;59,9;59,9;30,6;69,3;64,0;59,9;47,9;
00:01:35,812;59,9;59,9;30,8;69,0;64,4;59,9;48,5;
00:01:35,825;59,6;59,6;30,6;69,0;64,3;59,6;48,0;
00:01:35,837;59,4;59,4;30,6;69,0;64,2;59,4;48,0;
00:01:35,850;59,4;59,4;30,8;69,4;64,3;59,4;48,5;
00:01:35,862;60,0;60,0;30,6;69,0;64,2;60,0;48,3;
00:01:35,875;59,7;59,7;30,8;69,1;64,4;59,7;48,2;
00:01:35,887;59,6;59,6;30,6;69,3;64,6;59,6;47,9;
00:01:35,900;59,5;59,5;30,8;69,3;64,3;59,5;48,0;
00:01:35,912;60,0;60,0;30,5;69,0;64,0;60,0;48,2;
00:01:35,925;59,4;59,4;30,6;69,3;64,2;59,4;48,3;
00:01:35,937;59,5;59,5;30,6;69,1;64,2;59,5;48,5;
00:01:35,950;59,6;59,6;30,6;69,2;64,4;59,6;48,1;
00:01:35,962;59,9;59,9;30,6;69,1;64,4;59,9;48,0;
00:01:35,975;59,8;59,8;30,7;69,6;64,0;59,8;48,1;
00:01:35,987;60,0;60,0;30,5;69,2;64,3;60,0;48,3;
00:01:36,000;59,8;59,8;30,8;69,1;64,2;59,8;48,2;
00:01:36,012;59,9;59,9;30,7;68,9;64,4;59,9;48,7;
00:01:36,025;59,6;59,6;30,8;69,3;63,9;59,6;48,2;
00:01:36,037;60,1;60,1;30,8;69,1;64,3;60,1;48,0;
00:01:36,050;59,7;59,7;30,6;69,4;64,3;59,7;48,1;
00:01:36,062;59,7;59,7;30,6;69,0;64,1;59,7;48,0;
00:01:36,075;59,4;59,4;30,8;69,3;64,0;59,4;48,0;
00:01:36,087;59,7;59,7;30,6;69,1;63,9;59,7;48,1;
00:01:36,100;59,3;59,3;30,6;69,2;64,0;59,3;48,3;
00:01:36,112;59,6;59,6;30,7;69,3;64,4;59,6;48,3;
00:01:36,125;59,6;59,6;30,6;69,3;64,0;59,6;47,9;
00:01:36,137;59,7;59,7;30,5;68,9;64,3;59,7;47,9;
00:01:36,150;59,7;59,7;30,4;69,0;64,2;59,7;47,9;
00:01:36,162;59,7;59,7;30,6;69,1;64,2;59,7;47,9;
00:01:36,175;60,0;60,0;30,7;69,1;64,2;60,0;48,3;
00:01:36,187;60,0;60,0;30,8;69,0;64,2;60,0;48,3;
00:01:36,200;59,4;59,4;30,6;69,1;64,3;59,4;48,0;
00:01:36,212;59,8;59,8;30,9;69,4;64,5;59,8;48,2;
00:01:36,225;59,5;59,5;30,6;69,2;64,5;59,5;48,0;
00:01:36,237;59,5;59,5;30,6;69,3;64,2;59,5;48,7;
00:01:36,250;59,9;59,9;30,6;69,2;64,1;59,9;48,0;
00:01:36,262;59,7;59,7;30,7;69,3;64,4;59,7;48,0;
00:01:36,275;59,5;59,5;30,6;69,1;64,3;59,5;48,1;
00:01:36,287;59,7;59,7;30,7;69,1;64,2;59,7;48,0;
00:01:36,300;59,8;59,8;30,6;69,5;64,3;59,8;48,3;
00:01:36,312;59,6;59,6;30,8;69,1;64,3;59,6;48,2;
00:01:36,325;59,9;59,9;30,8;69,2;64,6;59,9;47,9;
00:01:36,337;60,0;60,0;30,7;69,1;64,4;60,0;48,2;
00:01:36,350;59,9;59,9;30,7;69,1;63,9;59,9;47,9;
00:01:36,362;59,7;59,7;30,8;69,0;64,4;59,7;48,2;
00:01:36,375;59,5;59,5;30,8;69,2;64,3;59,5;48,1;
00:01:36,387;59,5;59,5;30,6;69,3;63,9;59,5;48,0;
00:01:36,400;59,4;59,4;30,6;69,3;64,3;59,4;48,2;
00:01:36,412;59,4;59,4;30,8;69,3;64,0;59,4;48,2;
00:01:36,425;59,7;59,7;30,7;69,1;64,2;59,7;48,1;
00:01:36,437;59,7;59,7;30,6;69,1;64,3;59,7;47,9;
00:01:36,450;59,9;59,9;30,8;69,3;64,3;59,9;48,0;
00:01:36,462;59,5;59,5;30,6;69,0;64,0;59,5;48,0;
00:01:36,475;59,4;59,4;30,9;69,5;64,4;59,4;48,0;
00:01:36,487;59,6;59,6;30,6;69,1;64,5;59,6;48,2;
00:01:36,500;59,7;59,7;30,5;68,9;64,1;59,7;48,0;
00:01:36,512;59,7;59,7;30,8;69,4;64,0;59,7;48,0;
00:01:36,525;59,5;59,5;30,5;69,4;64,2;59,5;47,9;
00:01:36,537;59,4;59,4;30,6;69,1;64,0;59,4;48,2;
00:01:36,550;59,7;59,7;30,7;69,2;64,3;59,7;47,9;
00:01:36,562;59,6;59,6;30,7;69,0;64,5;59,6;48,0;
00:01:36,575;59,7;59,7;30,6;69,3;64,7;59,7;48,0;
00:01:36,587;59,8;59,8;30,6;69,4;64,2;59,8;48,2;
00:01:36,600;59,6;59,6;30,6;69,5;64,3;59,6;48,5;
00:01:36,612;59,9;59,9;30,6;68,9;64,1;59,9;48,2;
00:01:36,625;59,6;59,6;30,6;69,0;64,5;59,6;48,0;
00:01:36,637;59,7;59,7;30,8;69,2;64,2;59,7;48,5;
00:01:36,650;59,7;59,7;30,8;69,2;64,3;59,7;48,1;
00:01:36,662;59,5;59,5;30,9;69,5;64,3;59,5;48,3;
00:01:36,675;59,6;59,6;30,8;69,3;64,2;59,6;48,3;
00:01:36,687;60,0;60,0;30,8;69,0;63,8;60,0;48,3;
00:01:36,700;59,5;59,5;30,7;69,5;64,4;59,5;48,3;
00:01:36,712;60,0;60,0;30,7;69,0;64,2;60,0;48,0;
00:01:36,725;59,6;59,6;31,0;69,1;63,8;59,6;48,1;
00:01:36,737;59,8;59,8;30,6;69,0;64,3;59,8;48,0;
00:01:36,750;59,3;59,3;30,7;69,1;63,9;59,3;48,0;
00:01:36,762;59,8;59,8;30,6;69,0;63,9;59,8;48,2;
00:01:36,775;59,8;59,8;30,7;69,3;63,8;59,8;48,0;
00:01:36,787;59,4;59,4;30,5;69,1;63,8;59,4;48,0;
00:01:36,800;59,7;59,7;30,7;69,4;64,4;59,7;48,0;
00:01:36,812;59,8;59,8;30,7;69,3;64,2;59,8;48,4;
00:01:36,825;59,7;59,7;30,4;68,8;64,2;59,7;48,1;
00:01:36,837;59,7;59,7;30,7;69,2;64,2;59,7;47,9;
00:01:36,850;59,5;59,5;30,6;69,3;64,3;59,5;48,2;
00:01:36,862;60,0;60,0;30,6;69,2;64,0;60,0;48,2;
00:01:36,875;59,7;59,7;30,7;68,9;64,3;59,7;48,1;
00:01:36,887;59,5;59,5;30,6;69,1;64,3;59,5;47,9;
00:01:36,900;59,4;59,4;30,6;69,2;64,3;59,4;48,2;
00:01:36,912;59,5;59,5;30,6;69,0;64,5;59,5;48,0;
00:01:36,925;59,3;59,3;30,6;69,0;64,1;59,3;47,9;
00:01:36,937;59,7;59,7;30,8;69,3;64,2;59,7;48,2;
00:01:36,950;59,5;59,5;30,8;69,2;64,2;59,5;48,0;
00:01:36,962;59,3;59,3;30,5;69,3;64,1;59,3;48,1;
00:01:36,975;59,5;59,5;30,6;69,6;64,2;59,5;48,0;
00:01:36,987;59,7;59,7;30,5;69,4;63,8;59,7;48,0;
00:01:37,000;59,8;59,8;30,7;69,0;63,9;59,8;48,0;
00:01:37,012;59,8;59,8;30,5;69,4;64,0;59,8;48,0;
00:01:37,025;59,3;59,3;30,6;69,4;64,2;59,3;48,0;
00:01:37,037;59,7;59,7;30,4;69,2;64,2;59,7;48,0;
00:01:37,050;59,3;59,3;30,3;69,5;64,1;59,3;48,3;
00:01:37,062;59,7;59,7;30,9;69,3;64,0;59,7;48,3;
00:01:37,075;59,7;59,7;30,6;69,1;64,2;59,7;47,9;
00:01:37,087;59,7;59,7;30,6;69,2;64,3;59,7;48,2;
00:01:37,100;59,6;59,6;30,6;69,3;63,9;59,6;48,2;
00:01:37,112;59,5;59,5;30,8;69,6;64,0;59,5;48,3;
00:01:37,125;59,7;59,7;30,6;69,4;64,3;59,7;48,0;
00:01:37,137;59,8;59,8;30,6;68,9;64,2;59,8;48,0;
00:01:37,150;59,5;59,5;30,6;68,7;63,8;59,5;48,0;
00:01:37,162;59,6;59,6;30,6;69,1;64,2;59,6;48,3;
00:01:37,175;60,0;60,0;30,5;68,9;63,9;60,0;48,0;
00:01:37,187;59,7;59,7;30,6;69,0;64,2;59,7;48,2;
00:01:37,200;59,7;59,7;30,6;69,0;64,4;59,7;48,2;
00:01:37,212;59,7;59,7;30,6;68,9;64,2;59,7;48,1;
00:01:37,225;59,6;59,6;30,8;68,9;64,4;59,6;48,1;
00:01:37,237;59,6;59,6;30,8;69,2;64,0;59,6;48,0;
00:01:37,250;59,6;59,6;30,8;69,4;64,6;59,6;48,0;
00:01:37,262;59,5;59,5;30,5;69,4;64,6;59,5;48,0;
00:01:37,275;59,5;59,5;30,5;69,0;64,2;59,5;48,0;
00:01:37,287;60,1;60,1;30,8;68,9;64,1;60,1;48,6;
00:01:37,300;59,4;59,4;30,7;69,0;64,1;59,4;48,0;
00:01:37,312;60,1;60,1;31,2;68,8;63,9;60,1;47,9;
00:01:37,325;60,0;60,0;30,4;69,0;64,0;60,0;47,8;
00:01:37,337;60,0;60,0;30,6;69,4;64,5;60,0;48,3;
00:01:37,350;59,7;59,7;30,6;68,9;64,2;59,7;48,0;
00:01:37,362;59,8;59,8;30,6;69,1;64,2;59,8;48,0;
00:01:37,375;59,7;59,7;30,7;68,9;64,3;59,7;48,0;
00:01:37,387;59,7;59,7;30,7;69,5;64,2;59,7;48,2;
00:01:37,400;59,8;59,8;30,7;69,1;63,8;59,8;48,2;
00:01:37,412;59,7;59,7;30,8;69,0;64,3;59,7;47,9;
00:01:37,425;59,4;59,4;30,5;69,2;64,2;59,4;48,5;
00:01:37,437;59,5;59,5;30,6;69,0;64,3;59,5;48,3;
00:01:37,450;59,8;59,8;30,4;69,3;64,0;59,8;48,1;
00:01:37,462;59,6;59,6;30,6;69,1;64,0;59,6;48,2;
00:01:37,475;59,1;59,1;30,5;69,0;64,2;59,1;48,0;
---------------------------------
End of File
